
================================================================================
Optuna 超参数优化 - RL Teacher PPO
================================================================================
GPU ID:           0
试验次数:         40
每次训练步数:     250,000,000
数据库:           sqlite:///optuna/hpo_teacher_reproduce_trial_03.db
Study名称:        teacher_reproduce_trial_03
加载已有study:    True
================================================================================

[I 2025-11-25 19:18:21,858] A new study created in RDB with name: teacher_reproduce_trial_03
Study状态: 已加载

开始优化...

  0%|          | 0/40 [00:00<?, ?it/s]
================================================================================
[Optuna Trial 0] 开始训练
================================================================================
试验参数:
  learning_rate                  = 0.00023688639503640813
  weight_decay                   = 4.618710939004917e-05
  gamma                          = 0.985
  tau                            = 0.95
  e_clip                         = 0.2
  entropy_coef                   = 0.00778936896513396
  critic_coef                    = 0.5
  kl_threshold                   = 0.03917022549267169
  mini_epochs                    = 6
  minibatch_size                 = 8192
  grad_norm                      = 0.5
  angvelClipMin                  = -0.2900914470118925
  angvelClipMax                  = 0.6824279936868144
  angvelPenaltyThresHigh         = 0.8925879806965068
  angvelPenaltyThresLow          = -0.7400978653524921
  rotate_reward_scale            = 1.7713516576204174
  obj_linvel_penalty_scale       = -0.11113781467069363
  torque_penalty_scale           = -0.03860648761840007
  hand_pose_consistency_penalty_scale = -0.029622757404928084
  rotate_penalty_scale           = -0.08294758763127086
  pencil_z_dist_penalty_scale    = -1.9349484070147205
  position_penalty_scale         = -0.11022289254933335
输出目录: outputs/teacher_reproduce_trial_03/optuna_trial_0000
================================================================================


特权信息 (Privileged Information) 维度配置:
================================================================================
名称                             索引范围            维度       状态
--------------------------------------------------------------------------------
obj_position                   [ 0: 3]         3        [固定]
obj_scale                      [ 3: 4]         1        [固定]
obj_mass                       [ 4: 5]         1        [固定]
obj_friction                   [ 5: 6]         1        [固定]
obj_com                        [ 6: 9]         3        [固定]
--------------------------------------------------------------------------------
obj_orientation                [ 9:13]         4        ✓
obj_angvel                     [13:16]         3        ✓
fingertip_position             [16:31]         15       ✓
obj_restitution                [31:32]         1        ✓
tactile                        [32:47]         15       ✓
--------------------------------------------------------------------------------
总计: 10 项启用, 实际维度 = 47, 缓冲区大小 = 47
================================================================================

RunningMeanStd:  (126,)
RunningMeanStd:  47
RunningMeanStd:  3
RunningMeanStd:  (1,)
-----------------------
episode rewards: 28.07 | episode lengths: 51.05
episode rot angle(rad): 1.70
epsode sparse reward: 0.00
success rate (rot>6): 0.0000 (0/1787)
best success rate: 0.0000
Terminations: Fall=351 | Drop=1229 | Overspeed=207
Agent Steps: 0009M | FPS: 49269.0 | Last FPS: 49073.8 | Collect Time: 2.6 min | Train RL Time: 0.8 min | Current Best: -10000.00
-----------------------
episode rewards: 41.78 | episode lengths: 69.39
episode rot angle(rad): 2.40
epsode sparse reward: 0.00
success rate (rot>6): 0.0000 (0/1350)
best success rate: 0.0000
Terminations: Fall=237 | Drop=937 | Overspeed=176
Agent Steps: 0019M | FPS: 49220.3 | Last FPS: 48517.5 | Collect Time: 5.1 min | Train RL Time: 1.5 min | Current Best: -10000.00
-----------------------
episode rewards: 48.10 | episode lengths: 79.10
episode rot angle(rad): 2.70
epsode sparse reward: 0.00
success rate (rot>6): 0.0000 (0/1191)
best success rate: 0.0000
Terminations: Fall=170 | Drop=891 | Overspeed=130
Agent Steps: 0029M | FPS: 49132.9 | Last FPS: 48581.1 | Collect Time: 7.7 min | Train RL Time: 2.3 min | Current Best: -10000.00
-----------------------
episode rewards: 52.01 | episode lengths: 85.35
episode rot angle(rad): 2.94
epsode sparse reward: 0.00
success rate (rot>6): 0.0000 (0/1210)
best success rate: 0.0000
Terminations: Fall=200 | Drop=883 | Overspeed=127
Agent Steps: 0039M | FPS: 48998.8 | Last FPS: 47162.6 | Collect Time: 10.3 min | Train RL Time: 3.1 min | Current Best: -10000.00
-----------------------
episode rewards: 54.10 | episode lengths: 88.66
episode rot angle(rad): 3.10
epsode sparse reward: 0.00
success rate (rot>6): 0.0000 (0/1115)
best success rate: 0.0009
Terminations: Fall=169 | Drop=811 | Overspeed=135
Agent Steps: 0049M | FPS: 49014.5 | Last FPS: 49406.0 | Collect Time: 12.9 min | Train RL Time: 3.8 min | Current Best: -10000.00
-----------------------
episode rewards: 59.16 | episode lengths: 101.93
episode rot angle(rad): 3.36
epsode sparse reward: 0.00
success rate (rot>6): 0.0155 (14/901)
best success rate: 0.0155
Terminations: Fall=169 | Drop=605 | Overspeed=119
Agent Steps: 0059M | FPS: 48980.3 | Last FPS: 49415.7 | Collect Time: 15.4 min | Train RL Time: 4.6 min | Current Best: 59.23
-----------------------
episode rewards: 75.10 | episode lengths: 146.21
episode rot angle(rad): 4.27
epsode sparse reward: 0.00
success rate (rot>6): 0.1285 (73/568)
best success rate: 0.1285
Terminations: Fall=126 | Drop=250 | Overspeed=101
Agent Steps: 0068M | FPS: 48967.0 | Last FPS: 48806.8 | Collect Time: 18.0 min | Train RL Time: 5.4 min | Current Best: 74.75
-----------------------
episode rewards: 100.23 | episode lengths: 192.70
episode rot angle(rad): 5.70
epsode sparse reward: 0.00
success rate (rot>6): 0.2763 (126/456)
best success rate: 0.2934
Terminations: Fall=103 | Drop=144 | Overspeed=85
Agent Steps: 0078M | FPS: 49008.6 | Last FPS: 49925.0 | Collect Time: 20.6 min | Train RL Time: 6.1 min | Current Best: 99.96
-----------------------
episode rewards: 125.31 | episode lengths: 224.68
episode rot angle(rad): 7.25
epsode sparse reward: 0.00
success rate (rot>6): 0.4231 (187/442)
best success rate: 0.5125
Terminations: Fall=80 | Drop=94 | Overspeed=81
Agent Steps: 0088M | FPS: 49038.6 | Last FPS: 48254.2 | Collect Time: 23.1 min | Train RL Time: 6.9 min | Current Best: 125.18
-----------------------
episode rewards: 138.03 | episode lengths: 234.13
episode rot angle(rad): 8.10
epsode sparse reward: 0.00
success rate (rot>6): 0.4973 (182/366)
best success rate: 0.5405
Terminations: Fall=65 | Drop=75 | Overspeed=65
Agent Steps: 0098M | FPS: 49102.5 | Last FPS: 50086.5 | Collect Time: 25.6 min | Train RL Time: 7.7 min | Current Best: 137.88
-----------------------
episode rewards: 147.14 | episode lengths: 239.65
episode rot angle(rad): 8.65
epsode sparse reward: 0.00
success rate (rot>6): 0.4917 (208/423)
best success rate: 0.5570
Terminations: Fall=82 | Drop=61 | Overspeed=83
Agent Steps: 0108M | FPS: 49183.0 | Last FPS: 49769.7 | Collect Time: 28.1 min | Train RL Time: 8.5 min | Current Best: 147.21
-----------------------
episode rewards: 157.30 | episode lengths: 249.15
episode rot angle(rad): 9.14
epsode sparse reward: 0.00
success rate (rot>6): 0.5360 (201/375)
best success rate: 0.6074
Terminations: Fall=78 | Drop=53 | Overspeed=57
Agent Steps: 0118M | FPS: 49268.2 | Last FPS: 49459.2 | Collect Time: 30.6 min | Train RL Time: 9.2 min | Current Best: 157.28
-----------------------
episode rewards: 163.44 | episode lengths: 254.40
episode rot angle(rad): 9.35
epsode sparse reward: 0.00
success rate (rot>6): 0.5952 (200/336)
best success rate: 0.6150
Terminations: Fall=55 | Drop=53 | Overspeed=49
Agent Steps: 0127M | FPS: 49346.9 | Last FPS: 51411.6 | Collect Time: 33.1 min | Train RL Time: 10.0 min | Current Best: 163.31
-----------------------
episode rewards: 170.00 | episode lengths: 259.92
episode rot angle(rad): 9.68
epsode sparse reward: 0.00
success rate (rot>6): 0.6201 (222/358)
best success rate: 0.6435
Terminations: Fall=61 | Drop=44 | Overspeed=52
Agent Steps: 0137M | FPS: 49428.9 | Last FPS: 50552.8 | Collect Time: 35.6 min | Train RL Time: 10.8 min | Current Best: 170.35
-----------------------
episode rewards: 178.21 | episode lengths: 266.18
episode rot angle(rad): 10.15
epsode sparse reward: 0.00
success rate (rot>6): 0.6297 (216/343)
best success rate: 0.6850
Terminations: Fall=51 | Drop=46 | Overspeed=46
Agent Steps: 0147M | FPS: 49516.6 | Last FPS: 50304.3 | Collect Time: 38.0 min | Train RL Time: 11.5 min | Current Best: 178.12
-----------------------
episode rewards: 182.03 | episode lengths: 268.50
episode rot angle(rad): 10.32
epsode sparse reward: 0.00
success rate (rot>6): 0.6445 (223/346)
best success rate: 0.7020
Terminations: Fall=61 | Drop=42 | Overspeed=47
Agent Steps: 0157M | FPS: 49605.2 | Last FPS: 52004.6 | Collect Time: 40.4 min | Train RL Time: 12.3 min | Current Best: 182.18
-----------------------
episode rewards: 183.61 | episode lengths: 267.16
episode rot angle(rad): 10.47
epsode sparse reward: 0.00
success rate (rot>6): 0.6114 (236/386)
best success rate: 0.7020
Terminations: Fall=80 | Drop=40 | Overspeed=57
Agent Steps: 0167M | FPS: 49694.6 | Last FPS: 51544.3 | Collect Time: 42.9 min | Train RL Time: 13.1 min | Current Best: 184.48
-----------------------
episode rewards: 187.01 | episode lengths: 268.39
episode rot angle(rad): 10.79
epsode sparse reward: 0.00
success rate (rot>6): 0.5861 (211/360)
best success rate: 0.7020
Terminations: Fall=57 | Drop=45 | Overspeed=55
Agent Steps: 0177M | FPS: 49765.5 | Last FPS: 51174.9 | Collect Time: 45.3 min | Train RL Time: 13.8 min | Current Best: 187.32
-----------------------
episode rewards: 190.25 | episode lengths: 270.21
episode rot angle(rad): 10.98
epsode sparse reward: 0.00
success rate (rot>6): 0.6441 (228/354)
best success rate: 0.7020
Terminations: Fall=59 | Drop=46 | Overspeed=42
Agent Steps: 0186M | FPS: 49838.5 | Last FPS: 51589.7 | Collect Time: 47.7 min | Train RL Time: 14.6 min | Current Best: 190.18
-----------------------
episode rewards: 193.34 | episode lengths: 271.71
episode rot angle(rad): 11.15
epsode sparse reward: 0.00
success rate (rot>6): 0.6532 (226/346)
best success rate: 0.7057
Terminations: Fall=51 | Drop=38 | Overspeed=53
Agent Steps: 0196M | FPS: 49897.8 | Last FPS: 50777.9 | Collect Time: 50.2 min | Train RL Time: 15.4 min | Current Best: 193.40
-----------------------
episode rewards: 194.57 | episode lengths: 271.03
episode rot angle(rad): 11.26
epsode sparse reward: 0.00
success rate (rot>6): 0.6176 (210/340)
best success rate: 0.7083
Terminations: Fall=51 | Drop=34 | Overspeed=55
Agent Steps: 0206M | FPS: 49961.8 | Last FPS: 51084.3 | Collect Time: 52.6 min | Train RL Time: 16.1 min | Current Best: 195.29
-----------------------
episode rewards: 195.81 | episode lengths: 270.50
episode rot angle(rad): 11.45
epsode sparse reward: 0.00
success rate (rot>6): 0.5914 (207/350)
best success rate: 0.7083
Terminations: Fall=50 | Drop=45 | Overspeed=59
Agent Steps: 0216M | FPS: 50030.7 | Last FPS: 50256.0 | Collect Time: 55.0 min | Train RL Time: 16.9 min | Current Best: 196.68
-----------------------
episode rewards: 194.28 | episode lengths: 267.83
episode rot angle(rad): 11.33
epsode sparse reward: 0.00
success rate (rot>6): 0.5768 (199/345)
best success rate: 0.7083
Terminations: Fall=69 | Drop=41 | Overspeed=50
Agent Steps: 0226M | FPS: 50088.2 | Last FPS: 52316.4 | Collect Time: 57.4 min | Train RL Time: 17.7 min | Current Best: 196.68
-----------------------
episode rewards: 196.27 | episode lengths: 269.98
episode rot angle(rad): 11.46
epsode sparse reward: 0.00
success rate (rot>6): 0.5792 (223/385)
best success rate: 0.7104
Terminations: Fall=75 | Drop=38 | Overspeed=64
Agent Steps: 0236M | FPS: 50137.4 | Last FPS: 51465.2 | Collect Time: 59.8 min | Train RL Time: 18.4 min | Current Best: 197.04
-----------------------
episode rewards: 195.23 | episode lengths: 268.07
episode rot angle(rad): 11.47
epsode sparse reward: 0.00
success rate (rot>6): 0.6098 (211/346)
best success rate: 0.7104
Terminations: Fall=61 | Drop=26 | Overspeed=60
Agent Steps: 0245M | FPS: 50191.2 | Last FPS: 51682.3 | Collect Time: 62.2 min | Train RL Time: 19.2 min | Current Best: 197.04
max steps achieved
Final best reward: 197.04
Final success rate: 0.7215
Final mean rotation angle (rad): 11.4964

OPTUNA_METRICS: reward=197.0439 success_rate=0.7215 mean_rot_angle=11.4964


训练指标:
  Best Reward:         197.0439
  Success Rate:        0.7215
  Mean Rot Angle(rad): 11.4964
  Composite Score:     1418.83
    = 1.0×197.04 + 100.0×0.7215 + 100.0×11.4964

================================================================================
[Optuna Trial 0] 训练完成
================================================================================

                                      [I 2025-11-25 20:41:30,195] Trial 0 finished with value: 1418.8338999999999 and parameters: {'learning_rate': 0.00023688639503640813, 'weight_decay': 4.618710939004917e-05, 'gamma': 0.985, 'tau': 0.95, 'e_clip': 0.2, 'entropy_coef': 0.00778936896513396, 'critic_coef': 0.5, 'kl_threshold': 0.03917022549267169, 'mini_epochs': 6, 'minibatch_size': 8192, 'grad_norm': 0.5, 'angvelClipMin': -0.2900914470118925, 'angvelClipMax': 0.6824279936868144, 'angvelPenaltyThresHigh': 0.8925879806965068, 'angvelPenaltyThresLow': -0.7400978653524921, 'rotate_reward_scale': 1.7713516576204174, 'obj_linvel_penalty_scale': -0.11113781467069363, 'torque_penalty_scale': -0.03860648761840007, 'hand_pose_consistency_penalty_scale': -0.029622757404928084, 'rotate_penalty_scale': -0.08294758763127086, 'pencil_z_dist_penalty_scale': -1.9349484070147205, 'position_penalty_scale': -0.11022289254933335}. Best is trial 0 with value: 1418.8338999999999.
  0%|          | 0/40 [1:23:08<?, ?it/s]Best trial: 0. Best value: 1418.83:   0%|          | 0/40 [1:23:08<?, ?it/s]Best trial: 0. Best value: 1418.83:   2%|▎         | 1/40 [1:23:08<54:02:25, 4988.34s/it]
================================================================================
[Optuna Trial 1] 开始训练
================================================================================
试验参数:
  learning_rate                  = 0.0009239150319627245
  weight_decay                   = 3.67320780046205e-05
  gamma                          = 0.992
  tau                            = 0.95
  e_clip                         = 0.2
  entropy_coef                   = 0.005637655990477874
  critic_coef                    = 2.0
  kl_threshold                   = 0.03924272277627635
  mini_epochs                    = 10
  minibatch_size                 = 16384
  grad_norm                      = 1.0
  angvelClipMin                  = -0.34120514127425644
  angvelClipMax                  = 0.5180909155642153
  angvelPenaltyThresHigh         = 0.6626651653816322
  angvelPenaltyThresLow          = -0.6833968130931554
  rotate_reward_scale            = 1.407023547660844
  obj_linvel_penalty_scale       = -0.0756893736272106
  torque_penalty_scale           = -0.029297400199192324
  hand_pose_consistency_penalty_scale = -0.04595327451563096
  rotate_penalty_scale           = -0.045730391684175156
  pencil_z_dist_penalty_scale    = -1.8590757750252374
  position_penalty_scale         = -0.13956060384919206
输出目录: outputs/teacher_reproduce_trial_03/optuna_trial_0001
================================================================================


特权信息 (Privileged Information) 维度配置:
================================================================================
名称                             索引范围            维度       状态
--------------------------------------------------------------------------------
obj_position                   [ 0: 3]         3        [固定]
obj_scale                      [ 3: 4]         1        [固定]
obj_mass                       [ 4: 5]         1        [固定]
obj_friction                   [ 5: 6]         1        [固定]
obj_com                        [ 6: 9]         3        [固定]
--------------------------------------------------------------------------------
obj_orientation                [ 9:13]         4        ✓
obj_angvel                     [13:16]         3        ✓
fingertip_position             [16:31]         15       ✓
obj_restitution                [31:32]         1        ✓
tactile                        [32:47]         15       ✓
--------------------------------------------------------------------------------
总计: 10 项启用, 实际维度 = 47, 缓冲区大小 = 47
================================================================================

RunningMeanStd:  (126,)
RunningMeanStd:  47
RunningMeanStd:  3
RunningMeanStd:  (1,)
-----------------------
episode rewards: 19.31 | episode lengths: 62.81
episode rot angle(rad): 1.84
epsode sparse reward: 0.00
success rate (rot>6): 0.0000 (0/1523)
best success rate: 0.0000
Terminations: Fall=261 | Drop=902 | Overspeed=360
Agent Steps: 0009M | FPS: 44395.4 | Last FPS: 44150.4 | Collect Time: 2.5 min | Train RL Time: 1.2 min | Current Best: -10000.00
-----------------------
episode rewards: 28.49 | episode lengths: 88.44
episode rot angle(rad): 2.17
epsode sparse reward: 0.00
success rate (rot>6): 0.0000 (0/1047)
best success rate: 0.0000
Terminations: Fall=161 | Drop=651 | Overspeed=235
Agent Steps: 0019M | FPS: 44320.2 | Last FPS: 43938.5 | Collect Time: 5.1 min | Train RL Time: 2.3 min | Current Best: -10000.00
-----------------------
episode rewards: 31.86 | episode lengths: 93.90
episode rot angle(rad): 2.29
epsode sparse reward: 0.00
success rate (rot>6): 0.0000 (0/1063)
best success rate: 0.0000
Terminations: Fall=162 | Drop=671 | Overspeed=230
Agent Steps: 0029M | FPS: 44393.9 | Last FPS: 44411.2 | Collect Time: 7.6 min | Train RL Time: 3.5 min | Current Best: -10000.00
-----------------------
episode rewards: 35.07 | episode lengths: 107.78
episode rot angle(rad): 2.50
epsode sparse reward: 0.00
success rate (rot>6): 0.0332 (23/692)
best success rate: 0.0332
Terminations: Fall=99 | Drop=411 | Overspeed=149
Agent Steps: 0039M | FPS: 44356.5 | Last FPS: 44056.7 | Collect Time: 10.1 min | Train RL Time: 4.7 min | Current Best: -10000.00
-----------------------
episode rewards: 48.85 | episode lengths: 154.38
episode rot angle(rad): 3.70
epsode sparse reward: 0.00
success rate (rot>6): 0.1829 (90/492)
best success rate: 0.1932
Terminations: Fall=98 | Drop=115 | Overspeed=136
Agent Steps: 0049M | FPS: 44265.4 | Last FPS: 43550.3 | Collect Time: 12.6 min | Train RL Time: 5.9 min | Current Best: -10000.00
-----------------------
episode rewards: 71.77 | episode lengths: 215.55
episode rot angle(rad): 5.75
epsode sparse reward: 0.00
success rate (rot>6): 0.3385 (154/455)
best success rate: 0.3619
Terminations: Fall=87 | Drop=51 | Overspeed=120
Agent Steps: 0059M | FPS: 44203.7 | Last FPS: 44125.6 | Collect Time: 15.2 min | Train RL Time: 7.1 min | Current Best: 71.62
-----------------------
episode rewards: 80.70 | episode lengths: 225.80
episode rot angle(rad): 6.52
epsode sparse reward: 0.00
success rate (rot>6): 0.4232 (190/449)
best success rate: 0.4810
Terminations: Fall=69 | Drop=35 | Overspeed=138
Agent Steps: 0068M | FPS: 44150.9 | Last FPS: 43665.6 | Collect Time: 17.7 min | Train RL Time: 8.2 min | Current Best: 80.63
-----------------------
episode rewards: 89.31 | episode lengths: 235.03
episode rot angle(rad): 7.27
epsode sparse reward: 0.00
success rate (rot>6): 0.4630 (219/473)
best success rate: 0.5296
Terminations: Fall=95 | Drop=26 | Overspeed=134
Agent Steps: 0078M | FPS: 44138.5 | Last FPS: 43418.3 | Collect Time: 20.2 min | Train RL Time: 9.4 min | Current Best: 89.37
-----------------------
episode rewards: 96.17 | episode lengths: 242.77
episode rot angle(rad): 7.83
epsode sparse reward: 0.00
success rate (rot>6): 0.5245 (214/408)
best success rate: 0.5902
Terminations: Fall=58 | Drop=29 | Overspeed=106
Agent Steps: 0088M | FPS: 44149.2 | Last FPS: 44266.6 | Collect Time: 22.8 min | Train RL Time: 10.6 min | Current Best: 96.07
-----------------------
episode rewards: 100.62 | episode lengths: 246.89
episode rot angle(rad): 8.12
epsode sparse reward: 0.00
success rate (rot>6): 0.5760 (216/375)
best success rate: 0.5902
Terminations: Fall=55 | Drop=25 | Overspeed=79
Agent Steps: 0098M | FPS: 44146.1 | Last FPS: 44704.9 | Collect Time: 25.3 min | Train RL Time: 11.8 min | Current Best: 100.48
-----------------------
episode rewards: 104.65 | episode lengths: 251.41
episode rot angle(rad): 8.42
epsode sparse reward: 0.00
success rate (rot>6): 0.5209 (224/430)
best success rate: 0.6274
Terminations: Fall=61 | Drop=16 | Overspeed=117
Agent Steps: 0108M | FPS: 44157.2 | Last FPS: 43931.9 | Collect Time: 27.8 min | Train RL Time: 13.0 min | Current Best: 105.03
-----------------------
episode rewards: 106.29 | episode lengths: 251.47
episode rot angle(rad): 8.61
epsode sparse reward: 0.00
success rate (rot>6): 0.5686 (261/459)
best success rate: 0.6316
Terminations: Fall=66 | Drop=32 | Overspeed=101
Agent Steps: 0118M | FPS: 44176.5 | Last FPS: 44200.5 | Collect Time: 30.3 min | Train RL Time: 14.1 min | Current Best: 106.48
-----------------------
episode rewards: 110.81 | episode lengths: 257.31
episode rot angle(rad): 8.89
epsode sparse reward: 0.00
success rate (rot>6): 0.6501 (249/383)
best success rate: 0.6518
Terminations: Fall=32 | Drop=17 | Overspeed=85
Agent Steps: 0127M | FPS: 44190.4 | Last FPS: 44360.2 | Collect Time: 32.8 min | Train RL Time: 15.3 min | Current Best: 110.59
-----------------------
episode rewards: 115.54 | episode lengths: 261.43
episode rot angle(rad): 9.26
epsode sparse reward: 0.00
success rate (rot>6): 0.6406 (246/384)
best success rate: 0.6640
Terminations: Fall=34 | Drop=13 | Overspeed=96
Agent Steps: 0137M | FPS: 44209.0 | Last FPS: 43772.5 | Collect Time: 35.3 min | Train RL Time: 16.5 min | Current Best: 115.43
-----------------------
episode rewards: 118.15 | episode lengths: 264.28
episode rot angle(rad): 9.40
epsode sparse reward: 0.00
success rate (rot>6): 0.5956 (215/361)
best success rate: 0.6683
Terminations: Fall=51 | Drop=13 | Overspeed=77
Agent Steps: 0147M | FPS: 44214.8 | Last FPS: 43695.7 | Collect Time: 37.8 min | Train RL Time: 17.7 min | Current Best: 118.14
-----------------------
episode rewards: 119.85 | episode lengths: 265.42
episode rot angle(rad): 9.49
epsode sparse reward: 0.00
success rate (rot>6): 0.5904 (245/415)
best success rate: 0.7000
Terminations: Fall=58 | Drop=16 | Overspeed=100
Agent Steps: 0157M | FPS: 44222.4 | Last FPS: 43743.5 | Collect Time: 40.4 min | Train RL Time: 18.8 min | Current Best: 120.25
-----------------------
episode rewards: 121.66 | episode lengths: 268.52
episode rot angle(rad): 9.63
epsode sparse reward: 0.00
success rate (rot>6): 0.6627 (224/338)
best success rate: 0.7000
Terminations: Fall=37 | Drop=7 | Overspeed=66
Agent Steps: 0167M | FPS: 44222.2 | Last FPS: 43778.5 | Collect Time: 42.9 min | Train RL Time: 20.0 min | Current Best: 122.03
-----------------------
episode rewards: 122.77 | episode lengths: 270.24
episode rot angle(rad): 9.65
epsode sparse reward: 0.00
success rate (rot>6): 0.6423 (228/355)
best success rate: 0.7047
Terminations: Fall=43 | Drop=14 | Overspeed=76
Agent Steps: 0177M | FPS: 44223.0 | Last FPS: 44457.5 | Collect Time: 45.4 min | Train RL Time: 21.2 min | Current Best: 122.75
-----------------------
episode rewards: 125.20 | episode lengths: 272.76
episode rot angle(rad): 9.95
epsode sparse reward: 0.00
success rate (rot>6): 0.6506 (203/312)
best success rate: 0.7047
Terminations: Fall=44 | Drop=6 | Overspeed=63
Agent Steps: 0186M | FPS: 44221.1 | Last FPS: 44608.4 | Collect Time: 47.9 min | Train RL Time: 22.4 min | Current Best: 125.28
-----------------------
episode rewards: 126.35 | episode lengths: 273.38
episode rot angle(rad): 10.06
epsode sparse reward: 0.00
success rate (rot>6): 0.6114 (225/368)
best success rate: 0.7047
Terminations: Fall=54 | Drop=15 | Overspeed=84
Agent Steps: 0196M | FPS: 44224.5 | Last FPS: 44273.2 | Collect Time: 50.5 min | Train RL Time: 23.5 min | Current Best: 126.49
-----------------------
episode rewards: 129.71 | episode lengths: 278.32
episode rot angle(rad): 10.31
epsode sparse reward: 0.00
success rate (rot>6): 0.6706 (228/340)
best success rate: 0.7241
Terminations: Fall=38 | Drop=14 | Overspeed=63
Agent Steps: 0206M | FPS: 44228.8 | Last FPS: 44383.7 | Collect Time: 53.0 min | Train RL Time: 24.7 min | Current Best: 129.71
-----------------------
episode rewards: 129.91 | episode lengths: 277.27
episode rot angle(rad): 10.31
epsode sparse reward: 0.00
success rate (rot>6): 0.6827 (241/353)
best success rate: 0.7292
Terminations: Fall=39 | Drop=10 | Overspeed=73
Agent Steps: 0216M | FPS: 44233.1 | Last FPS: 44481.3 | Collect Time: 55.5 min | Train RL Time: 25.9 min | Current Best: 129.87
-----------------------
episode rewards: 133.02 | episode lengths: 282.62
episode rot angle(rad): 10.55
epsode sparse reward: 0.00
success rate (rot>6): 0.6725 (230/342)
best success rate: 0.7426
Terminations: Fall=36 | Drop=10 | Overspeed=70
Agent Steps: 0226M | FPS: 44236.2 | Last FPS: 44350.0 | Collect Time: 58.0 min | Train RL Time: 27.1 min | Current Best: 133.05
-----------------------
episode rewards: 133.73 | episode lengths: 283.58
episode rot angle(rad): 10.59
epsode sparse reward: 0.00
success rate (rot>6): 0.6501 (236/363)
best success rate: 0.7492
Terminations: Fall=39 | Drop=10 | Overspeed=78
Agent Steps: 0236M | FPS: 44246.6 | Last FPS: 45195.7 | Collect Time: 60.5 min | Train RL Time: 28.2 min | Current Best: 133.77
-----------------------
episode rewards: 134.06 | episode lengths: 284.55
episode rot angle(rad): 10.56
epsode sparse reward: 0.00
success rate (rot>6): 0.6798 (259/381)
best success rate: 0.7492
Terminations: Fall=44 | Drop=6 | Overspeed=72
Agent Steps: 0245M | FPS: 44257.9 | Last FPS: 44523.6 | Collect Time: 63.0 min | Train RL Time: 29.4 min | Current Best: 134.50
max steps achieved
Final best reward: 134.50
Final success rate: 0.7492
Final mean rotation angle (rad): 10.6036

OPTUNA_METRICS: reward=134.5030 success_rate=0.7492 mean_rot_angle=10.6036


训练指标:
  Best Reward:         134.5030
  Success Rate:        0.7492
  Mean Rot Angle(rad): 10.6036
  Composite Score:     1269.78
    = 1.0×134.50 + 100.0×0.7492 + 100.0×10.6036

================================================================================
[Optuna Trial 1] 训练完成
================================================================================

                                                                                         [I 2025-11-25 22:15:48,299] Trial 1 finished with value: 1269.7830000000001 and parameters: {'learning_rate': 0.0009239150319627245, 'weight_decay': 3.67320780046205e-05, 'gamma': 0.992, 'tau': 0.95, 'e_clip': 0.2, 'entropy_coef': 0.005637655990477874, 'critic_coef': 2.0, 'kl_threshold': 0.03924272277627635, 'mini_epochs': 10, 'minibatch_size': 16384, 'grad_norm': 1.0, 'angvelClipMin': -0.34120514127425644, 'angvelClipMax': 0.5180909155642153, 'angvelPenaltyThresHigh': 0.6626651653816322, 'angvelPenaltyThresLow': -0.6833968130931554, 'rotate_reward_scale': 1.407023547660844, 'obj_linvel_penalty_scale': -0.0756893736272106, 'torque_penalty_scale': -0.029297400199192324, 'hand_pose_consistency_penalty_scale': -0.04595327451563096, 'rotate_penalty_scale': -0.045730391684175156, 'pencil_z_dist_penalty_scale': -1.8590757750252374, 'position_penalty_scale': -0.13956060384919206}. Best is trial 0 with value: 1418.8338999999999.
Best trial: 0. Best value: 1418.83:   2%|▎         | 1/40 [2:57:26<54:02:25, 4988.34s/it]Best trial: 0. Best value: 1418.83:   2%|▎         | 1/40 [2:57:26<54:02:25, 4988.34s/it]Best trial: 0. Best value: 1418.83:   5%|▌         | 2/40 [2:57:26<56:48:48, 5382.32s/it]
================================================================================
[Optuna Trial 2] 开始训练
================================================================================
试验参数:
  learning_rate                  = 0.00011872731425335906
  weight_decay                   = 4.8955824176054614e-05
  gamma                          = 0.985
  tau                            = 0.85
  e_clip                         = 0.1
  entropy_coef                   = 0.001811083416675908
  critic_coef                    = 0.5
  kl_threshold                   = 0.03317791751430118
  mini_epochs                    = 6
  minibatch_size                 = 16384
  grad_norm                      = 0.5
  angvelClipMin                  = -0.18602656383310148
  angvelClipMax                  = 0.8043140194467591
  angvelPenaltyThresHigh         = 0.7806385987847482
  angvelPenaltyThresLow          = -0.5687098460136317
  rotate_reward_scale            = 1.7406933945465861
  obj_linvel_penalty_scale       = -0.1215900755927009
  torque_penalty_scale           = -0.02717376944924351
  hand_pose_consistency_penalty_scale = -0.05872904366279524
  rotate_penalty_scale           = -0.08921085730066956
  pencil_z_dist_penalty_scale    = -1.9685708143132659
  position_penalty_scale         = -0.17271791774724393
输出目录: outputs/teacher_reproduce_trial_03/optuna_trial_0002
================================================================================


特权信息 (Privileged Information) 维度配置:
================================================================================
名称                             索引范围            维度       状态
--------------------------------------------------------------------------------
obj_position                   [ 0: 3]         3        [固定]
obj_scale                      [ 3: 4]         1        [固定]
obj_mass                       [ 4: 5]         1        [固定]
obj_friction                   [ 5: 6]         1        [固定]
obj_com                        [ 6: 9]         3        [固定]
--------------------------------------------------------------------------------
obj_orientation                [ 9:13]         4        ✓
obj_angvel                     [13:16]         3        ✓
fingertip_position             [16:31]         15       ✓
obj_restitution                [31:32]         1        ✓
tactile                        [32:47]         15       ✓
--------------------------------------------------------------------------------
总计: 10 项启用, 实际维度 = 47, 缓冲区大小 = 47
================================================================================

RunningMeanStd:  (126,)
RunningMeanStd:  47
RunningMeanStd:  3
RunningMeanStd:  (1,)
-----------------------
episode rewards: 20.81 | episode lengths: 41.08
episode rot angle(rad): 1.09
epsode sparse reward: 0.00
success rate (rot>6): 0.0000 (0/2478)
best success rate: 0.0000
Terminations: Fall=630 | Drop=1463 | Overspeed=385
Agent Steps: 0009M | FPS: 49880.4 | Last FPS: 50274.2 | Collect Time: 2.6 min | Train RL Time: 0.7 min | Current Best: -10000.00
-----------------------
episode rewards: 30.27 | episode lengths: 52.37
episode rot angle(rad): 1.52
epsode sparse reward: 0.00
success rate (rot>6): 0.0000 (0/1875)
best success rate: 0.0000
Terminations: Fall=377 | Drop=1232 | Overspeed=266
Agent Steps: 0019M | FPS: 50038.7 | Last FPS: 49421.8 | Collect Time: 5.2 min | Train RL Time: 1.4 min | Current Best: -10000.00
-----------------------
episode rewards: 35.73 | episode lengths: 59.26
episode rot angle(rad): 1.73
epsode sparse reward: 0.00
success rate (rot>6): 0.0000 (0/1662)
best success rate: 0.0000
Terminations: Fall=303 | Drop=1083 | Overspeed=267
Agent Steps: 0029M | FPS: 50014.9 | Last FPS: 49232.1 | Collect Time: 7.7 min | Train RL Time: 2.1 min | Current Best: -10000.00
-----------------------
episode rewards: 38.80 | episode lengths: 59.87
episode rot angle(rad): 1.86
epsode sparse reward: 0.00
success rate (rot>6): 0.0000 (0/1692)
best success rate: 0.0000
Terminations: Fall=270 | Drop=1135 | Overspeed=286
Agent Steps: 0039M | FPS: 49967.3 | Last FPS: 50566.7 | Collect Time: 10.3 min | Train RL Time: 2.8 min | Current Best: -10000.00
-----------------------
episode rewards: 40.32 | episode lengths: 59.62
episode rot angle(rad): 1.95
epsode sparse reward: 0.00
success rate (rot>6): 0.0000 (0/1620)
best success rate: 0.0000
Terminations: Fall=281 | Drop=1098 | Overspeed=240
Agent Steps: 0049M | FPS: 49928.6 | Last FPS: 50499.9 | Collect Time: 12.9 min | Train RL Time: 3.5 min | Current Best: -10000.00
-----------------------
episode rewards: 41.61 | episode lengths: 58.89
episode rot angle(rad): 2.01
epsode sparse reward: 0.00
success rate (rot>6): 0.0000 (0/1654)
best success rate: 0.0000
Terminations: Fall=234 | Drop=1159 | Overspeed=260
Agent Steps: 0059M | FPS: 49937.8 | Last FPS: 49595.7 | Collect Time: 15.4 min | Train RL Time: 4.2 min | Current Best: 41.71
-----------------------
episode rewards: 42.85 | episode lengths: 57.49
episode rot angle(rad): 2.07
epsode sparse reward: 0.00
success rate (rot>6): 0.0000 (0/1766)
best success rate: 0.0000
Terminations: Fall=268 | Drop=1241 | Overspeed=256
Agent Steps: 0068M | FPS: 49882.6 | Last FPS: 50581.3 | Collect Time: 18.0 min | Train RL Time: 4.9 min | Current Best: 42.96
-----------------------
episode rewards: 44.80 | episode lengths: 59.66
episode rot angle(rad): 2.11
epsode sparse reward: 0.00
success rate (rot>6): 0.0000 (0/1692)
best success rate: 0.0000
Terminations: Fall=257 | Drop=1197 | Overspeed=236
Agent Steps: 0078M | FPS: 49863.8 | Last FPS: 50526.3 | Collect Time: 20.6 min | Train RL Time: 5.7 min | Current Best: 44.91
-----------------------
episode rewards: 46.03 | episode lengths: 60.77
episode rot angle(rad): 2.16
epsode sparse reward: 0.00
success rate (rot>6): 0.0000 (0/1608)
best success rate: 0.0000
Terminations: Fall=250 | Drop=1133 | Overspeed=225
Agent Steps: 0088M | FPS: 49867.1 | Last FPS: 49388.2 | Collect Time: 23.2 min | Train RL Time: 6.4 min | Current Best: 46.25
-----------------------
episode rewards: 46.69 | episode lengths: 61.14
episode rot angle(rad): 2.23
epsode sparse reward: 0.00
success rate (rot>6): 0.0000 (0/1563)
best success rate: 0.0000
Terminations: Fall=194 | Drop=1144 | Overspeed=224
Agent Steps: 0098M | FPS: 49886.5 | Last FPS: 50158.1 | Collect Time: 25.8 min | Train RL Time: 7.1 min | Current Best: 46.67
-----------------------
episode rewards: 47.52 | episode lengths: 62.11
episode rot angle(rad): 2.22
epsode sparse reward: 0.00
success rate (rot>6): 0.0000 (0/1651)
best success rate: 0.0000
Terminations: Fall=221 | Drop=1204 | Overspeed=225
Agent Steps: 0108M | FPS: 49896.5 | Last FPS: 50551.0 | Collect Time: 28.3 min | Train RL Time: 7.8 min | Current Best: 47.70
-----------------------
episode rewards: 49.18 | episode lengths: 62.86
episode rot angle(rad): 2.29
epsode sparse reward: 0.00
success rate (rot>6): 0.0000 (0/1627)
best success rate: 0.0000
Terminations: Fall=217 | Drop=1176 | Overspeed=233
Agent Steps: 0118M | FPS: 49910.4 | Last FPS: 49743.0 | Collect Time: 30.9 min | Train RL Time: 8.5 min | Current Best: 49.28
-----------------------
episode rewards: 49.30 | episode lengths: 63.22
episode rot angle(rad): 2.30
epsode sparse reward: 0.00
success rate (rot>6): 0.0000 (0/1524)
best success rate: 0.0000
Terminations: Fall=203 | Drop=1102 | Overspeed=219
Agent Steps: 0127M | FPS: 49925.8 | Last FPS: 49539.9 | Collect Time: 33.4 min | Train RL Time: 9.2 min | Current Best: 49.55
-----------------------
episode rewards: 51.11 | episode lengths: 65.09
episode rot angle(rad): 2.38
epsode sparse reward: 0.00
success rate (rot>6): 0.0000 (0/1519)
best success rate: 0.0000
Terminations: Fall=192 | Drop=1141 | Overspeed=185
Agent Steps: 0137M | FPS: 49944.7 | Last FPS: 50900.4 | Collect Time: 36.0 min | Train RL Time: 9.9 min | Current Best: 51.15
-----------------------
episode rewards: 52.51 | episode lengths: 66.89
episode rot angle(rad): 2.46
epsode sparse reward: 0.00
success rate (rot>6): 0.0000 (0/1472)
best success rate: 0.0000
Terminations: Fall=205 | Drop=1092 | Overspeed=173
Agent Steps: 0147M | FPS: 49968.6 | Last FPS: 51322.3 | Collect Time: 38.5 min | Train RL Time: 10.6 min | Current Best: 52.47
-----------------------
episode rewards: 53.67 | episode lengths: 67.28
episode rot angle(rad): 2.54
epsode sparse reward: 0.00
success rate (rot>6): 0.0000 (0/1439)
best success rate: 0.0000
Terminations: Fall=195 | Drop=1048 | Overspeed=195
Agent Steps: 0157M | FPS: 49999.7 | Last FPS: 49896.6 | Collect Time: 41.1 min | Train RL Time: 11.3 min | Current Best: 53.91
-----------------------
episode rewards: 55.95 | episode lengths: 69.90
episode rot angle(rad): 2.66
epsode sparse reward: 0.00
success rate (rot>6): 0.0000 (0/1422)
best success rate: 0.0000
Terminations: Fall=187 | Drop=1037 | Overspeed=198
Agent Steps: 0167M | FPS: 50018.0 | Last FPS: 49946.2 | Collect Time: 43.6 min | Train RL Time: 12.0 min | Current Best: 55.99
-----------------------
episode rewards: 56.44 | episode lengths: 69.52
episode rot angle(rad): 2.71
epsode sparse reward: 0.00
success rate (rot>6): 0.0000 (0/1363)
best success rate: 0.0000
Terminations: Fall=168 | Drop=1035 | Overspeed=159
Agent Steps: 0177M | FPS: 50052.1 | Last FPS: 50484.9 | Collect Time: 46.1 min | Train RL Time: 12.7 min | Current Best: 56.69
-----------------------
episode rewards: 57.55 | episode lengths: 70.98
episode rot angle(rad): 2.76
epsode sparse reward: 0.00
success rate (rot>6): 0.0000 (0/1388)
best success rate: 0.0000
Terminations: Fall=207 | Drop=1001 | Overspeed=179
Agent Steps: 0186M | FPS: 50094.7 | Last FPS: 50414.0 | Collect Time: 48.6 min | Train RL Time: 13.4 min | Current Best: 57.71
-----------------------
episode rewards: 58.56 | episode lengths: 73.04
episode rot angle(rad): 2.78
epsode sparse reward: 0.00
success rate (rot>6): 0.0000 (0/1291)
best success rate: 0.0000
Terminations: Fall=185 | Drop=944 | Overspeed=161
Agent Steps: 0196M | FPS: 50136.4 | Last FPS: 52085.0 | Collect Time: 51.1 min | Train RL Time: 14.1 min | Current Best: 58.67
-----------------------
episode rewards: 58.76 | episode lengths: 73.42
episode rot angle(rad): 2.81
epsode sparse reward: 0.00
success rate (rot>6): 0.0000 (0/1351)
best success rate: 0.0000
Terminations: Fall=202 | Drop=969 | Overspeed=180
Agent Steps: 0206M | FPS: 50183.7 | Last FPS: 52410.1 | Collect Time: 53.6 min | Train RL Time: 14.8 min | Current Best: 59.13
-----------------------
episode rewards: 59.03 | episode lengths: 73.29
episode rot angle(rad): 2.81
epsode sparse reward: 0.00
success rate (rot>6): 0.0000 (0/1351)
best success rate: 0.0000
Terminations: Fall=194 | Drop=1002 | Overspeed=155
Agent Steps: 0216M | FPS: 50233.4 | Last FPS: 51280.1 | Collect Time: 56.1 min | Train RL Time: 15.5 min | Current Best: 59.54
-----------------------
episode rewards: 60.34 | episode lengths: 74.69
episode rot angle(rad): 2.88
epsode sparse reward: 0.00
success rate (rot>6): 0.0000 (0/1289)
best success rate: 0.0000
Terminations: Fall=169 | Drop=984 | Overspeed=136
Agent Steps: 0226M | FPS: 50262.7 | Last FPS: 49103.0 | Collect Time: 58.6 min | Train RL Time: 16.2 min | Current Best: 60.32
-----------------------
episode rewards: 60.80 | episode lengths: 74.96
episode rot angle(rad): 2.91
epsode sparse reward: 0.00
success rate (rot>6): 0.0000 (0/1351)
best success rate: 0.0000
Terminations: Fall=208 | Drop=953 | Overspeed=190
Agent Steps: 0236M | FPS: 50292.8 | Last FPS: 50589.1 | Collect Time: 61.1 min | Train RL Time: 16.9 min | Current Best: 60.94
-----------------------
episode rewards: 61.13 | episode lengths: 75.95
episode rot angle(rad): 2.92
epsode sparse reward: 0.00
success rate (rot>6): 0.0000 (0/1305)
best success rate: 0.0000
Terminations: Fall=195 | Drop=947 | Overspeed=163
Agent Steps: 0245M | FPS: 50329.4 | Last FPS: 50833.5 | Collect Time: 63.6 min | Train RL Time: 17.7 min | Current Best: 61.12
max steps achieved
Final best reward: 61.33
Final success rate: 0.0000
Final mean rotation angle (rad): 2.9105

OPTUNA_METRICS: reward=61.3308 success_rate=0.0000 mean_rot_angle=2.9105


训练指标:
  Best Reward:         61.3308
  Success Rate:        0.0000
  Mean Rot Angle(rad): 2.9105
  Composite Score:     352.38
    = 1.0×61.33 + 100.0×0.0000 + 100.0×2.9105

================================================================================
[Optuna Trial 2] 训练完成
================================================================================

                                                                                         [I 2025-11-25 23:38:43,776] Trial 2 finished with value: 352.3808 and parameters: {'learning_rate': 0.00011872731425335906, 'weight_decay': 4.8955824176054614e-05, 'gamma': 0.985, 'tau': 0.85, 'e_clip': 0.1, 'entropy_coef': 0.001811083416675908, 'critic_coef': 0.5, 'kl_threshold': 0.03317791751430118, 'mini_epochs': 6, 'minibatch_size': 16384, 'grad_norm': 0.5, 'angvelClipMin': -0.18602656383310148, 'angvelClipMax': 0.8043140194467591, 'angvelPenaltyThresHigh': 0.7806385987847482, 'angvelPenaltyThresLow': -0.5687098460136317, 'rotate_reward_scale': 1.7406933945465861, 'obj_linvel_penalty_scale': -0.1215900755927009, 'torque_penalty_scale': -0.02717376944924351, 'hand_pose_consistency_penalty_scale': -0.05872904366279524, 'rotate_penalty_scale': -0.08921085730066956, 'pencil_z_dist_penalty_scale': -1.9685708143132659, 'position_penalty_scale': -0.17271791774724393}. Best is trial 0 with value: 1418.8338999999999.
Best trial: 0. Best value: 1418.83:   5%|▌         | 2/40 [4:20:21<56:48:48, 5382.32s/it]Best trial: 0. Best value: 1418.83:   5%|▌         | 2/40 [4:20:21<56:48:48, 5382.32s/it]Best trial: 0. Best value: 1418.83:   8%|▊         | 3/40 [4:20:21<53:24:32, 5196.55s/it]
================================================================================
[Optuna Trial 3] 开始训练
================================================================================
试验参数:
  learning_rate                  = 0.00020623196560647133
  weight_decay                   = 2.267126003334159e-05
  gamma                          = 0.985
  tau                            = 0.85
  e_clip                         = 0.3
  entropy_coef                   = 0.006656842656950919
  critic_coef                    = 1.0
  kl_threshold                   = 0.03932850294430179
  mini_epochs                    = 10
  minibatch_size                 = 32768
  grad_norm                      = 0.5
  angvelClipMin                  = -0.2718676634121231
  angvelClipMax                  = 0.8272059063689973
  angvelPenaltyThresHigh         = 0.9303652916281717
  angvelPenaltyThresLow          = -0.7979143608406428
  rotate_reward_scale            = 1.7661209538663485
  obj_linvel_penalty_scale       = -0.13738834952768314
  torque_penalty_scale           = -0.033336765685878095
  hand_pose_consistency_penalty_scale = -0.05400673163331586
  rotate_penalty_scale           = -0.06623848285963721
  pencil_z_dist_penalty_scale    = -1.0570902960874808
  position_penalty_scale         = -0.23535941359584894
输出目录: outputs/teacher_reproduce_trial_03/optuna_trial_0003
================================================================================


特权信息 (Privileged Information) 维度配置:
================================================================================
名称                             索引范围            维度       状态
--------------------------------------------------------------------------------
obj_position                   [ 0: 3]         3        [固定]
obj_scale                      [ 3: 4]         1        [固定]
obj_mass                       [ 4: 5]         1        [固定]
obj_friction                   [ 5: 6]         1        [固定]
obj_com                        [ 6: 9]         3        [固定]
--------------------------------------------------------------------------------
obj_orientation                [ 9:13]         4        ✓
obj_angvel                     [13:16]         3        ✓
fingertip_position             [16:31]         15       ✓
obj_restitution                [31:32]         1        ✓
tactile                        [32:47]         15       ✓
--------------------------------------------------------------------------------
总计: 10 项启用, 实际维度 = 47, 缓冲区大小 = 47
================================================================================

RunningMeanStd:  (126,)
RunningMeanStd:  47
RunningMeanStd:  3
RunningMeanStd:  (1,)
-----------------------
episode rewards: 30.94 | episode lengths: 43.67
episode rot angle(rad): 1.39
epsode sparse reward: 0.00
success rate (rot>6): 0.0000 (0/2084)
best success rate: 0.0000
Terminations: Fall=498 | Drop=1387 | Overspeed=199
Agent Steps: 0009M | FPS: 45378.0 | Last FPS: 45603.1 | Collect Time: 2.5 min | Train RL Time: 1.1 min | Current Best: -10000.00
-----------------------
episode rewards: 43.07 | episode lengths: 58.53
episode rot angle(rad): 2.06
epsode sparse reward: 0.00
success rate (rot>6): 0.0000 (0/1635)
best success rate: 0.0000
Terminations: Fall=367 | Drop=1035 | Overspeed=233
Agent Steps: 0019M | FPS: 45081.4 | Last FPS: 45157.6 | Collect Time: 5.1 min | Train RL Time: 2.2 min | Current Best: -10000.00
-----------------------
episode rewards: 49.70 | episode lengths: 62.94
episode rot angle(rad): 2.45
epsode sparse reward: 0.00
success rate (rot>6): 0.0000 (0/1534)
best success rate: 0.0000
Terminations: Fall=340 | Drop=946 | Overspeed=248
Agent Steps: 0029M | FPS: 45203.5 | Last FPS: 45789.1 | Collect Time: 7.5 min | Train RL Time: 3.3 min | Current Best: -10000.00
-----------------------
episode rewards: 56.71 | episode lengths: 69.38
episode rot angle(rad): 2.73
epsode sparse reward: 0.00
success rate (rot>6): 0.0000 (0/1359)
best success rate: 0.0000
Terminations: Fall=305 | Drop=853 | Overspeed=201
Agent Steps: 0039M | FPS: 45344.3 | Last FPS: 45229.6 | Collect Time: 10.0 min | Train RL Time: 4.5 min | Current Best: -10000.00
-----------------------
episode rewards: 61.73 | episode lengths: 82.28
episode rot angle(rad): 2.96
epsode sparse reward: 0.00
success rate (rot>6): 0.0051 (5/985)
best success rate: 0.0051
Terminations: Fall=287 | Drop=555 | Overspeed=134
Agent Steps: 0049M | FPS: 45441.7 | Last FPS: 45601.9 | Collect Time: 12.5 min | Train RL Time: 5.6 min | Current Best: -10000.00
-----------------------
episode rewards: 76.57 | episode lengths: 104.61
episode rot angle(rad): 3.71
epsode sparse reward: 0.00
success rate (rot>6): 0.0424 (42/990)
best success rate: 0.0450
Terminations: Fall=264 | Drop=568 | Overspeed=142
Agent Steps: 0059M | FPS: 45418.3 | Last FPS: 44849.0 | Collect Time: 15.0 min | Train RL Time: 6.7 min | Current Best: 76.14
-----------------------
episode rewards: 88.52 | episode lengths: 114.63
episode rot angle(rad): 4.25
epsode sparse reward: 0.00
success rate (rot>6): 0.0580 (48/827)
best success rate: 0.0736
Terminations: Fall=219 | Drop=467 | Overspeed=103
Agent Steps: 0068M | FPS: 45467.8 | Last FPS: 45702.4 | Collect Time: 17.4 min | Train RL Time: 7.8 min | Current Best: 88.30
-----------------------
episode rewards: 106.46 | episode lengths: 137.46
episode rot angle(rad): 5.09
epsode sparse reward: 0.00
success rate (rot>6): 0.1106 (73/660)
best success rate: 0.1383
Terminations: Fall=172 | Drop=369 | Overspeed=78
Agent Steps: 0078M | FPS: 45490.0 | Last FPS: 45432.1 | Collect Time: 19.9 min | Train RL Time: 8.9 min | Current Best: 106.30
-----------------------
episode rewards: 131.48 | episode lengths: 169.55
episode rot angle(rad): 6.25
epsode sparse reward: 0.00
success rate (rot>6): 0.3043 (154/506)
best success rate: 0.3297
Terminations: Fall=131 | Drop=184 | Overspeed=77
Agent Steps: 0088M | FPS: 45526.6 | Last FPS: 46529.3 | Collect Time: 22.3 min | Train RL Time: 10.0 min | Current Best: 131.13
-----------------------
episode rewards: 168.15 | episode lengths: 212.40
episode rot angle(rad): 8.10
epsode sparse reward: 0.00
success rate (rot>6): 0.4896 (211/431)
best success rate: 0.4943
Terminations: Fall=107 | Drop=73 | Overspeed=74
Agent Steps: 0098M | FPS: 45545.3 | Last FPS: 45136.6 | Collect Time: 24.8 min | Train RL Time: 11.1 min | Current Best: 167.70
-----------------------
episode rewards: 189.17 | episode lengths: 228.37
episode rot angle(rad): 9.24
epsode sparse reward: 0.00
success rate (rot>6): 0.5513 (247/448)
best success rate: 0.5596
Terminations: Fall=113 | Drop=66 | Overspeed=55
Agent Steps: 0108M | FPS: 45550.8 | Last FPS: 44492.6 | Collect Time: 27.3 min | Train RL Time: 12.3 min | Current Best: 188.76
-----------------------
episode rewards: 194.12 | episode lengths: 228.97
episode rot angle(rad): 9.60
epsode sparse reward: 0.00
success rate (rot>6): 0.5131 (215/419)
best success rate: 0.5633
Terminations: Fall=103 | Drop=77 | Overspeed=60
Agent Steps: 0118M | FPS: 45560.6 | Last FPS: 45513.9 | Collect Time: 29.7 min | Train RL Time: 13.4 min | Current Best: 194.11
-----------------------
episode rewards: 200.22 | episode lengths: 231.55
episode rot angle(rad): 10.00
epsode sparse reward: 0.00
success rate (rot>6): 0.5147 (193/375)
best success rate: 0.5751
Terminations: Fall=94 | Drop=72 | Overspeed=63
Agent Steps: 0127M | FPS: 45565.9 | Last FPS: 44608.3 | Collect Time: 32.2 min | Train RL Time: 14.5 min | Current Best: 200.19
-----------------------
episode rewards: 207.31 | episode lengths: 238.64
episode rot angle(rad): 10.27
epsode sparse reward: 0.00
success rate (rot>6): 0.5714 (224/392)
best success rate: 0.6220
Terminations: Fall=105 | Drop=49 | Overspeed=52
Agent Steps: 0137M | FPS: 45590.9 | Last FPS: 46640.7 | Collect Time: 34.7 min | Train RL Time: 15.6 min | Current Best: 207.22
-----------------------
episode rewards: 215.78 | episode lengths: 243.91
episode rot angle(rad): 10.70
epsode sparse reward: 0.00
success rate (rot>6): 0.5799 (236/407)
best success rate: 0.6244
Terminations: Fall=83 | Drop=51 | Overspeed=68
Agent Steps: 0147M | FPS: 45608.4 | Last FPS: 46423.1 | Collect Time: 37.1 min | Train RL Time: 16.7 min | Current Best: 215.80
-----------------------
episode rewards: 220.48 | episode lengths: 247.30
episode rot angle(rad): 10.94
epsode sparse reward: 0.00
success rate (rot>6): 0.5786 (232/401)
best success rate: 0.6244
Terminations: Fall=93 | Drop=63 | Overspeed=59
Agent Steps: 0157M | FPS: 45630.7 | Last FPS: 46491.7 | Collect Time: 39.5 min | Train RL Time: 17.8 min | Current Best: 220.62
-----------------------
episode rewards: 221.47 | episode lengths: 248.12
episode rot angle(rad): 10.92
epsode sparse reward: 0.00
success rate (rot>6): 0.5388 (229/425)
best success rate: 0.6327
Terminations: Fall=106 | Drop=57 | Overspeed=66
Agent Steps: 0167M | FPS: 45642.9 | Last FPS: 45253.6 | Collect Time: 42.0 min | Train RL Time: 18.9 min | Current Best: 221.69
-----------------------
episode rewards: 218.34 | episode lengths: 244.61
episode rot angle(rad): 10.73
epsode sparse reward: 0.00
success rate (rot>6): 0.5315 (228/429)
best success rate: 0.6327
Terminations: Fall=107 | Drop=74 | Overspeed=54
Agent Steps: 0177M | FPS: 45652.5 | Last FPS: 45609.6 | Collect Time: 44.5 min | Train RL Time: 20.1 min | Current Best: 221.69
-----------------------
episode rewards: 219.95 | episode lengths: 244.94
episode rot angle(rad): 10.95
epsode sparse reward: 0.00
success rate (rot>6): 0.5593 (217/388)
best success rate: 0.6327
Terminations: Fall=88 | Drop=51 | Overspeed=60
Agent Steps: 0186M | FPS: 45656.6 | Last FPS: 44585.9 | Collect Time: 46.9 min | Train RL Time: 21.2 min | Current Best: 221.69
-----------------------
episode rewards: 221.50 | episode lengths: 247.03
episode rot angle(rad): 11.07
epsode sparse reward: 0.00
success rate (rot>6): 0.5586 (205/367)
best success rate: 0.6327
Terminations: Fall=94 | Drop=46 | Overspeed=52
Agent Steps: 0196M | FPS: 45663.9 | Last FPS: 44662.8 | Collect Time: 49.4 min | Train RL Time: 22.3 min | Current Best: 221.69
-----------------------
episode rewards: 223.57 | episode lengths: 248.31
episode rot angle(rad): 11.23
epsode sparse reward: 0.00
success rate (rot>6): 0.5845 (211/361)
best success rate: 0.6339
Terminations: Fall=73 | Drop=42 | Overspeed=57
Agent Steps: 0206M | FPS: 45669.7 | Last FPS: 44799.4 | Collect Time: 51.8 min | Train RL Time: 23.4 min | Current Best: 223.81
-----------------------
episode rewards: 223.81 | episode lengths: 247.22
episode rot angle(rad): 11.21
epsode sparse reward: 0.00
success rate (rot>6): 0.6031 (234/388)
best success rate: 0.6430
Terminations: Fall=75 | Drop=49 | Overspeed=58
Agent Steps: 0216M | FPS: 45666.8 | Last FPS: 45317.0 | Collect Time: 54.3 min | Train RL Time: 24.5 min | Current Best: 225.55
-----------------------
episode rewards: 223.82 | episode lengths: 247.07
episode rot angle(rad): 11.24
epsode sparse reward: 0.00
success rate (rot>6): 0.5956 (215/361)
best success rate: 0.6454
Terminations: Fall=77 | Drop=26 | Overspeed=63
Agent Steps: 0226M | FPS: 45675.7 | Last FPS: 45995.6 | Collect Time: 56.8 min | Train RL Time: 25.6 min | Current Best: 225.55
-----------------------
episode rewards: 226.66 | episode lengths: 249.81
episode rot angle(rad): 11.36
epsode sparse reward: 0.00
success rate (rot>6): 0.6030 (240/398)
best success rate: 0.6454
Terminations: Fall=77 | Drop=47 | Overspeed=63
Agent Steps: 0236M | FPS: 45684.9 | Last FPS: 46124.0 | Collect Time: 59.2 min | Train RL Time: 26.7 min | Current Best: 227.34
-----------------------
episode rewards: 224.97 | episode lengths: 248.28
episode rot angle(rad): 11.25
epsode sparse reward: 0.00
success rate (rot>6): 0.5923 (231/390)
best success rate: 0.6454
Terminations: Fall=90 | Drop=39 | Overspeed=56
Agent Steps: 0245M | FPS: 45689.4 | Last FPS: 45286.5 | Collect Time: 61.7 min | Train RL Time: 27.9 min | Current Best: 227.34
max steps achieved
Final best reward: 227.34
Final success rate: 0.6454
Final mean rotation angle (rad): 11.2063

OPTUNA_METRICS: reward=227.3381 success_rate=0.6454 mean_rot_angle=11.2063


训练指标:
  Best Reward:         227.3381
  Success Rate:        0.6454
  Mean Rot Angle(rad): 11.2063
  Composite Score:     1412.51
    = 1.0×227.34 + 100.0×0.6454 + 100.0×11.2063

================================================================================
[Optuna Trial 3] 训练完成
================================================================================

                                                                                         [I 2025-11-26 01:10:04,556] Trial 3 finished with value: 1412.5081 and parameters: {'learning_rate': 0.00020623196560647133, 'weight_decay': 2.267126003334159e-05, 'gamma': 0.985, 'tau': 0.85, 'e_clip': 0.3, 'entropy_coef': 0.006656842656950919, 'critic_coef': 1.0, 'kl_threshold': 0.03932850294430179, 'mini_epochs': 10, 'minibatch_size': 32768, 'grad_norm': 0.5, 'angvelClipMin': -0.2718676634121231, 'angvelClipMax': 0.8272059063689973, 'angvelPenaltyThresHigh': 0.9303652916281717, 'angvelPenaltyThresLow': -0.7979143608406428, 'rotate_reward_scale': 1.7661209538663485, 'obj_linvel_penalty_scale': -0.13738834952768314, 'torque_penalty_scale': -0.033336765685878095, 'hand_pose_consistency_penalty_scale': -0.05400673163331586, 'rotate_penalty_scale': -0.06623848285963721, 'pencil_z_dist_penalty_scale': -1.0570902960874808, 'position_penalty_scale': -0.23535941359584894}. Best is trial 0 with value: 1418.8338999999999.
Best trial: 0. Best value: 1418.83:   8%|▊         | 3/40 [5:51:42<53:24:32, 5196.55s/it]Best trial: 0. Best value: 1418.83:   8%|▊         | 3/40 [5:51:42<53:24:32, 5196.55s/it]Best trial: 0. Best value: 1418.83:  10%|█         | 4/40 [5:51:42<53:05:15, 5308.76s/it]
================================================================================
[Optuna Trial 4] 开始训练
================================================================================
试验参数:
  learning_rate                  = 0.00033021030455152565
  weight_decay                   = 3.100196093957532e-05
  gamma                          = 0.99
  tau                            = 0.9
  e_clip                         = 0.3
  entropy_coef                   = 0.004518753162602031
  critic_coef                    = 2.0
  kl_threshold                   = 0.04197809453334862
  mini_epochs                    = 5
  minibatch_size                 = 16384
  grad_norm                      = 1.0
  angvelClipMin                  = -0.1815350954164421
  angvelClipMax                  = 0.6471132530877013
  angvelPenaltyThresHigh         = 0.8161529152967897
  angvelPenaltyThresLow          = -0.6099410867717316
  rotate_reward_scale            = 1.8036620261121377
  obj_linvel_penalty_scale       = -0.18645653449183877
  torque_penalty_scale           = -0.014940925132322862
  hand_pose_consistency_penalty_scale = -0.04396099675141321
  rotate_penalty_scale           = -0.08134814896001458
  pencil_z_dist_penalty_scale    = -1.959224858445236
  position_penalty_scale         = -0.18182141136235164
输出目录: outputs/teacher_reproduce_trial_03/optuna_trial_0004
================================================================================


特权信息 (Privileged Information) 维度配置:
================================================================================
名称                             索引范围            维度       状态
--------------------------------------------------------------------------------
obj_position                   [ 0: 3]         3        [固定]
obj_scale                      [ 3: 4]         1        [固定]
obj_mass                       [ 4: 5]         1        [固定]
obj_friction                   [ 5: 6]         1        [固定]
obj_com                        [ 6: 9]         3        [固定]
--------------------------------------------------------------------------------
obj_orientation                [ 9:13]         4        ✓
obj_angvel                     [13:16]         3        ✓
fingertip_position             [16:31]         15       ✓
obj_restitution                [31:32]         1        ✓
tactile                        [32:47]         15       ✓
--------------------------------------------------------------------------------
总计: 10 项启用, 实际维度 = 47, 缓冲区大小 = 47
================================================================================

RunningMeanStd:  (126,)
RunningMeanStd:  47
RunningMeanStd:  3
RunningMeanStd:  (1,)
-----------------------
episode rewards: 31.89 | episode lengths: 63.46
episode rot angle(rad): 1.63
epsode sparse reward: 0.00
success rate (rot>6): 0.0000 (0/1291)
best success rate: 0.0000
Terminations: Fall=273 | Drop=850 | Overspeed=168
Agent Steps: 0009M | FPS: 51351.2 | Last FPS: 51709.3 | Collect Time: 2.6 min | Train RL Time: 0.6 min | Current Best: -10000.00
-----------------------
episode rewards: 43.24 | episode lengths: 78.29
episode rot angle(rad): 2.09
epsode sparse reward: 0.00
success rate (rot>6): 0.0000 (0/1232)
best success rate: 0.0000
Terminations: Fall=221 | Drop=849 | Overspeed=159
Agent Steps: 0019M | FPS: 51266.3 | Last FPS: 50686.4 | Collect Time: 5.2 min | Train RL Time: 1.2 min | Current Best: -10000.00
-----------------------
episode rewards: 50.33 | episode lengths: 89.51
episode rot angle(rad): 2.31
epsode sparse reward: 0.00
success rate (rot>6): 0.0000 (0/994)
best success rate: 0.0000
Terminations: Fall=136 | Drop=728 | Overspeed=127
Agent Steps: 0029M | FPS: 51190.9 | Last FPS: 50776.4 | Collect Time: 7.8 min | Train RL Time: 1.8 min | Current Best: -10000.00
-----------------------
episode rewards: 59.11 | episode lengths: 126.01
episode rot angle(rad): 2.46
epsode sparse reward: 0.00
success rate (rot>6): 0.0000 (0/590)
best success rate: 0.0000
Terminations: Fall=96 | Drop=334 | Overspeed=82
Agent Steps: 0039M | FPS: 51203.5 | Last FPS: 52326.4 | Collect Time: 10.4 min | Train RL Time: 2.4 min | Current Best: -10000.00
-----------------------
episode rewards: 101.18 | episode lengths: 210.38
episode rot angle(rad): 3.39
epsode sparse reward: 0.00
success rate (rot>6): 0.0213 (8/376)
best success rate: 0.0363
Terminations: Fall=85 | Drop=39 | Overspeed=67
Agent Steps: 0049M | FPS: 51440.0 | Last FPS: 53040.3 | Collect Time: 13.0 min | Train RL Time: 2.9 min | Current Best: -10000.00
-----------------------
episode rewards: 138.12 | episode lengths: 259.71
episode rot angle(rad): 4.26
epsode sparse reward: 0.00
success rate (rot>6): 0.0114 (4/352)
best success rate: 0.0469
Terminations: Fall=61 | Drop=12 | Overspeed=70
Agent Steps: 0059M | FPS: 51807.6 | Last FPS: 54573.0 | Collect Time: 15.4 min | Train RL Time: 3.5 min | Current Best: 137.97
-----------------------
episode rewards: 153.85 | episode lengths: 270.36
episode rot angle(rad): 4.57
epsode sparse reward: 0.00
success rate (rot>6): 0.0065 (2/306)
best success rate: 0.0469
Terminations: Fall=51 | Drop=11 | Overspeed=44
Agent Steps: 0068M | FPS: 52072.7 | Last FPS: 53430.9 | Collect Time: 17.9 min | Train RL Time: 4.1 min | Current Best: 153.60
-----------------------
episode rewards: 162.91 | episode lengths: 273.27
episode rot angle(rad): 4.58
epsode sparse reward: 0.00
success rate (rot>6): 0.0088 (3/341)
best success rate: 0.0469
Terminations: Fall=68 | Drop=12 | Overspeed=67
Agent Steps: 0078M | FPS: 52249.2 | Last FPS: 53427.0 | Collect Time: 20.3 min | Train RL Time: 4.7 min | Current Best: 162.97
-----------------------
episode rewards: 171.60 | episode lengths: 273.45
episode rot angle(rad): 4.93
epsode sparse reward: 0.00
success rate (rot>6): 0.0261 (9/345)
best success rate: 0.0469
Terminations: Fall=66 | Drop=12 | Overspeed=59
Agent Steps: 0088M | FPS: 52422.3 | Last FPS: 53363.5 | Collect Time: 22.8 min | Train RL Time: 5.3 min | Current Best: 171.65
-----------------------
episode rewards: 178.67 | episode lengths: 278.28
episode rot angle(rad): 4.96
epsode sparse reward: 0.00
success rate (rot>6): 0.0085 (3/353)
best success rate: 0.0469
Terminations: Fall=69 | Drop=11 | Overspeed=55
Agent Steps: 0098M | FPS: 52611.4 | Last FPS: 53433.9 | Collect Time: 25.2 min | Train RL Time: 5.9 min | Current Best: 178.81
-----------------------
episode rewards: 184.10 | episode lengths: 280.22
episode rot angle(rad): 5.05
epsode sparse reward: 0.00
success rate (rot>6): 0.0133 (5/375)
best success rate: 0.0469
Terminations: Fall=73 | Drop=3 | Overspeed=57
Agent Steps: 0108M | FPS: 52770.6 | Last FPS: 53165.6 | Collect Time: 27.6 min | Train RL Time: 6.5 min | Current Best: 184.29
-----------------------
episode rewards: 186.70 | episode lengths: 279.81
episode rot angle(rad): 5.27
epsode sparse reward: 0.00
success rate (rot>6): 0.0110 (4/365)
best success rate: 0.0469
Terminations: Fall=46 | Drop=9 | Overspeed=65
Agent Steps: 0118M | FPS: 52865.0 | Last FPS: 53846.8 | Collect Time: 30.1 min | Train RL Time: 7.1 min | Current Best: 186.77
-----------------------
episode rewards: 191.45 | episode lengths: 283.33
episode rot angle(rad): 5.53
epsode sparse reward: 0.00
success rate (rot>6): 0.0302 (10/331)
best success rate: 0.0635
Terminations: Fall=56 | Drop=10 | Overspeed=39
Agent Steps: 0127M | FPS: 52922.8 | Last FPS: 53990.7 | Collect Time: 32.5 min | Train RL Time: 7.7 min | Current Best: 191.56
-----------------------
episode rewards: 193.29 | episode lengths: 284.51
episode rot angle(rad): 5.51
epsode sparse reward: 0.00
success rate (rot>6): 0.0060 (2/331)
best success rate: 0.0635
Terminations: Fall=40 | Drop=11 | Overspeed=45
Agent Steps: 0137M | FPS: 52986.7 | Last FPS: 52690.5 | Collect Time: 35.0 min | Train RL Time: 8.3 min | Current Best: 193.08
-----------------------
episode rewards: 196.10 | episode lengths: 287.09
episode rot angle(rad): 5.52
epsode sparse reward: 0.00
success rate (rot>6): 0.0032 (1/317)
best success rate: 0.0635
Terminations: Fall=47 | Drop=6 | Overspeed=53
Agent Steps: 0147M | FPS: 53039.4 | Last FPS: 53060.8 | Collect Time: 37.4 min | Train RL Time: 8.8 min | Current Best: 196.42
-----------------------
episode rewards: 200.11 | episode lengths: 290.26
episode rot angle(rad): 5.51
epsode sparse reward: 0.00
success rate (rot>6): 0.0058 (2/345)
best success rate: 0.0635
Terminations: Fall=45 | Drop=10 | Overspeed=51
Agent Steps: 0157M | FPS: 53091.0 | Last FPS: 54428.9 | Collect Time: 39.9 min | Train RL Time: 9.4 min | Current Best: 200.07
-----------------------
episode rewards: 201.50 | episode lengths: 290.50
episode rot angle(rad): 5.59
epsode sparse reward: 0.00
success rate (rot>6): 0.0085 (3/352)
best success rate: 0.0635
Terminations: Fall=53 | Drop=8 | Overspeed=56
Agent Steps: 0167M | FPS: 53156.2 | Last FPS: 53883.5 | Collect Time: 42.3 min | Train RL Time: 10.0 min | Current Best: 201.87
-----------------------
episode rewards: 201.43 | episode lengths: 290.33
episode rot angle(rad): 5.68
epsode sparse reward: 0.00
success rate (rot>6): 0.0029 (1/347)
best success rate: 0.0635
Terminations: Fall=60 | Drop=5 | Overspeed=62
Agent Steps: 0177M | FPS: 53216.6 | Last FPS: 54439.5 | Collect Time: 44.7 min | Train RL Time: 10.6 min | Current Best: 202.32
-----------------------
episode rewards: 201.94 | episode lengths: 290.11
episode rot angle(rad): 5.70
epsode sparse reward: 0.00
success rate (rot>6): 0.0144 (5/347)
best success rate: 0.0635
Terminations: Fall=66 | Drop=17 | Overspeed=46
Agent Steps: 0186M | FPS: 53265.3 | Last FPS: 54669.8 | Collect Time: 47.1 min | Train RL Time: 11.2 min | Current Best: 203.14
-----------------------
episode rewards: 201.42 | episode lengths: 289.01
episode rot angle(rad): 5.85
epsode sparse reward: 0.00
success rate (rot>6): 0.0436 (15/344)
best success rate: 0.0819
Terminations: Fall=56 | Drop=9 | Overspeed=41
Agent Steps: 0196M | FPS: 53300.0 | Last FPS: 54727.9 | Collect Time: 49.6 min | Train RL Time: 11.8 min | Current Best: 203.14
-----------------------
episode rewards: 200.96 | episode lengths: 288.89
episode rot angle(rad): 5.77
epsode sparse reward: 0.00
success rate (rot>6): 0.0029 (1/345)
best success rate: 0.0819
Terminations: Fall=50 | Drop=10 | Overspeed=53
Agent Steps: 0206M | FPS: 53340.2 | Last FPS: 53760.0 | Collect Time: 52.0 min | Train RL Time: 12.4 min | Current Best: 203.14
-----------------------
episode rewards: 201.65 | episode lengths: 289.69
episode rot angle(rad): 5.75
epsode sparse reward: 0.00
success rate (rot>6): 0.0104 (4/383)
best success rate: 0.0819
Terminations: Fall=63 | Drop=14 | Overspeed=49
Agent Steps: 0216M | FPS: 53382.4 | Last FPS: 53526.9 | Collect Time: 54.4 min | Train RL Time: 13.0 min | Current Best: 203.14
-----------------------
episode rewards: 204.22 | episode lengths: 292.87
episode rot angle(rad): 5.89
epsode sparse reward: 0.00
success rate (rot>6): 0.0279 (10/358)
best success rate: 0.0819
Terminations: Fall=47 | Drop=11 | Overspeed=53
Agent Steps: 0226M | FPS: 53425.4 | Last FPS: 53540.3 | Collect Time: 56.9 min | Train RL Time: 13.6 min | Current Best: 204.26
-----------------------
episode rewards: 204.69 | episode lengths: 293.29
episode rot angle(rad): 5.91
epsode sparse reward: 0.00
success rate (rot>6): 0.0180 (7/389)
best success rate: 0.0819
Terminations: Fall=51 | Drop=17 | Overspeed=55
Agent Steps: 0236M | FPS: 53451.6 | Last FPS: 53552.6 | Collect Time: 59.3 min | Train RL Time: 14.2 min | Current Best: 204.87
-----------------------
episode rewards: 205.71 | episode lengths: 294.29
episode rot angle(rad): 5.99
epsode sparse reward: 0.00
success rate (rot>6): 0.0398 (14/352)
best success rate: 0.0819
Terminations: Fall=42 | Drop=9 | Overspeed=44
Agent Steps: 0245M | FPS: 53481.1 | Last FPS: 55392.9 | Collect Time: 61.7 min | Train RL Time: 14.7 min | Current Best: 205.51
max steps achieved
Final best reward: 206.72
Final success rate: 0.0819
Final mean rotation angle (rad): 5.9937

OPTUNA_METRICS: reward=206.7231 success_rate=0.0819 mean_rot_angle=5.9937


训练指标:
  Best Reward:         206.7231
  Success Rate:        0.0819
  Mean Rot Angle(rad): 5.9937
  Composite Score:     814.28
    = 1.0×206.72 + 100.0×0.0819 + 100.0×5.9937

================================================================================
[Optuna Trial 4] 训练完成
================================================================================

                                                                                         [I 2025-11-26 02:28:07,098] Trial 4 finished with value: 814.2831 and parameters: {'learning_rate': 0.00033021030455152565, 'weight_decay': 3.100196093957532e-05, 'gamma': 0.99, 'tau': 0.9, 'e_clip': 0.3, 'entropy_coef': 0.004518753162602031, 'critic_coef': 2.0, 'kl_threshold': 0.04197809453334862, 'mini_epochs': 5, 'minibatch_size': 16384, 'grad_norm': 1.0, 'angvelClipMin': -0.1815350954164421, 'angvelClipMax': 0.6471132530877013, 'angvelPenaltyThresHigh': 0.8161529152967897, 'angvelPenaltyThresLow': -0.6099410867717316, 'rotate_reward_scale': 1.8036620261121377, 'obj_linvel_penalty_scale': -0.18645653449183877, 'torque_penalty_scale': -0.014940925132322862, 'hand_pose_consistency_penalty_scale': -0.04396099675141321, 'rotate_penalty_scale': -0.08134814896001458, 'pencil_z_dist_penalty_scale': -1.959224858445236, 'position_penalty_scale': -0.18182141136235164}. Best is trial 0 with value: 1418.8338999999999.
Best trial: 0. Best value: 1418.83:  10%|█         | 4/40 [7:09:45<53:05:15, 5308.76s/it]Best trial: 0. Best value: 1418.83:  10%|█         | 4/40 [7:09:45<53:05:15, 5308.76s/it]Best trial: 0. Best value: 1418.83:  12%|█▎        | 5/40 [7:09:45<49:25:02, 5082.94s/it]
================================================================================
[Optuna Trial 5] 开始训练
================================================================================
试验参数:
  learning_rate                  = 0.0004759533213871807
  weight_decay                   = 1.0270566404218867e-05
  gamma                          = 0.992
  tau                            = 0.9
  e_clip                         = 0.1
  entropy_coef                   = 0.0017943146486841235
  critic_coef                    = 0.5
  kl_threshold                   = 0.06299920230170895
  mini_epochs                    = 9
  minibatch_size                 = 8192
  grad_norm                      = 2.0
  angvelClipMin                  = -0.2100695628180196
  angvelClipMax                  = 0.6356119164194802
  angvelPenaltyThresHigh         = 0.6746047873063304
  angvelPenaltyThresLow          = -0.5822132963389282
  rotate_reward_scale            = 2.3456653899288655
  obj_linvel_penalty_scale       = -0.0669370363602324
  torque_penalty_scale           = -0.016603733624271286
  hand_pose_consistency_penalty_scale = -0.027898417692285613
  rotate_penalty_scale           = -0.09158600350049512
  pencil_z_dist_penalty_scale    = -1.8383712859053862
  position_penalty_scale         = -0.12028916229458417
输出目录: outputs/teacher_reproduce_trial_03/optuna_trial_0005
================================================================================


特权信息 (Privileged Information) 维度配置:
================================================================================
名称                             索引范围            维度       状态
--------------------------------------------------------------------------------
obj_position                   [ 0: 3]         3        [固定]
obj_scale                      [ 3: 4]         1        [固定]
obj_mass                       [ 4: 5]         1        [固定]
obj_friction                   [ 5: 6]         1        [固定]
obj_com                        [ 6: 9]         3        [固定]
--------------------------------------------------------------------------------
obj_orientation                [ 9:13]         4        ✓
obj_angvel                     [13:16]         3        ✓
fingertip_position             [16:31]         15       ✓
obj_restitution                [31:32]         1        ✓
tactile                        [32:47]         15       ✓
--------------------------------------------------------------------------------
总计: 10 项启用, 实际维度 = 47, 缓冲区大小 = 47
================================================================================

RunningMeanStd:  (126,)
RunningMeanStd:  47
RunningMeanStd:  3
RunningMeanStd:  (1,)
-----------------------
episode rewards: 44.29 | episode lengths: 108.76
episode rot angle(rad): 0.90
epsode sparse reward: 0.00
success rate (rot>6): 0.0000 (0/628)
best success rate: 0.0000
Terminations: Fall=127 | Drop=88 | Overspeed=118
Agent Steps: 0009M | FPS: 44713.2 | Last FPS: 44851.6 | Collect Time: 2.5 min | Train RL Time: 1.2 min | Current Best: -10000.00
-----------------------
episode rewards: 145.06 | episode lengths: 220.04
episode rot angle(rad): 1.09
epsode sparse reward: 0.00
success rate (rot>6): 0.0000 (0/407)
best success rate: 0.0000
Terminations: Fall=57 | Drop=21 | Overspeed=92
Agent Steps: 0019M | FPS: 45265.5 | Last FPS: 44645.1 | Collect Time: 4.9 min | Train RL Time: 2.3 min | Current Best: -10000.00
-----------------------
episode rewards: 179.26 | episode lengths: 247.92
episode rot angle(rad): 1.12
epsode sparse reward: 0.00
success rate (rot>6): 0.0000 (0/386)
best success rate: 0.0000
Terminations: Fall=54 | Drop=3 | Overspeed=93
Agent Steps: 0029M | FPS: 45431.5 | Last FPS: 45011.5 | Collect Time: 7.4 min | Train RL Time: 3.5 min | Current Best: -10000.00
-----------------------
episode rewards: 191.35 | episode lengths: 258.30
episode rot angle(rad): 0.95
epsode sparse reward: 0.00
success rate (rot>6): 0.0000 (0/425)
best success rate: 0.0000
Terminations: Fall=48 | Drop=11 | Overspeed=96
Agent Steps: 0039M | FPS: 45562.5 | Last FPS: 47320.4 | Collect Time: 9.8 min | Train RL Time: 4.6 min | Current Best: -10000.00
-----------------------
episode rewards: 194.80 | episode lengths: 260.36
episode rot angle(rad): 0.78
epsode sparse reward: 0.00
success rate (rot>6): 0.0000 (0/387)
best success rate: 0.0000
Terminations: Fall=57 | Drop=12 | Overspeed=77
Agent Steps: 0049M | FPS: 45642.7 | Last FPS: 46935.1 | Collect Time: 12.2 min | Train RL Time: 5.8 min | Current Best: -10000.00
-----------------------
episode rewards: 201.81 | episode lengths: 265.45
episode rot angle(rad): 0.88
epsode sparse reward: 0.00
success rate (rot>6): 0.0000 (0/350)
best success rate: 0.0000
Terminations: Fall=47 | Drop=11 | Overspeed=73
Agent Steps: 0059M | FPS: 45739.4 | Last FPS: 45997.9 | Collect Time: 14.6 min | Train RL Time: 6.9 min | Current Best: 202.12
-----------------------
episode rewards: 206.68 | episode lengths: 269.61
episode rot angle(rad): 0.97
epsode sparse reward: 0.00
success rate (rot>6): 0.0000 (0/357)
best success rate: 0.0000
Terminations: Fall=48 | Drop=10 | Overspeed=71
Agent Steps: 0068M | FPS: 45811.9 | Last FPS: 46806.3 | Collect Time: 16.9 min | Train RL Time: 8.1 min | Current Best: 207.21
-----------------------
episode rewards: 208.19 | episode lengths: 270.34
episode rot angle(rad): 1.03
epsode sparse reward: 0.00
success rate (rot>6): 0.0000 (0/364)
best success rate: 0.0000
Terminations: Fall=41 | Drop=14 | Overspeed=69
Agent Steps: 0078M | FPS: 45888.0 | Last FPS: 47113.5 | Collect Time: 19.3 min | Train RL Time: 9.2 min | Current Best: 208.05
-----------------------
episode rewards: 213.32 | episode lengths: 274.23
episode rot angle(rad): 1.17
epsode sparse reward: 0.00
success rate (rot>6): 0.0000 (0/326)
best success rate: 0.0000
Terminations: Fall=33 | Drop=8 | Overspeed=61
Agent Steps: 0088M | FPS: 45934.4 | Last FPS: 46607.8 | Collect Time: 21.7 min | Train RL Time: 10.4 min | Current Best: 213.23
-----------------------
episode rewards: 216.32 | episode lengths: 275.63
episode rot angle(rad): 1.24
epsode sparse reward: 0.00
success rate (rot>6): 0.0000 (0/353)
best success rate: 0.0000
Terminations: Fall=37 | Drop=10 | Overspeed=71
Agent Steps: 0098M | FPS: 46001.4 | Last FPS: 46776.2 | Collect Time: 24.0 min | Train RL Time: 11.5 min | Current Best: 216.39
-----------------------
episode rewards: 222.02 | episode lengths: 280.17
episode rot angle(rad): 1.29
epsode sparse reward: 0.00
success rate (rot>6): 0.0000 (0/349)
best success rate: 0.0000
Terminations: Fall=39 | Drop=14 | Overspeed=73
Agent Steps: 0108M | FPS: 46048.8 | Last FPS: 47230.1 | Collect Time: 26.4 min | Train RL Time: 12.7 min | Current Best: 222.85
-----------------------
episode rewards: 224.26 | episode lengths: 281.30
episode rot angle(rad): 1.31
epsode sparse reward: 0.00
success rate (rot>6): 0.0000 (0/312)
best success rate: 0.0000
Terminations: Fall=44 | Drop=7 | Overspeed=53
Agent Steps: 0118M | FPS: 46118.3 | Last FPS: 46825.6 | Collect Time: 28.7 min | Train RL Time: 13.8 min | Current Best: 224.60
-----------------------
episode rewards: 228.37 | episode lengths: 284.21
episode rot angle(rad): 1.29
epsode sparse reward: 0.00
success rate (rot>6): 0.0000 (0/365)
best success rate: 0.0000
Terminations: Fall=32 | Drop=10 | Overspeed=73
Agent Steps: 0127M | FPS: 46167.6 | Last FPS: 47243.8 | Collect Time: 31.1 min | Train RL Time: 15.0 min | Current Best: 228.71
-----------------------
episode rewards: 234.19 | episode lengths: 288.54
episode rot angle(rad): 1.40
epsode sparse reward: 0.00
success rate (rot>6): 0.0000 (0/352)
best success rate: 0.0000
Terminations: Fall=25 | Drop=5 | Overspeed=65
Agent Steps: 0137M | FPS: 46221.8 | Last FPS: 45530.1 | Collect Time: 33.4 min | Train RL Time: 16.1 min | Current Best: 233.96
-----------------------
episode rewards: 234.33 | episode lengths: 286.29
episode rot angle(rad): 1.53
epsode sparse reward: 0.00
success rate (rot>6): 0.0000 (0/337)
best success rate: 0.0028
Terminations: Fall=35 | Drop=7 | Overspeed=74
Agent Steps: 0147M | FPS: 46268.2 | Last FPS: 46844.7 | Collect Time: 35.7 min | Train RL Time: 17.3 min | Current Best: 234.84
-----------------------
episode rewards: 240.11 | episode lengths: 291.43
episode rot angle(rad): 1.65
epsode sparse reward: 0.00
success rate (rot>6): 0.0000 (0/317)
best success rate: 0.0029
Terminations: Fall=43 | Drop=6 | Overspeed=58
Agent Steps: 0157M | FPS: 46302.8 | Last FPS: 46929.3 | Collect Time: 38.1 min | Train RL Time: 18.4 min | Current Best: 240.60
-----------------------
episode rewards: 241.86 | episode lengths: 291.77
episode rot angle(rad): 1.72
epsode sparse reward: 0.00
success rate (rot>6): 0.0000 (0/319)
best success rate: 0.0065
Terminations: Fall=33 | Drop=12 | Overspeed=55
Agent Steps: 0167M | FPS: 46346.3 | Last FPS: 47459.3 | Collect Time: 40.4 min | Train RL Time: 19.6 min | Current Best: 242.32
-----------------------
episode rewards: 243.48 | episode lengths: 292.26
episode rot angle(rad): 1.75
epsode sparse reward: 0.00
success rate (rot>6): 0.0000 (0/349)
best success rate: 0.0065
Terminations: Fall=36 | Drop=14 | Overspeed=60
Agent Steps: 0177M | FPS: 46366.8 | Last FPS: 47038.8 | Collect Time: 42.7 min | Train RL Time: 20.7 min | Current Best: 243.83
-----------------------
episode rewards: 247.00 | episode lengths: 294.83
episode rot angle(rad): 1.82
epsode sparse reward: 0.00
success rate (rot>6): 0.0000 (0/375)
best success rate: 0.0065
Terminations: Fall=45 | Drop=9 | Overspeed=73
Agent Steps: 0186M | FPS: 46374.1 | Last FPS: 46343.7 | Collect Time: 45.1 min | Train RL Time: 21.9 min | Current Best: 247.38
-----------------------
episode rewards: 244.05 | episode lengths: 290.05
episode rot angle(rad): 1.82
epsode sparse reward: 0.00
success rate (rot>6): 0.0000 (0/322)
best success rate: 0.0065
Terminations: Fall=22 | Drop=15 | Overspeed=53
Agent Steps: 0196M | FPS: 46376.4 | Last FPS: 46126.0 | Collect Time: 47.5 min | Train RL Time: 23.0 min | Current Best: 247.38
-----------------------
episode rewards: 244.92 | episode lengths: 290.53
episode rot angle(rad): 1.82
epsode sparse reward: 0.00
success rate (rot>6): 0.0034 (1/297)
best success rate: 0.0065
Terminations: Fall=29 | Drop=10 | Overspeed=47
Agent Steps: 0206M | FPS: 46373.5 | Last FPS: 46788.4 | Collect Time: 49.8 min | Train RL Time: 24.2 min | Current Best: 247.38
-----------------------
episode rewards: 247.49 | episode lengths: 292.91
episode rot angle(rad): 1.85
epsode sparse reward: 0.00
success rate (rot>6): 0.0000 (0/328)
best success rate: 0.0065
Terminations: Fall=30 | Drop=12 | Overspeed=65
Agent Steps: 0216M | FPS: 46383.2 | Last FPS: 47218.2 | Collect Time: 52.2 min | Train RL Time: 25.3 min | Current Best: 248.02
-----------------------
episode rewards: 249.66 | episode lengths: 295.19
episode rot angle(rad): 1.93
epsode sparse reward: 0.00
success rate (rot>6): 0.0000 (0/329)
best success rate: 0.0065
Terminations: Fall=27 | Drop=3 | Overspeed=61
Agent Steps: 0226M | FPS: 46386.6 | Last FPS: 46183.0 | Collect Time: 54.6 min | Train RL Time: 26.5 min | Current Best: 249.72
-----------------------
episode rewards: 247.24 | episode lengths: 292.92
episode rot angle(rad): 1.97
epsode sparse reward: 0.00
success rate (rot>6): 0.0000 (0/367)
best success rate: 0.0065
Terminations: Fall=43 | Drop=8 | Overspeed=70
Agent Steps: 0236M | FPS: 46389.1 | Last FPS: 46028.7 | Collect Time: 56.9 min | Train RL Time: 27.6 min | Current Best: 249.78
-----------------------
episode rewards: 248.86 | episode lengths: 295.52
episode rot angle(rad): 2.00
epsode sparse reward: 0.00
success rate (rot>6): 0.0000 (0/362)
best success rate: 0.0065
Terminations: Fall=35 | Drop=3 | Overspeed=91
Agent Steps: 0245M | FPS: 46389.7 | Last FPS: 46545.5 | Collect Time: 59.3 min | Train RL Time: 28.8 min | Current Best: 249.78
max steps achieved
Final best reward: 251.18
Final success rate: 0.0065
Final mean rotation angle (rad): 2.0137

OPTUNA_METRICS: reward=251.1825 success_rate=0.0065 mean_rot_angle=2.0137


训练指标:
  Best Reward:         251.1825
  Success Rate:        0.0065
  Mean Rot Angle(rad): 2.0137
  Composite Score:     453.20
    = 1.0×251.18 + 100.0×0.0065 + 100.0×2.0137

================================================================================
[Optuna Trial 5] 训练完成
================================================================================

                                                                                         [I 2025-11-26 03:58:05,909] Trial 5 finished with value: 453.2025 and parameters: {'learning_rate': 0.0004759533213871807, 'weight_decay': 1.0270566404218867e-05, 'gamma': 0.992, 'tau': 0.9, 'e_clip': 0.1, 'entropy_coef': 0.0017943146486841235, 'critic_coef': 0.5, 'kl_threshold': 0.06299920230170895, 'mini_epochs': 9, 'minibatch_size': 8192, 'grad_norm': 2.0, 'angvelClipMin': -0.2100695628180196, 'angvelClipMax': 0.6356119164194802, 'angvelPenaltyThresHigh': 0.6746047873063304, 'angvelPenaltyThresLow': -0.5822132963389282, 'rotate_reward_scale': 2.3456653899288655, 'obj_linvel_penalty_scale': -0.0669370363602324, 'torque_penalty_scale': -0.016603733624271286, 'hand_pose_consistency_penalty_scale': -0.027898417692285613, 'rotate_penalty_scale': -0.09158600350049512, 'pencil_z_dist_penalty_scale': -1.8383712859053862, 'position_penalty_scale': -0.12028916229458417}. Best is trial 0 with value: 1418.8338999999999.
Best trial: 0. Best value: 1418.83:  12%|█▎        | 5/40 [8:39:44<49:25:02, 5082.94s/it]Best trial: 0. Best value: 1418.83:  12%|█▎        | 5/40 [8:39:44<49:25:02, 5082.94s/it]Best trial: 0. Best value: 1418.83:  15%|█▌        | 6/40 [8:39:44<49:01:11, 5190.34s/it]
================================================================================
[Optuna Trial 6] 开始训练
================================================================================
试验参数:
  learning_rate                  = 0.0004040443700223642
  weight_decay                   = 1.0149121769262488e-05
  gamma                          = 0.99
  tau                            = 0.95
  e_clip                         = 0.3
  entropy_coef                   = 0.0026607436124776005
  critic_coef                    = 1.0
  kl_threshold                   = 0.0724611705247089
  mini_epochs                    = 8
  minibatch_size                 = 8192
  grad_norm                      = 2.0
  angvelClipMin                  = -0.28207068259997187
  angvelClipMax                  = 0.8568186220708454
  angvelPenaltyThresHigh         = 0.8155693129986314
  angvelPenaltyThresLow          = -0.5615566089375055
  rotate_reward_scale            = 1.7539556396577882
  obj_linvel_penalty_scale       = -0.11346441730604613
  torque_penalty_scale           = -0.025224469185434084
  hand_pose_consistency_penalty_scale = -0.05023785061009777
  rotate_penalty_scale           = -0.027754788473849476
  pencil_z_dist_penalty_scale    = -1.7192276375591442
  position_penalty_scale         = -0.29513680671370923
输出目录: outputs/teacher_reproduce_trial_03/optuna_trial_0006
================================================================================


特权信息 (Privileged Information) 维度配置:
================================================================================
名称                             索引范围            维度       状态
--------------------------------------------------------------------------------
obj_position                   [ 0: 3]         3        [固定]
obj_scale                      [ 3: 4]         1        [固定]
obj_mass                       [ 4: 5]         1        [固定]
obj_friction                   [ 5: 6]         1        [固定]
obj_com                        [ 6: 9]         3        [固定]
--------------------------------------------------------------------------------
obj_orientation                [ 9:13]         4        ✓
obj_angvel                     [13:16]         3        ✓
fingertip_position             [16:31]         15       ✓
obj_restitution                [31:32]         1        ✓
tactile                        [32:47]         15       ✓
--------------------------------------------------------------------------------
总计: 10 项启用, 实际维度 = 47, 缓冲区大小 = 47
================================================================================

RunningMeanStd:  (126,)
RunningMeanStd:  47
RunningMeanStd:  3
RunningMeanStd:  (1,)
-----------------------
episode rewards: 51.05 | episode lengths: 69.03
episode rot angle(rad): 2.54
epsode sparse reward: 0.00
success rate (rot>6): 0.0000 (0/1343)
best success rate: 0.0000
Terminations: Fall=247 | Drop=934 | Overspeed=162
Agent Steps: 0009M | FPS: 45699.8 | Last FPS: 45271.7 | Collect Time: 2.6 min | Train RL Time: 1.0 min | Current Best: -10000.00
-----------------------
episode rewards: 77.78 | episode lengths: 96.70
episode rot angle(rad): 3.60
epsode sparse reward: 0.00
success rate (rot>6): 0.0330 (30/908)
best success rate: 0.0413
Terminations: Fall=179 | Drop=599 | Overspeed=110
Agent Steps: 0019M | FPS: 45693.4 | Last FPS: 45620.8 | Collect Time: 5.1 min | Train RL Time: 2.0 min | Current Best: -10000.00
-----------------------
episode rewards: 129.25 | episode lengths: 172.88
episode rot angle(rad): 5.95
epsode sparse reward: 0.00
success rate (rot>6): 0.3791 (174/459)
best success rate: 0.4379
Terminations: Fall=101 | Drop=85 | Overspeed=89
Agent Steps: 0029M | FPS: 45808.6 | Last FPS: 46901.7 | Collect Time: 7.7 min | Train RL Time: 3.1 min | Current Best: -10000.00
-----------------------
episode rewards: 197.08 | episode lengths: 234.17
episode rot angle(rad): 9.27
epsode sparse reward: 0.00
success rate (rot>6): 0.5596 (216/386)
best success rate: 0.6407
Terminations: Fall=80 | Drop=41 | Overspeed=73
Agent Steps: 0039M | FPS: 46024.8 | Last FPS: 46732.3 | Collect Time: 10.1 min | Train RL Time: 4.1 min | Current Best: -10000.00
-----------------------
episode rewards: 232.28 | episode lengths: 253.61
episode rot angle(rad): 11.14
epsode sparse reward: 0.00
success rate (rot>6): 0.6000 (216/360)
best success rate: 0.6560
Terminations: Fall=76 | Drop=23 | Overspeed=65
Agent Steps: 0049M | FPS: 46159.6 | Last FPS: 46280.8 | Collect Time: 12.6 min | Train RL Time: 5.1 min | Current Best: -10000.00
-----------------------
episode rewards: 234.65 | episode lengths: 249.34
episode rot angle(rad): 11.33
epsode sparse reward: 0.00
success rate (rot>6): 0.5508 (217/394)
best success rate: 0.6804
Terminations: Fall=86 | Drop=26 | Overspeed=78
Agent Steps: 0059M | FPS: 46243.8 | Last FPS: 47102.1 | Collect Time: 15.1 min | Train RL Time: 6.1 min | Current Best: 234.83
-----------------------
episode rewards: 247.41 | episode lengths: 255.17
episode rot angle(rad): 12.09
epsode sparse reward: 0.00
success rate (rot>6): 0.6755 (254/376)
best success rate: 0.6804
Terminations: Fall=65 | Drop=19 | Overspeed=68
Agent Steps: 0068M | FPS: 46293.5 | Last FPS: 47403.0 | Collect Time: 17.6 min | Train RL Time: 7.2 min | Current Best: 247.10
-----------------------
episode rewards: 248.41 | episode lengths: 251.57
episode rot angle(rad): 12.46
epsode sparse reward: 0.00
success rate (rot>6): 0.5885 (226/384)
best success rate: 0.6804
Terminations: Fall=69 | Drop=32 | Overspeed=80
Agent Steps: 0078M | FPS: 46354.7 | Last FPS: 46091.1 | Collect Time: 20.0 min | Train RL Time: 8.2 min | Current Best: 250.71
-----------------------
episode rewards: 260.76 | episode lengths: 261.91
episode rot angle(rad): 13.03
epsode sparse reward: 0.00
success rate (rot>6): 0.6658 (249/374)
best success rate: 0.7064
Terminations: Fall=55 | Drop=23 | Overspeed=59
Agent Steps: 0088M | FPS: 46373.4 | Last FPS: 46701.5 | Collect Time: 22.5 min | Train RL Time: 9.2 min | Current Best: 260.48
-----------------------
episode rewards: 264.85 | episode lengths: 264.33
episode rot angle(rad): 13.27
epsode sparse reward: 0.00
success rate (rot>6): 0.6005 (245/408)
best success rate: 0.7064
Terminations: Fall=91 | Drop=30 | Overspeed=62
Agent Steps: 0098M | FPS: 46380.0 | Last FPS: 45388.3 | Collect Time: 25.0 min | Train RL Time: 10.2 min | Current Best: 265.21
-----------------------
episode rewards: 262.41 | episode lengths: 257.84
episode rot angle(rad): 13.12
epsode sparse reward: 0.00
success rate (rot>6): 0.6468 (249/385)
best success rate: 0.7064
Terminations: Fall=61 | Drop=32 | Overspeed=60
Agent Steps: 0108M | FPS: 46386.2 | Last FPS: 46710.4 | Collect Time: 27.5 min | Train RL Time: 11.3 min | Current Best: 265.21
-----------------------
episode rewards: 270.56 | episode lengths: 263.04
episode rot angle(rad): 13.41
epsode sparse reward: 0.00
success rate (rot>6): 0.6539 (274/419)
best success rate: 0.7250
Terminations: Fall=69 | Drop=28 | Overspeed=72
Agent Steps: 0118M | FPS: 46366.6 | Last FPS: 47009.7 | Collect Time: 30.0 min | Train RL Time: 12.3 min | Current Best: 270.47
-----------------------
episode rewards: 271.85 | episode lengths: 263.17
episode rot angle(rad): 13.56
epsode sparse reward: 0.00
success rate (rot>6): 0.6551 (245/374)
best success rate: 0.7250
Terminations: Fall=55 | Drop=28 | Overspeed=63
Agent Steps: 0127M | FPS: 46339.0 | Last FPS: 45697.5 | Collect Time: 32.6 min | Train RL Time: 13.3 min | Current Best: 273.15
-----------------------
episode rewards: 275.02 | episode lengths: 264.22
episode rot angle(rad): 13.67
epsode sparse reward: 0.00
success rate (rot>6): 0.6289 (244/388)
best success rate: 0.7250
Terminations: Fall=73 | Drop=27 | Overspeed=71
Agent Steps: 0137M | FPS: 46314.0 | Last FPS: 45580.9 | Collect Time: 35.1 min | Train RL Time: 14.3 min | Current Best: 275.12
-----------------------
episode rewards: 280.77 | episode lengths: 265.37
episode rot angle(rad): 13.95
epsode sparse reward: 0.00
success rate (rot>6): 0.6366 (247/388)
best success rate: 0.7250
Terminations: Fall=70 | Drop=20 | Overspeed=66
Agent Steps: 0147M | FPS: 46290.3 | Last FPS: 46734.4 | Collect Time: 37.6 min | Train RL Time: 15.3 min | Current Best: 281.56
-----------------------
episode rewards: 281.80 | episode lengths: 265.25
episode rot angle(rad): 13.88
epsode sparse reward: 0.00
success rate (rot>6): 0.6102 (227/372)
best success rate: 0.7250
Terminations: Fall=63 | Drop=33 | Overspeed=59
Agent Steps: 0157M | FPS: 46277.9 | Last FPS: 46239.4 | Collect Time: 40.2 min | Train RL Time: 16.4 min | Current Best: 282.41
-----------------------
episode rewards: 290.60 | episode lengths: 270.50
episode rot angle(rad): 14.21
epsode sparse reward: 0.00
success rate (rot>6): 0.7321 (235/321)
best success rate: 0.7321
Terminations: Fall=39 | Drop=29 | Overspeed=35
Agent Steps: 0167M | FPS: 46266.6 | Last FPS: 46467.6 | Collect Time: 42.7 min | Train RL Time: 17.4 min | Current Best: 290.69
-----------------------
episode rewards: 293.89 | episode lengths: 271.32
episode rot angle(rad): 14.33
epsode sparse reward: 0.00
success rate (rot>6): 0.6620 (237/358)
best success rate: 0.7321
Terminations: Fall=59 | Drop=26 | Overspeed=51
Agent Steps: 0177M | FPS: 46250.3 | Last FPS: 46421.8 | Collect Time: 45.2 min | Train RL Time: 18.4 min | Current Best: 295.00
-----------------------
episode rewards: 298.17 | episode lengths: 272.54
episode rot angle(rad): 14.49
epsode sparse reward: 0.00
success rate (rot>6): 0.6496 (228/351)
best success rate: 0.7486
Terminations: Fall=52 | Drop=38 | Overspeed=54
Agent Steps: 0186M | FPS: 46236.6 | Last FPS: 46182.8 | Collect Time: 47.7 min | Train RL Time: 19.4 min | Current Best: 298.73
-----------------------
episode rewards: 303.45 | episode lengths: 275.32
episode rot angle(rad): 14.64
epsode sparse reward: 0.00
success rate (rot>6): 0.6899 (218/316)
best success rate: 0.7486
Terminations: Fall=51 | Drop=21 | Overspeed=39
Agent Steps: 0196M | FPS: 46214.1 | Last FPS: 45838.2 | Collect Time: 50.3 min | Train RL Time: 20.5 min | Current Best: 303.34
-----------------------
episode rewards: 307.91 | episode lengths: 278.41
episode rot angle(rad): 14.80
epsode sparse reward: 0.00
success rate (rot>6): 0.6685 (248/371)
best success rate: 0.7486
Terminations: Fall=50 | Drop=29 | Overspeed=61
Agent Steps: 0206M | FPS: 46194.9 | Last FPS: 46501.0 | Collect Time: 52.8 min | Train RL Time: 21.5 min | Current Best: 308.18
-----------------------
episode rewards: 308.26 | episode lengths: 278.10
episode rot angle(rad): 14.69
epsode sparse reward: 0.00
success rate (rot>6): 0.6966 (225/323)
best success rate: 0.7486
Terminations: Fall=41 | Drop=19 | Overspeed=52
Agent Steps: 0216M | FPS: 46185.3 | Last FPS: 46131.0 | Collect Time: 55.4 min | Train RL Time: 22.5 min | Current Best: 309.13
-----------------------
episode rewards: 313.00 | episode lengths: 281.10
episode rot angle(rad): 14.90
epsode sparse reward: 0.00
success rate (rot>6): 0.6745 (230/341)
best success rate: 0.7523
Terminations: Fall=59 | Drop=17 | Overspeed=49
Agent Steps: 0226M | FPS: 46175.3 | Last FPS: 45889.1 | Collect Time: 57.9 min | Train RL Time: 23.5 min | Current Best: 314.91
-----------------------
episode rewards: 314.55 | episode lengths: 281.54
episode rot angle(rad): 14.97
epsode sparse reward: 0.00
success rate (rot>6): 0.7114 (249/350)
best success rate: 0.7523
Terminations: Fall=47 | Drop=22 | Overspeed=48
Agent Steps: 0236M | FPS: 46169.9 | Last FPS: 45696.1 | Collect Time: 60.4 min | Train RL Time: 24.6 min | Current Best: 315.03
-----------------------
episode rewards: 319.09 | episode lengths: 284.88
episode rot angle(rad): 15.15
epsode sparse reward: 0.00
success rate (rot>6): 0.6892 (255/370)
best success rate: 0.7593
Terminations: Fall=59 | Drop=21 | Overspeed=48
Agent Steps: 0245M | FPS: 46169.2 | Last FPS: 46440.9 | Collect Time: 62.9 min | Train RL Time: 25.6 min | Current Best: 319.14
max steps achieved
Final best reward: 320.11
Final success rate: 0.7593
Final mean rotation angle (rad): 15.1015

OPTUNA_METRICS: reward=320.1134 success_rate=0.7593 mean_rot_angle=15.1015


训练指标:
  Best Reward:         320.1134
  Success Rate:        0.7593
  Mean Rot Angle(rad): 15.1015
  Composite Score:     1906.19
    = 1.0×320.11 + 100.0×0.7593 + 100.0×15.1015

================================================================================
[Optuna Trial 6] 训练完成
================================================================================

                                                                                         [I 2025-11-26 05:28:30,536] Trial 6 finished with value: 1906.1933999999999 and parameters: {'learning_rate': 0.0004040443700223642, 'weight_decay': 1.0149121769262488e-05, 'gamma': 0.99, 'tau': 0.95, 'e_clip': 0.3, 'entropy_coef': 0.0026607436124776005, 'critic_coef': 1.0, 'kl_threshold': 0.0724611705247089, 'mini_epochs': 8, 'minibatch_size': 8192, 'grad_norm': 2.0, 'angvelClipMin': -0.28207068259997187, 'angvelClipMax': 0.8568186220708454, 'angvelPenaltyThresHigh': 0.8155693129986314, 'angvelPenaltyThresLow': -0.5615566089375055, 'rotate_reward_scale': 1.7539556396577882, 'obj_linvel_penalty_scale': -0.11346441730604613, 'torque_penalty_scale': -0.025224469185434084, 'hand_pose_consistency_penalty_scale': -0.05023785061009777, 'rotate_penalty_scale': -0.027754788473849476, 'pencil_z_dist_penalty_scale': -1.7192276375591442, 'position_penalty_scale': -0.29513680671370923}. Best is trial 6 with value: 1906.1933999999999.
Best trial: 0. Best value: 1418.83:  15%|█▌        | 6/40 [10:10:08<49:01:11, 5190.34s/it]Best trial: 6. Best value: 1906.19:  15%|█▌        | 6/40 [10:10:08<49:01:11, 5190.34s/it]Best trial: 6. Best value: 1906.19:  18%|█▊        | 7/40 [10:10:08<48:16:48, 5266.93s/it]
================================================================================
[Optuna Trial 7] 开始训练
================================================================================
试验参数:
  learning_rate                  = 0.0004420509170923649
  weight_decay                   = 1.3298267121582924e-05
  gamma                          = 0.99
  tau                            = 0.95
  e_clip                         = 0.2
  entropy_coef                   = 0.0069710661882715205
  critic_coef                    = 2.0
  kl_threshold                   = 0.04584610025781388
  mini_epochs                    = 6
  minibatch_size                 = 16384
  grad_norm                      = 2.0
  angvelClipMin                  = -0.10298384496872098
  angvelClipMax                  = 0.5560336060946096
  angvelPenaltyThresHigh         = 0.7591648261818684
  angvelPenaltyThresLow          = -0.5367880784216134
  rotate_reward_scale            = 2.1111529266313065
  obj_linvel_penalty_scale       = -0.0954476388507098
  torque_penalty_scale           = -0.018925477480386723
  hand_pose_consistency_penalty_scale = -0.04202544243901224
  rotate_penalty_scale           = -0.07064081557355067
  pencil_z_dist_penalty_scale    = -1.1906388445214864
  position_penalty_scale         = -0.13797732106416385
输出目录: outputs/teacher_reproduce_trial_03/optuna_trial_0007
================================================================================


特权信息 (Privileged Information) 维度配置:
================================================================================
名称                             索引范围            维度       状态
--------------------------------------------------------------------------------
obj_position                   [ 0: 3]         3        [固定]
obj_scale                      [ 3: 4]         1        [固定]
obj_mass                       [ 4: 5]         1        [固定]
obj_friction                   [ 5: 6]         1        [固定]
obj_com                        [ 6: 9]         3        [固定]
--------------------------------------------------------------------------------
obj_orientation                [ 9:13]         4        ✓
obj_angvel                     [13:16]         3        ✓
fingertip_position             [16:31]         15       ✓
obj_restitution                [31:32]         1        ✓
tactile                        [32:47]         15       ✓
--------------------------------------------------------------------------------
总计: 10 项启用, 实际维度 = 47, 缓冲区大小 = 47
================================================================================

RunningMeanStd:  (126,)
RunningMeanStd:  47
RunningMeanStd:  3
RunningMeanStd:  (1,)
-----------------------
episode rewards: 49.52 | episode lengths: 153.45
episode rot angle(rad): 0.56
epsode sparse reward: 0.00
success rate (rot>6): 0.0000 (0/466)
best success rate: 0.0000
Terminations: Fall=90 | Drop=33 | Overspeed=105
Agent Steps: 0009M | FPS: 51735.3 | Last FPS: 51265.0 | Collect Time: 2.5 min | Train RL Time: 0.7 min | Current Best: -10000.00
-----------------------
episode rewards: 116.71 | episode lengths: 221.68
episode rot angle(rad): 0.94
epsode sparse reward: 0.00
success rate (rot>6): 0.0000 (0/416)
best success rate: 0.0000
Terminations: Fall=79 | Drop=29 | Overspeed=76
Agent Steps: 0019M | FPS: 52018.9 | Last FPS: 52183.5 | Collect Time: 4.9 min | Train RL Time: 1.4 min | Current Best: -10000.00
-----------------------
episode rewards: 142.59 | episode lengths: 240.52
episode rot angle(rad): 1.44
epsode sparse reward: 0.00
success rate (rot>6): 0.0000 (0/368)
best success rate: 0.0022
Terminations: Fall=76 | Drop=10 | Overspeed=77
Agent Steps: 0029M | FPS: 52103.2 | Last FPS: 52479.5 | Collect Time: 7.3 min | Train RL Time: 2.1 min | Current Best: -10000.00
-----------------------
episode rewards: 149.96 | episode lengths: 242.12
episode rot angle(rad): 1.61
epsode sparse reward: 0.00
success rate (rot>6): 0.0000 (0/402)
best success rate: 0.0022
Terminations: Fall=80 | Drop=37 | Overspeed=78
Agent Steps: 0039M | FPS: 52066.4 | Last FPS: 51789.1 | Collect Time: 9.8 min | Train RL Time: 2.8 min | Current Best: -10000.00
-----------------------
episode rewards: 157.86 | episode lengths: 251.47
episode rot angle(rad): 1.78
epsode sparse reward: 0.00
success rate (rot>6): 0.0000 (0/382)
best success rate: 0.0022
Terminations: Fall=63 | Drop=17 | Overspeed=85
Agent Steps: 0049M | FPS: 52055.6 | Last FPS: 50748.0 | Collect Time: 12.2 min | Train RL Time: 3.5 min | Current Best: -10000.00
-----------------------
episode rewards: 167.03 | episode lengths: 261.36
episode rot angle(rad): 1.77
epsode sparse reward: 0.00
success rate (rot>6): 0.0000 (0/390)
best success rate: 0.0026
Terminations: Fall=56 | Drop=19 | Overspeed=75
Agent Steps: 0059M | FPS: 52049.2 | Last FPS: 52399.1 | Collect Time: 14.6 min | Train RL Time: 4.2 min | Current Best: 167.04
-----------------------
episode rewards: 171.13 | episode lengths: 264.53
episode rot angle(rad): 1.92
epsode sparse reward: 0.00
success rate (rot>6): 0.0000 (0/369)
best success rate: 0.0027
Terminations: Fall=45 | Drop=17 | Overspeed=76
Agent Steps: 0068M | FPS: 52040.9 | Last FPS: 52560.9 | Collect Time: 17.1 min | Train RL Time: 4.9 min | Current Best: 171.08
-----------------------
episode rewards: 171.69 | episode lengths: 262.71
episode rot angle(rad): 2.17
epsode sparse reward: 0.00
success rate (rot>6): 0.0000 (0/387)
best success rate: 0.0027
Terminations: Fall=54 | Drop=17 | Overspeed=74
Agent Steps: 0078M | FPS: 52069.9 | Last FPS: 53519.2 | Collect Time: 19.5 min | Train RL Time: 5.6 min | Current Best: 171.66
-----------------------
episode rewards: 180.55 | episode lengths: 272.21
episode rot angle(rad): 2.32
epsode sparse reward: 0.00
success rate (rot>6): 0.0000 (0/354)
best success rate: 0.0029
Terminations: Fall=42 | Drop=20 | Overspeed=53
Agent Steps: 0088M | FPS: 52106.9 | Last FPS: 51208.7 | Collect Time: 21.9 min | Train RL Time: 6.4 min | Current Best: 180.39
-----------------------
episode rewards: 182.73 | episode lengths: 275.31
episode rot angle(rad): 2.42
epsode sparse reward: 0.00
success rate (rot>6): 0.0000 (0/355)
best success rate: 0.0029
Terminations: Fall=44 | Drop=21 | Overspeed=77
Agent Steps: 0098M | FPS: 52186.6 | Last FPS: 53758.9 | Collect Time: 24.3 min | Train RL Time: 7.1 min | Current Best: 184.06
-----------------------
episode rewards: 186.86 | episode lengths: 281.23
episode rot angle(rad): 2.59
epsode sparse reward: 0.00
success rate (rot>6): 0.0000 (0/343)
best success rate: 0.0030
Terminations: Fall=37 | Drop=7 | Overspeed=58
Agent Steps: 0108M | FPS: 52269.5 | Last FPS: 52265.5 | Collect Time: 26.7 min | Train RL Time: 7.8 min | Current Best: 186.68
-----------------------
episode rewards: 193.07 | episode lengths: 286.25
episode rot angle(rad): 2.82
epsode sparse reward: 0.00
success rate (rot>6): 0.0000 (0/326)
best success rate: 0.0030
Terminations: Fall=43 | Drop=15 | Overspeed=40
Agent Steps: 0118M | FPS: 52304.9 | Last FPS: 51204.2 | Collect Time: 29.1 min | Train RL Time: 8.5 min | Current Best: 193.00
-----------------------
episode rewards: 195.76 | episode lengths: 287.07
episode rot angle(rad): 2.98
epsode sparse reward: 0.00
success rate (rot>6): 0.0000 (0/312)
best success rate: 0.0032
Terminations: Fall=31 | Drop=9 | Overspeed=43
Agent Steps: 0127M | FPS: 52320.2 | Last FPS: 51784.2 | Collect Time: 31.5 min | Train RL Time: 9.2 min | Current Best: 196.25
-----------------------
episode rewards: 198.40 | episode lengths: 288.69
episode rot angle(rad): 3.15
epsode sparse reward: 0.00
success rate (rot>6): 0.0030 (1/337)
best success rate: 0.0054
Terminations: Fall=33 | Drop=9 | Overspeed=60
Agent Steps: 0137M | FPS: 52378.7 | Last FPS: 52587.2 | Collect Time: 33.8 min | Train RL Time: 9.9 min | Current Best: 198.36
-----------------------
episode rewards: 202.35 | episode lengths: 292.49
episode rot angle(rad): 3.29
epsode sparse reward: 0.00
success rate (rot>6): 0.0030 (1/335)
best success rate: 0.0128
Terminations: Fall=38 | Drop=10 | Overspeed=54
Agent Steps: 0147M | FPS: 52439.1 | Last FPS: 54093.1 | Collect Time: 36.2 min | Train RL Time: 10.6 min | Current Best: 202.69
-----------------------
episode rewards: 204.09 | episode lengths: 293.94
episode rot angle(rad): 3.34
epsode sparse reward: 0.00
success rate (rot>6): 0.0176 (6/340)
best success rate: 0.0334
Terminations: Fall=30 | Drop=11 | Overspeed=46
Agent Steps: 0157M | FPS: 52476.2 | Last FPS: 53910.8 | Collect Time: 38.6 min | Train RL Time: 11.3 min | Current Best: 204.28
-----------------------
episode rewards: 203.83 | episode lengths: 292.82
episode rot angle(rad): 3.47
epsode sparse reward: 0.00
success rate (rot>6): 0.0294 (9/306)
best success rate: 0.0395
Terminations: Fall=36 | Drop=8 | Overspeed=29
Agent Steps: 0167M | FPS: 52505.0 | Last FPS: 53288.5 | Collect Time: 41.0 min | Train RL Time: 12.0 min | Current Best: 204.88
-----------------------
episode rewards: 205.86 | episode lengths: 295.30
episode rot angle(rad): 3.52
epsode sparse reward: 0.00
success rate (rot>6): 0.0320 (11/344)
best success rate: 0.0572
Terminations: Fall=36 | Drop=15 | Overspeed=55
Agent Steps: 0177M | FPS: 52540.5 | Last FPS: 53324.0 | Collect Time: 43.3 min | Train RL Time: 12.7 min | Current Best: 205.94
-----------------------
episode rewards: 206.56 | episode lengths: 295.72
episode rot angle(rad): 3.65
epsode sparse reward: 0.00
success rate (rot>6): 0.0489 (17/348)
best success rate: 0.0714
Terminations: Fall=48 | Drop=13 | Overspeed=51
Agent Steps: 0186M | FPS: 52546.3 | Last FPS: 52269.4 | Collect Time: 45.7 min | Train RL Time: 13.4 min | Current Best: 206.90
-----------------------
episode rewards: 207.78 | episode lengths: 297.80
episode rot angle(rad): 3.70
epsode sparse reward: 0.00
success rate (rot>6): 0.0472 (17/360)
best success rate: 0.0760
Terminations: Fall=36 | Drop=7 | Overspeed=53
Agent Steps: 0196M | FPS: 52551.1 | Last FPS: 53357.1 | Collect Time: 48.1 min | Train RL Time: 14.1 min | Current Best: 207.67
-----------------------
episode rewards: 208.20 | episode lengths: 298.18
episode rot angle(rad): 3.70
epsode sparse reward: 0.00
success rate (rot>6): 0.0301 (10/332)
best success rate: 0.0760
Terminations: Fall=37 | Drop=9 | Overspeed=42
Agent Steps: 0206M | FPS: 52563.5 | Last FPS: 53588.0 | Collect Time: 50.5 min | Train RL Time: 14.8 min | Current Best: 208.16
-----------------------
episode rewards: 209.01 | episode lengths: 299.14
episode rot angle(rad): 3.73
epsode sparse reward: 0.00
success rate (rot>6): 0.0245 (8/327)
best success rate: 0.0839
Terminations: Fall=30 | Drop=15 | Overspeed=51
Agent Steps: 0216M | FPS: 52577.9 | Last FPS: 52619.2 | Collect Time: 52.9 min | Train RL Time: 15.5 min | Current Best: 209.37
-----------------------
episode rewards: 208.13 | episode lengths: 298.22
episode rot angle(rad): 3.77
epsode sparse reward: 0.00
success rate (rot>6): 0.0545 (18/330)
best success rate: 0.0839
Terminations: Fall=34 | Drop=5 | Overspeed=56
Agent Steps: 0226M | FPS: 52592.6 | Last FPS: 51630.8 | Collect Time: 55.3 min | Train RL Time: 16.2 min | Current Best: 209.37
-----------------------
episode rewards: 209.83 | episode lengths: 300.23
episode rot angle(rad): 3.79
epsode sparse reward: 0.00
success rate (rot>6): 0.0280 (9/321)
best success rate: 0.0839
Terminations: Fall=27 | Drop=7 | Overspeed=48
Agent Steps: 0236M | FPS: 52614.9 | Last FPS: 53587.4 | Collect Time: 57.7 min | Train RL Time: 17.0 min | Current Best: 209.71
-----------------------
episode rewards: 210.24 | episode lengths: 300.73
episode rot angle(rad): 3.75
epsode sparse reward: 0.00
success rate (rot>6): 0.0301 (9/299)
best success rate: 0.0839
Terminations: Fall=27 | Drop=8 | Overspeed=31
Agent Steps: 0245M | FPS: 52632.4 | Last FPS: 53803.8 | Collect Time: 60.0 min | Train RL Time: 17.7 min | Current Best: 210.28
max steps achieved
Final best reward: 210.75
Final success rate: 0.0839
Final mean rotation angle (rad): 3.7567

OPTUNA_METRICS: reward=210.7485 success_rate=0.0839 mean_rot_angle=3.7567


训练指标:
  Best Reward:         210.7485
  Success Rate:        0.0839
  Mean Rot Angle(rad): 3.7567
  Composite Score:     594.81
    = 1.0×210.75 + 100.0×0.0839 + 100.0×3.7567

================================================================================
[Optuna Trial 7] 训练完成
================================================================================

                                                                                          [I 2025-11-26 06:47:49,188] Trial 7 finished with value: 594.8085000000001 and parameters: {'learning_rate': 0.0004420509170923649, 'weight_decay': 1.3298267121582924e-05, 'gamma': 0.99, 'tau': 0.95, 'e_clip': 0.2, 'entropy_coef': 0.0069710661882715205, 'critic_coef': 2.0, 'kl_threshold': 0.04584610025781388, 'mini_epochs': 6, 'minibatch_size': 16384, 'grad_norm': 2.0, 'angvelClipMin': -0.10298384496872098, 'angvelClipMax': 0.5560336060946096, 'angvelPenaltyThresHigh': 0.7591648261818684, 'angvelPenaltyThresLow': -0.5367880784216134, 'rotate_reward_scale': 2.1111529266313065, 'obj_linvel_penalty_scale': -0.0954476388507098, 'torque_penalty_scale': -0.018925477480386723, 'hand_pose_consistency_penalty_scale': -0.04202544243901224, 'rotate_penalty_scale': -0.07064081557355067, 'pencil_z_dist_penalty_scale': -1.1906388445214864, 'position_penalty_scale': -0.13797732106416385}. Best is trial 6 with value: 1906.1933999999999.
Best trial: 6. Best value: 1906.19:  18%|█▊        | 7/40 [11:29:27<48:16:48, 5266.93s/it]Best trial: 6. Best value: 1906.19:  18%|█▊        | 7/40 [11:29:27<48:16:48, 5266.93s/it]Best trial: 6. Best value: 1906.19:  20%|██        | 8/40 [11:29:27<45:22:43, 5105.12s/it]
================================================================================
[Optuna Trial 8] 开始训练
================================================================================
试验参数:
  learning_rate                  = 0.0007363297006759714
  weight_decay                   = 4.3483826373471954e-05
  gamma                          = 0.992
  tau                            = 0.95
  e_clip                         = 0.1
  entropy_coef                   = 0.001657873578886083
  critic_coef                    = 0.5
  kl_threshold                   = 0.05713223173537883
  mini_epochs                    = 6
  minibatch_size                 = 8192
  grad_norm                      = 0.5
  angvelClipMin                  = -0.24332702198355868
  angvelClipMax                  = 0.8079974212394443
  angvelPenaltyThresHigh         = 0.6079105137484215
  angvelPenaltyThresLow          = -0.6131328572543
  rotate_reward_scale            = 1.128021197490652
  obj_linvel_penalty_scale       = -0.19224774182470886
  torque_penalty_scale           = -0.02405936105295556
  hand_pose_consistency_penalty_scale = -0.03296824391949467
  rotate_penalty_scale           = -0.03625700985017935
  pencil_z_dist_penalty_scale    = -1.2739086662773385
  position_penalty_scale         = -0.10482958410749307
输出目录: outputs/teacher_reproduce_trial_03/optuna_trial_0008
================================================================================


特权信息 (Privileged Information) 维度配置:
================================================================================
名称                             索引范围            维度       状态
--------------------------------------------------------------------------------
obj_position                   [ 0: 3]         3        [固定]
obj_scale                      [ 3: 4]         1        [固定]
obj_mass                       [ 4: 5]         1        [固定]
obj_friction                   [ 5: 6]         1        [固定]
obj_com                        [ 6: 9]         3        [固定]
--------------------------------------------------------------------------------
obj_orientation                [ 9:13]         4        ✓
obj_angvel                     [13:16]         3        ✓
fingertip_position             [16:31]         15       ✓
obj_restitution                [31:32]         1        ✓
tactile                        [32:47]         15       ✓
--------------------------------------------------------------------------------
总计: 10 项启用, 实际维度 = 47, 缓冲区大小 = 47
================================================================================

RunningMeanStd:  (126,)
RunningMeanStd:  47
RunningMeanStd:  3
RunningMeanStd:  (1,)
-----------------------
episode rewards: 14.12 | episode lengths: 39.91
episode rot angle(rad): 1.17
epsode sparse reward: 0.00
success rate (rot>6): 0.0000 (0/2089)
best success rate: 0.0000
Terminations: Fall=422 | Drop=1187 | Overspeed=480
Agent Steps: 0009M | FPS: 48049.7 | Last FPS: 50194.7 | Collect Time: 2.7 min | Train RL Time: 0.8 min | Current Best: -10000.00
-----------------------
episode rewards: 24.88 | episode lengths: 65.81
episode rot angle(rad): 2.00
epsode sparse reward: 0.00
success rate (rot>6): 0.0000 (0/1526)
best success rate: 0.0000
Terminations: Fall=242 | Drop=903 | Overspeed=381
Agent Steps: 0019M | FPS: 48549.4 | Last FPS: 49638.0 | Collect Time: 5.2 min | Train RL Time: 1.5 min | Current Best: -10000.00
-----------------------
episode rewards: 32.65 | episode lengths: 104.82
episode rot angle(rad): 2.40
epsode sparse reward: 0.00
success rate (rot>6): 0.0108 (7/649)
best success rate: 0.0108
Terminations: Fall=127 | Drop=215 | Overspeed=254
Agent Steps: 0029M | FPS: 48796.7 | Last FPS: 50016.8 | Collect Time: 7.8 min | Train RL Time: 2.3 min | Current Best: -10000.00
-----------------------
episode rewards: 62.76 | episode lengths: 185.98
episode rot angle(rad): 4.49
epsode sparse reward: 0.00
success rate (rot>6): 0.2164 (103/476)
best success rate: 0.2416
Terminations: Fall=76 | Drop=55 | Overspeed=160
Agent Steps: 0039M | FPS: 48931.1 | Last FPS: 50024.6 | Collect Time: 10.3 min | Train RL Time: 3.1 min | Current Best: -10000.00
-----------------------
episode rewards: 86.99 | episode lengths: 209.75
episode rot angle(rad): 6.41
epsode sparse reward: 0.00
success rate (rot>6): 0.3735 (183/490)
best success rate: 0.4140
Terminations: Fall=85 | Drop=48 | Overspeed=163
Agent Steps: 0049M | FPS: 49092.3 | Last FPS: 49966.3 | Collect Time: 12.8 min | Train RL Time: 3.8 min | Current Best: -10000.00
-----------------------
episode rewards: 98.76 | episode lengths: 214.49
episode rot angle(rad): 7.39
epsode sparse reward: 0.00
success rate (rot>6): 0.4771 (219/459)
best success rate: 0.5222
Terminations: Fall=82 | Drop=27 | Overspeed=145
Agent Steps: 0059M | FPS: 49274.1 | Last FPS: 51357.1 | Collect Time: 15.3 min | Train RL Time: 4.6 min | Current Best: 98.54
-----------------------
episode rewards: 107.14 | episode lengths: 221.19
episode rot angle(rad): 8.15
epsode sparse reward: 0.00
success rate (rot>6): 0.4707 (201/427)
best success rate: 0.5259
Terminations: Fall=54 | Drop=24 | Overspeed=155
Agent Steps: 0068M | FPS: 49384.8 | Last FPS: 50545.8 | Collect Time: 17.8 min | Train RL Time: 5.4 min | Current Best: 107.19
-----------------------
episode rewards: 111.66 | episode lengths: 223.53
episode rot angle(rad): 8.50
epsode sparse reward: 0.00
success rate (rot>6): 0.4622 (208/450)
best success rate: 0.5545
Terminations: Fall=72 | Drop=34 | Overspeed=145
Agent Steps: 0078M | FPS: 49519.1 | Last FPS: 51461.0 | Collect Time: 20.3 min | Train RL Time: 6.1 min | Current Best: 111.87
-----------------------
episode rewards: 115.88 | episode lengths: 223.42
episode rot angle(rad): 8.97
epsode sparse reward: 0.00
success rate (rot>6): 0.4818 (225/467)
best success rate: 0.5545
Terminations: Fall=76 | Drop=25 | Overspeed=162
Agent Steps: 0088M | FPS: 49624.2 | Last FPS: 50561.3 | Collect Time: 22.8 min | Train RL Time: 6.9 min | Current Best: 115.96
-----------------------
episode rewards: 120.74 | episode lengths: 227.08
episode rot angle(rad): 9.34
epsode sparse reward: 0.00
success rate (rot>6): 0.5161 (225/436)
best success rate: 0.5844
Terminations: Fall=63 | Drop=29 | Overspeed=134
Agent Steps: 0098M | FPS: 49713.7 | Last FPS: 49652.1 | Collect Time: 25.2 min | Train RL Time: 7.7 min | Current Best: 120.68
-----------------------
episode rewards: 116.45 | episode lengths: 216.47
episode rot angle(rad): 9.03
epsode sparse reward: 0.00
success rate (rot>6): 0.5034 (223/443)
best success rate: 0.5844
Terminations: Fall=65 | Drop=31 | Overspeed=158
Agent Steps: 0108M | FPS: 49784.3 | Last FPS: 51092.8 | Collect Time: 27.7 min | Train RL Time: 8.4 min | Current Best: 121.03
-----------------------
episode rewards: 123.59 | episode lengths: 226.31
episode rot angle(rad): 9.55
epsode sparse reward: 0.00
success rate (rot>6): 0.5284 (251/475)
best success rate: 0.6112
Terminations: Fall=77 | Drop=22 | Overspeed=149
Agent Steps: 0118M | FPS: 49858.4 | Last FPS: 50501.3 | Collect Time: 30.2 min | Train RL Time: 9.2 min | Current Best: 123.72
-----------------------
episode rewards: 127.50 | episode lengths: 231.93
episode rot angle(rad): 9.84
epsode sparse reward: 0.00
success rate (rot>6): 0.5659 (262/463)
best success rate: 0.6112
Terminations: Fall=61 | Drop=25 | Overspeed=134
Agent Steps: 0127M | FPS: 49907.8 | Last FPS: 50736.6 | Collect Time: 32.6 min | Train RL Time: 10.0 min | Current Best: 127.35
-----------------------
episode rewards: 133.12 | episode lengths: 237.97
episode rot angle(rad): 10.31
epsode sparse reward: 0.00
success rate (rot>6): 0.5767 (252/437)
best success rate: 0.6318
Terminations: Fall=51 | Drop=17 | Overspeed=146
Agent Steps: 0137M | FPS: 49967.9 | Last FPS: 50020.8 | Collect Time: 35.1 min | Train RL Time: 10.7 min | Current Best: 133.09
-----------------------
episode rewards: 138.83 | episode lengths: 244.59
episode rot angle(rad): 10.74
epsode sparse reward: 0.00
success rate (rot>6): 0.6005 (227/378)
best success rate: 0.6319
Terminations: Fall=49 | Drop=21 | Overspeed=102
Agent Steps: 0147M | FPS: 50027.1 | Last FPS: 51357.9 | Collect Time: 37.5 min | Train RL Time: 11.5 min | Current Best: 138.73
-----------------------
episode rewards: 144.61 | episode lengths: 250.07
episode rot angle(rad): 11.19
epsode sparse reward: 0.00
success rate (rot>6): 0.5636 (226/401)
best success rate: 0.6529
Terminations: Fall=62 | Drop=10 | Overspeed=123
Agent Steps: 0157M | FPS: 50084.8 | Last FPS: 51312.1 | Collect Time: 40.0 min | Train RL Time: 12.3 min | Current Best: 144.69
-----------------------
episode rewards: 147.12 | episode lengths: 250.68
episode rot angle(rad): 11.34
epsode sparse reward: 0.00
success rate (rot>6): 0.6601 (235/356)
best success rate: 0.6605
Terminations: Fall=47 | Drop=10 | Overspeed=76
Agent Steps: 0167M | FPS: 50136.9 | Last FPS: 49684.7 | Collect Time: 42.4 min | Train RL Time: 13.0 min | Current Best: 147.00
-----------------------
episode rewards: 150.01 | episode lengths: 253.47
episode rot angle(rad): 11.54
epsode sparse reward: 0.00
success rate (rot>6): 0.5775 (216/374)
best success rate: 0.6850
Terminations: Fall=45 | Drop=16 | Overspeed=112
Agent Steps: 0177M | FPS: 50188.5 | Last FPS: 52308.4 | Collect Time: 44.8 min | Train RL Time: 13.8 min | Current Best: 150.11
-----------------------
episode rewards: 153.46 | episode lengths: 256.34
episode rot angle(rad): 11.81
epsode sparse reward: 0.00
success rate (rot>6): 0.6141 (226/368)
best success rate: 0.6850
Terminations: Fall=46 | Drop=18 | Overspeed=98
Agent Steps: 0186M | FPS: 50228.9 | Last FPS: 51535.5 | Collect Time: 47.3 min | Train RL Time: 14.6 min | Current Best: 153.48
-----------------------
episode rewards: 156.17 | episode lengths: 258.89
episode rot angle(rad): 11.97
epsode sparse reward: 0.00
success rate (rot>6): 0.6032 (228/378)
best success rate: 0.6976
Terminations: Fall=44 | Drop=17 | Overspeed=114
Agent Steps: 0196M | FPS: 50268.2 | Last FPS: 50971.1 | Collect Time: 49.7 min | Train RL Time: 15.3 min | Current Best: 156.66
-----------------------
episode rewards: 158.73 | episode lengths: 261.23
episode rot angle(rad): 12.11
epsode sparse reward: 0.00
success rate (rot>6): 0.6424 (221/344)
best success rate: 0.6976
Terminations: Fall=44 | Drop=10 | Overspeed=79
Agent Steps: 0206M | FPS: 50311.3 | Last FPS: 51896.8 | Collect Time: 52.1 min | Train RL Time: 16.1 min | Current Best: 158.74
-----------------------
episode rewards: 161.90 | episode lengths: 264.96
episode rot angle(rad): 12.34
epsode sparse reward: 0.00
success rate (rot>6): 0.6371 (237/372)
best success rate: 0.7079
Terminations: Fall=51 | Drop=14 | Overspeed=90
Agent Steps: 0216M | FPS: 50348.5 | Last FPS: 52443.0 | Collect Time: 54.6 min | Train RL Time: 16.9 min | Current Best: 162.39
-----------------------
episode rewards: 162.37 | episode lengths: 264.93
episode rot angle(rad): 12.34
epsode sparse reward: 0.00
success rate (rot>6): 0.6507 (244/375)
best success rate: 0.7079
Terminations: Fall=49 | Drop=9 | Overspeed=91
Agent Steps: 0226M | FPS: 50371.6 | Last FPS: 50375.4 | Collect Time: 57.0 min | Train RL Time: 17.6 min | Current Best: 162.74
-----------------------
episode rewards: 164.00 | episode lengths: 267.23
episode rot angle(rad): 12.51
epsode sparse reward: 0.00
success rate (rot>6): 0.6431 (236/367)
best success rate: 0.7079
Terminations: Fall=46 | Drop=16 | Overspeed=82
Agent Steps: 0236M | FPS: 50400.2 | Last FPS: 52281.6 | Collect Time: 59.5 min | Train RL Time: 18.4 min | Current Best: 164.46
-----------------------
episode rewards: 163.80 | episode lengths: 267.12
episode rot angle(rad): 12.56
epsode sparse reward: 0.00
success rate (rot>6): 0.6173 (250/405)
best success rate: 0.7170
Terminations: Fall=47 | Drop=13 | Overspeed=112
Agent Steps: 0245M | FPS: 50435.4 | Last FPS: 50541.4 | Collect Time: 61.9 min | Train RL Time: 19.2 min | Current Best: 164.46
max steps achieved
Final best reward: 164.46
Final success rate: 0.7170
Final mean rotation angle (rad): 12.5962

OPTUNA_METRICS: reward=164.4551 success_rate=0.7170 mean_rot_angle=12.5962


训练指标:
  Best Reward:         164.4551
  Success Rate:        0.7170
  Mean Rot Angle(rad): 12.5962
  Composite Score:     1495.78
    = 1.0×164.46 + 100.0×0.7170 + 100.0×12.5962

================================================================================
[Optuna Trial 8] 训练完成
================================================================================

                                                                                          [I 2025-11-26 08:10:34,217] Trial 8 finished with value: 1495.7750999999998 and parameters: {'learning_rate': 0.0007363297006759714, 'weight_decay': 4.3483826373471954e-05, 'gamma': 0.992, 'tau': 0.95, 'e_clip': 0.1, 'entropy_coef': 0.001657873578886083, 'critic_coef': 0.5, 'kl_threshold': 0.05713223173537883, 'mini_epochs': 6, 'minibatch_size': 8192, 'grad_norm': 0.5, 'angvelClipMin': -0.24332702198355868, 'angvelClipMax': 0.8079974212394443, 'angvelPenaltyThresHigh': 0.6079105137484215, 'angvelPenaltyThresLow': -0.6131328572543, 'rotate_reward_scale': 1.128021197490652, 'obj_linvel_penalty_scale': -0.19224774182470886, 'torque_penalty_scale': -0.02405936105295556, 'hand_pose_consistency_penalty_scale': -0.03296824391949467, 'rotate_penalty_scale': -0.03625700985017935, 'pencil_z_dist_penalty_scale': -1.2739086662773385, 'position_penalty_scale': -0.10482958410749307}. Best is trial 6 with value: 1906.1933999999999.
Best trial: 6. Best value: 1906.19:  20%|██        | 8/40 [12:52:12<45:22:43, 5105.12s/it]Best trial: 6. Best value: 1906.19:  20%|██        | 8/40 [12:52:12<45:22:43, 5105.12s/it]Best trial: 6. Best value: 1906.19:  22%|██▎       | 9/40 [12:52:12<43:35:01, 5061.33s/it]
================================================================================
[Optuna Trial 9] 开始训练
================================================================================
试验参数:
  learning_rate                  = 0.00032832227492130613
  weight_decay                   = 1.6816549395717213e-05
  gamma                          = 0.985
  tau                            = 0.95
  e_clip                         = 0.1
  entropy_coef                   = 0.0022130602404959203
  critic_coef                    = 2.0
  kl_threshold                   = 0.06572979613500313
  mini_epochs                    = 8
  minibatch_size                 = 16384
  grad_norm                      = 1.0
  angvelClipMin                  = -0.3256807031496528
  angvelClipMax                  = 0.6423890714605046
  angvelPenaltyThresHigh         = 0.8789230552321845
  angvelPenaltyThresLow          = -0.7956819534110733
  rotate_reward_scale            = 1.1741089607603743
  obj_linvel_penalty_scale       = -0.1930996036967371
  torque_penalty_scale           = -0.0387781359304309
  hand_pose_consistency_penalty_scale = -0.01722697079944964
  rotate_penalty_scale           = -0.029634214061997635
  pencil_z_dist_penalty_scale    = -1.5258261709126748
  position_penalty_scale         = -0.2804331678697997
输出目录: outputs/teacher_reproduce_trial_03/optuna_trial_0009
================================================================================


特权信息 (Privileged Information) 维度配置:
================================================================================
名称                             索引范围            维度       状态
--------------------------------------------------------------------------------
obj_position                   [ 0: 3]         3        [固定]
obj_scale                      [ 3: 4]         1        [固定]
obj_mass                       [ 4: 5]         1        [固定]
obj_friction                   [ 5: 6]         1        [固定]
obj_com                        [ 6: 9]         3        [固定]
--------------------------------------------------------------------------------
obj_orientation                [ 9:13]         4        ✓
obj_angvel                     [13:16]         3        ✓
fingertip_position             [16:31]         15       ✓
obj_restitution                [31:32]         1        ✓
tactile                        [32:47]         15       ✓
--------------------------------------------------------------------------------
总计: 10 项启用, 实际维度 = 47, 缓冲区大小 = 47
================================================================================

RunningMeanStd:  (126,)
RunningMeanStd:  47
RunningMeanStd:  3
RunningMeanStd:  (1,)
-----------------------
episode rewards: 11.95 | episode lengths: 36.30
episode rot angle(rad): 1.37
epsode sparse reward: 0.00
success rate (rot>6): 0.0000 (0/2679)
best success rate: 0.0000
Terminations: Fall=722 | Drop=1697 | Overspeed=260
Agent Steps: 0009M | FPS: 46544.0 | Last FPS: 46700.2 | Collect Time: 2.6 min | Train RL Time: 0.9 min | Current Best: -10000.00
-----------------------
episode rewards: 21.42 | episode lengths: 53.74
episode rot angle(rad): 2.09
epsode sparse reward: 0.00
success rate (rot>6): 0.0000 (0/1689)
best success rate: 0.0000
Terminations: Fall=274 | Drop=1246 | Overspeed=169
Agent Steps: 0019M | FPS: 46443.7 | Last FPS: 46294.4 | Collect Time: 5.2 min | Train RL Time: 1.9 min | Current Best: -10000.00
-----------------------
episode rewards: 26.57 | episode lengths: 64.12
episode rot angle(rad): 2.68
epsode sparse reward: 0.00
success rate (rot>6): 0.0000 (0/1696)
best success rate: 0.0000
Terminations: Fall=283 | Drop=1256 | Overspeed=157
Agent Steps: 0029M | FPS: 46499.3 | Last FPS: 45869.1 | Collect Time: 7.8 min | Train RL Time: 2.8 min | Current Best: -10000.00
-----------------------
episode rewards: 30.29 | episode lengths: 71.74
episode rot angle(rad): 3.03
epsode sparse reward: 0.00
success rate (rot>6): 0.0000 (0/1364)
best success rate: 0.0000
Terminations: Fall=241 | Drop=997 | Overspeed=126
Agent Steps: 0039M | FPS: 46552.7 | Last FPS: 47577.9 | Collect Time: 10.3 min | Train RL Time: 3.8 min | Current Best: -10000.00
-----------------------
episode rewards: 34.12 | episode lengths: 79.54
episode rot angle(rad): 3.29
epsode sparse reward: 0.00
success rate (rot>6): 0.0000 (0/1170)
best success rate: 0.0000
Terminations: Fall=212 | Drop=848 | Overspeed=110
Agent Steps: 0049M | FPS: 46609.9 | Last FPS: 46568.9 | Collect Time: 12.9 min | Train RL Time: 4.7 min | Current Best: -10000.00
-----------------------
episode rewards: 38.00 | episode lengths: 88.98
episode rot angle(rad): 3.61
epsode sparse reward: 0.00
success rate (rot>6): 0.0000 (0/1154)
best success rate: 0.0000
Terminations: Fall=161 | Drop=872 | Overspeed=121
Agent Steps: 0059M | FPS: 46675.7 | Last FPS: 46361.1 | Collect Time: 15.4 min | Train RL Time: 5.6 min | Current Best: 37.95
-----------------------
episode rewards: 40.01 | episode lengths: 94.48
episode rot angle(rad): 3.60
epsode sparse reward: 0.00
success rate (rot>6): 0.0000 (0/1134)
best success rate: 0.0000
Terminations: Fall=184 | Drop=846 | Overspeed=104
Agent Steps: 0068M | FPS: 46688.0 | Last FPS: 46041.3 | Collect Time: 18.0 min | Train RL Time: 6.6 min | Current Best: 40.10
-----------------------
episode rewards: 42.05 | episode lengths: 99.66
episode rot angle(rad): 3.81
epsode sparse reward: 0.00
success rate (rot>6): 0.0000 (0/979)
best success rate: 0.0000
Terminations: Fall=159 | Drop=731 | Overspeed=89
Agent Steps: 0078M | FPS: 46726.6 | Last FPS: 47306.6 | Collect Time: 20.5 min | Train RL Time: 7.5 min | Current Best: 42.09
-----------------------
episode rewards: 43.41 | episode lengths: 99.67
episode rot angle(rad): 3.73
epsode sparse reward: 0.00
success rate (rot>6): 0.0000 (0/994)
best success rate: 0.0000
Terminations: Fall=136 | Drop=760 | Overspeed=98
Agent Steps: 0088M | FPS: 46710.2 | Last FPS: 46324.8 | Collect Time: 23.1 min | Train RL Time: 8.5 min | Current Best: 43.62
-----------------------
episode rewards: 44.62 | episode lengths: 101.36
episode rot angle(rad): 3.80
epsode sparse reward: 0.00
success rate (rot>6): 0.0010 (1/1001)
best success rate: 0.0010
Terminations: Fall=148 | Drop=756 | Overspeed=97
Agent Steps: 0098M | FPS: 46721.9 | Last FPS: 46477.4 | Collect Time: 25.6 min | Train RL Time: 9.4 min | Current Best: 44.60
-----------------------
episode rewards: 46.35 | episode lengths: 103.55
episode rot angle(rad): 3.86
epsode sparse reward: 0.00
success rate (rot>6): 0.0000 (0/943)
best success rate: 0.0011
Terminations: Fall=155 | Drop=708 | Overspeed=80
Agent Steps: 0108M | FPS: 46713.2 | Last FPS: 46899.8 | Collect Time: 28.2 min | Train RL Time: 10.3 min | Current Best: 46.37
-----------------------
episode rewards: 47.60 | episode lengths: 104.90
episode rot angle(rad): 3.96
epsode sparse reward: 0.00
success rate (rot>6): 0.0000 (0/989)
best success rate: 0.0011
Terminations: Fall=130 | Drop=763 | Overspeed=96
Agent Steps: 0118M | FPS: 46720.6 | Last FPS: 46970.8 | Collect Time: 30.7 min | Train RL Time: 11.3 min | Current Best: 47.61
-----------------------
episode rewards: 48.87 | episode lengths: 106.54
episode rot angle(rad): 4.06
epsode sparse reward: 0.00
success rate (rot>6): 0.0000 (0/947)
best success rate: 0.0011
Terminations: Fall=123 | Drop=737 | Overspeed=87
Agent Steps: 0127M | FPS: 46706.9 | Last FPS: 46579.9 | Collect Time: 33.3 min | Train RL Time: 12.2 min | Current Best: 49.03
-----------------------
episode rewards: 49.22 | episode lengths: 105.46
episode rot angle(rad): 4.04
epsode sparse reward: 0.00
success rate (rot>6): 0.0000 (0/934)
best success rate: 0.0011
Terminations: Fall=132 | Drop=726 | Overspeed=76
Agent Steps: 0137M | FPS: 46702.3 | Last FPS: 47226.2 | Collect Time: 35.9 min | Train RL Time: 13.2 min | Current Best: 49.62
-----------------------
episode rewards: 49.90 | episode lengths: 106.38
episode rot angle(rad): 4.15
epsode sparse reward: 0.00
success rate (rot>6): 0.0000 (0/910)
best success rate: 0.0022
Terminations: Fall=118 | Drop=706 | Overspeed=85
Agent Steps: 0147M | FPS: 46698.3 | Last FPS: 47093.8 | Collect Time: 38.5 min | Train RL Time: 14.1 min | Current Best: 49.84
-----------------------
episode rewards: 51.12 | episode lengths: 107.35
episode rot angle(rad): 4.21
epsode sparse reward: 0.00
success rate (rot>6): 0.0000 (0/909)
best success rate: 0.0022
Terminations: Fall=102 | Drop=724 | Overspeed=83
Agent Steps: 0157M | FPS: 46689.3 | Last FPS: 46366.6 | Collect Time: 41.0 min | Train RL Time: 15.0 min | Current Best: 51.08
-----------------------
episode rewards: 52.11 | episode lengths: 109.03
episode rot angle(rad): 4.25
epsode sparse reward: 0.00
success rate (rot>6): 0.0011 (1/887)
best success rate: 0.0023
Terminations: Fall=105 | Drop=694 | Overspeed=88
Agent Steps: 0167M | FPS: 46691.0 | Last FPS: 45762.6 | Collect Time: 43.6 min | Train RL Time: 16.0 min | Current Best: 52.13
-----------------------
episode rewards: 52.90 | episode lengths: 109.61
episode rot angle(rad): 4.25
epsode sparse reward: 0.00
success rate (rot>6): 0.0000 (0/959)
best success rate: 0.0045
Terminations: Fall=123 | Drop=730 | Overspeed=106
Agent Steps: 0177M | FPS: 46688.2 | Last FPS: 45972.0 | Collect Time: 46.2 min | Train RL Time: 16.9 min | Current Best: 53.04
-----------------------
episode rewards: 54.45 | episode lengths: 113.09
episode rot angle(rad): 4.40
epsode sparse reward: 0.00
success rate (rot>6): 0.0024 (2/836)
best success rate: 0.0059
Terminations: Fall=105 | Drop=667 | Overspeed=63
Agent Steps: 0186M | FPS: 46677.0 | Last FPS: 45660.5 | Collect Time: 48.7 min | Train RL Time: 17.9 min | Current Best: 54.40
-----------------------
episode rewards: 57.95 | episode lengths: 119.97
episode rot angle(rad): 4.65
epsode sparse reward: 0.00
success rate (rot>6): 0.0275 (23/837)
best success rate: 0.0321
Terminations: Fall=131 | Drop=626 | Overspeed=70
Agent Steps: 0196M | FPS: 46663.8 | Last FPS: 46926.4 | Collect Time: 51.3 min | Train RL Time: 18.8 min | Current Best: 57.94
-----------------------
episode rewards: 63.77 | episode lengths: 132.38
episode rot angle(rad): 5.09
epsode sparse reward: 0.00
success rate (rot>6): 0.0513 (38/741)
best success rate: 0.0784
Terminations: Fall=113 | Drop=522 | Overspeed=78
Agent Steps: 0206M | FPS: 46642.9 | Last FPS: 46106.7 | Collect Time: 53.9 min | Train RL Time: 19.8 min | Current Best: 63.82
-----------------------
episode rewards: 70.07 | episode lengths: 147.41
episode rot angle(rad): 5.52
epsode sparse reward: 0.00
success rate (rot>6): 0.1391 (90/647)
best success rate: 0.1461
Terminations: Fall=97 | Drop=404 | Overspeed=65
Agent Steps: 0216M | FPS: 46625.8 | Last FPS: 46731.1 | Collect Time: 56.5 min | Train RL Time: 20.7 min | Current Best: 69.96
-----------------------
episode rewards: 76.94 | episode lengths: 162.70
episode rot angle(rad): 5.98
epsode sparse reward: 0.00
success rate (rot>6): 0.1595 (93/583)
best success rate: 0.2044
Terminations: Fall=79 | Drop=363 | Overspeed=62
Agent Steps: 0226M | FPS: 46629.4 | Last FPS: 47006.2 | Collect Time: 59.1 min | Train RL Time: 21.6 min | Current Best: 76.99
-----------------------
episode rewards: 82.70 | episode lengths: 176.79
episode rot angle(rad): 6.37
epsode sparse reward: 0.00
success rate (rot>6): 0.2139 (117/547)
best success rate: 0.2608
Terminations: Fall=90 | Drop=289 | Overspeed=55
Agent Steps: 0236M | FPS: 46621.0 | Last FPS: 46432.7 | Collect Time: 61.6 min | Train RL Time: 22.6 min | Current Best: 82.74
-----------------------
episode rewards: 88.03 | episode lengths: 190.58
episode rot angle(rad): 6.69
epsode sparse reward: 0.00
success rate (rot>6): 0.2759 (136/493)
best success rate: 0.3024
Terminations: Fall=56 | Drop=254 | Overspeed=54
Agent Steps: 0245M | FPS: 46612.6 | Last FPS: 46695.2 | Collect Time: 64.2 min | Train RL Time: 23.5 min | Current Best: 88.00
max steps achieved
Final best reward: 89.42
Final success rate: 0.3025
Final mean rotation angle (rad): 6.7692

OPTUNA_METRICS: reward=89.4213 success_rate=0.3025 mean_rot_angle=6.7692


训练指标:
  Best Reward:         89.4213
  Success Rate:        0.3025
  Mean Rot Angle(rad): 6.7692
  Composite Score:     796.59
    = 1.0×89.42 + 100.0×0.3025 + 100.0×6.7692

================================================================================
[Optuna Trial 9] 训练完成
================================================================================

                                                                                          [I 2025-11-26 09:40:07,484] Trial 9 finished with value: 796.5912999999999 and parameters: {'learning_rate': 0.00032832227492130613, 'weight_decay': 1.6816549395717213e-05, 'gamma': 0.985, 'tau': 0.95, 'e_clip': 0.1, 'entropy_coef': 0.0022130602404959203, 'critic_coef': 2.0, 'kl_threshold': 0.06572979613500313, 'mini_epochs': 8, 'minibatch_size': 16384, 'grad_norm': 1.0, 'angvelClipMin': -0.3256807031496528, 'angvelClipMax': 0.6423890714605046, 'angvelPenaltyThresHigh': 0.8789230552321845, 'angvelPenaltyThresLow': -0.7956819534110733, 'rotate_reward_scale': 1.1741089607603743, 'obj_linvel_penalty_scale': -0.1930996036967371, 'torque_penalty_scale': -0.0387781359304309, 'hand_pose_consistency_penalty_scale': -0.01722697079944964, 'rotate_penalty_scale': -0.029634214061997635, 'pencil_z_dist_penalty_scale': -1.5258261709126748, 'position_penalty_scale': -0.2804331678697997}. Best is trial 6 with value: 1906.1933999999999.
Best trial: 6. Best value: 1906.19:  22%|██▎       | 9/40 [14:21:45<43:35:01, 5061.33s/it]Best trial: 6. Best value: 1906.19:  22%|██▎       | 9/40 [14:21:45<43:35:01, 5061.33s/it]Best trial: 6. Best value: 1906.19:  25%|██▌       | 10/40 [14:21:45<42:58:48, 5157.63s/it]
================================================================================
[Optuna Trial 10] 开始训练
================================================================================
试验参数:
  learning_rate                  = 0.00011737792707090022
  weight_decay                   = 1.0096988253043523e-05
  gamma                          = 0.99
  tau                            = 0.85
  e_clip                         = 0.3
  entropy_coef                   = 0.003407072808791104
  critic_coef                    = 1.0
  kl_threshold                   = 0.07878763031369139
  mini_epochs                    = 8
  minibatch_size                 = 32768
  grad_norm                      = 2.0
  angvelClipMin                  = -0.3940254532515247
  angvelClipMax                  = 0.8698058331094757
  angvelPenaltyThresHigh         = 0.9915443023528232
  angvelPenaltyThresLow          = -0.5021825345213025
  rotate_reward_scale            = 1.4641271915345686
  obj_linvel_penalty_scale       = -0.16561472080099746
  torque_penalty_scale           = -0.010212813018345961
  hand_pose_consistency_penalty_scale = -0.015684860259523807
  rotate_penalty_scale           = -0.007275712301253658
  pencil_z_dist_penalty_scale    = -1.6129750038731967
  position_penalty_scale         = -0.29746072710768817
输出目录: outputs/teacher_reproduce_trial_03/optuna_trial_0010
================================================================================


特权信息 (Privileged Information) 维度配置:
================================================================================
名称                             索引范围            维度       状态
--------------------------------------------------------------------------------
obj_position                   [ 0: 3]         3        [固定]
obj_scale                      [ 3: 4]         1        [固定]
obj_mass                       [ 4: 5]         1        [固定]
obj_friction                   [ 5: 6]         1        [固定]
obj_com                        [ 6: 9]         3        [固定]
--------------------------------------------------------------------------------
obj_orientation                [ 9:13]         4        ✓
obj_angvel                     [13:16]         3        ✓
fingertip_position             [16:31]         15       ✓
obj_restitution                [31:32]         1        ✓
tactile                        [32:47]         15       ✓
--------------------------------------------------------------------------------
总计: 10 项启用, 实际维度 = 47, 缓冲区大小 = 47
================================================================================

RunningMeanStd:  (126,)
RunningMeanStd:  47
RunningMeanStd:  3
RunningMeanStd:  (1,)
-----------------------
episode rewards: 23.22 | episode lengths: 35.03
episode rot angle(rad): 1.50
epsode sparse reward: 0.00
success rate (rot>6): 0.0000 (0/2578)
best success rate: 0.0000
Terminations: Fall=674 | Drop=1703 | Overspeed=201
Agent Steps: 0009M | FPS: 47317.5 | Last FPS: 47150.7 | Collect Time: 2.6 min | Train RL Time: 0.9 min | Current Best: -10000.00
-----------------------
episode rewards: 37.32 | episode lengths: 54.87
episode rot angle(rad): 2.31
epsode sparse reward: 0.00
success rate (rot>6): 0.0000 (0/1762)
best success rate: 0.0005
Terminations: Fall=575 | Drop=993 | Overspeed=194
Agent Steps: 0019M | FPS: 47807.8 | Last FPS: 48521.8 | Collect Time: 5.1 min | Train RL Time: 1.8 min | Current Best: -10000.00
-----------------------
episode rewards: 43.60 | episode lengths: 60.52
episode rot angle(rad): 2.55
epsode sparse reward: 0.00
success rate (rot>6): 0.0000 (0/1583)
best success rate: 0.0005
Terminations: Fall=513 | Drop=890 | Overspeed=180
Agent Steps: 0029M | FPS: 48083.2 | Last FPS: 47481.1 | Collect Time: 7.6 min | Train RL Time: 2.7 min | Current Best: -10000.00
-----------------------
episode rewards: 49.31 | episode lengths: 67.62
episode rot angle(rad): 2.79
epsode sparse reward: 0.00
success rate (rot>6): 0.0000 (0/1325)
best success rate: 0.0007
Terminations: Fall=329 | Drop=871 | Overspeed=125
Agent Steps: 0039M | FPS: 48083.3 | Last FPS: 48741.6 | Collect Time: 10.1 min | Train RL Time: 3.6 min | Current Best: -10000.00
-----------------------
episode rewards: 54.13 | episode lengths: 78.13
episode rot angle(rad): 2.87
epsode sparse reward: 0.00
success rate (rot>6): 0.0008 (1/1182)
best success rate: 0.0017
Terminations: Fall=305 | Drop=770 | Overspeed=104
Agent Steps: 0049M | FPS: 48066.1 | Last FPS: 48064.2 | Collect Time: 12.6 min | Train RL Time: 4.5 min | Current Best: -10000.00
-----------------------
episode rewards: 59.86 | episode lengths: 86.80
episode rot angle(rad): 3.04
epsode sparse reward: 0.00
success rate (rot>6): 0.0009 (1/1139)
best success rate: 0.0025
Terminations: Fall=267 | Drop=761 | Overspeed=100
Agent Steps: 0059M | FPS: 48102.9 | Last FPS: 49081.4 | Collect Time: 15.1 min | Train RL Time: 5.4 min | Current Best: 59.70
-----------------------
episode rewards: 70.40 | episode lengths: 113.65
episode rot angle(rad): 3.29
epsode sparse reward: 0.00
success rate (rot>6): 0.0107 (7/654)
best success rate: 0.0109
Terminations: Fall=148 | Drop=340 | Overspeed=68
Agent Steps: 0068M | FPS: 48160.5 | Last FPS: 48949.7 | Collect Time: 17.6 min | Train RL Time: 6.2 min | Current Best: 70.09
-----------------------
episode rewards: 119.64 | episode lengths: 216.53
episode rot angle(rad): 4.79
epsode sparse reward: 0.00
success rate (rot>6): 0.1124 (47/418)
best success rate: 0.1708
Terminations: Fall=123 | Drop=33 | Overspeed=58
Agent Steps: 0078M | FPS: 48227.7 | Last FPS: 48934.6 | Collect Time: 20.0 min | Train RL Time: 7.1 min | Current Best: 119.41
-----------------------
episode rewards: 137.31 | episode lengths: 237.30
episode rot angle(rad): 5.24
epsode sparse reward: 0.00
success rate (rot>6): 0.1398 (52/372)
best success rate: 0.1778
Terminations: Fall=94 | Drop=24 | Overspeed=54
Agent Steps: 0088M | FPS: 48288.4 | Last FPS: 49672.1 | Collect Time: 22.5 min | Train RL Time: 8.0 min | Current Best: 137.05
-----------------------
episode rewards: 146.08 | episode lengths: 245.38
episode rot angle(rad): 5.38
epsode sparse reward: 0.00
success rate (rot>6): 0.0960 (36/375)
best success rate: 0.1778
Terminations: Fall=100 | Drop=23 | Overspeed=59
Agent Steps: 0098M | FPS: 48334.2 | Last FPS: 48690.7 | Collect Time: 24.9 min | Train RL Time: 8.9 min | Current Best: 146.12
-----------------------
episode rewards: 149.47 | episode lengths: 249.17
episode rot angle(rad): 5.29
epsode sparse reward: 0.00
success rate (rot>6): 0.1041 (38/365)
best success rate: 0.1778
Terminations: Fall=79 | Drop=26 | Overspeed=55
Agent Steps: 0108M | FPS: 48305.3 | Last FPS: 48497.1 | Collect Time: 27.5 min | Train RL Time: 9.8 min | Current Best: 150.02
-----------------------
episode rewards: 150.31 | episode lengths: 255.25
episode rot angle(rad): 5.28
epsode sparse reward: 0.00
success rate (rot>6): 0.0476 (18/378)
best success rate: 0.1778
Terminations: Fall=106 | Drop=23 | Overspeed=32
Agent Steps: 0118M | FPS: 48262.6 | Last FPS: 46619.1 | Collect Time: 30.0 min | Train RL Time: 10.7 min | Current Best: 150.30
-----------------------
episode rewards: 149.60 | episode lengths: 259.99
episode rot angle(rad): 5.13
epsode sparse reward: 0.00
success rate (rot>6): 0.0430 (16/372)
best success rate: 0.1778
Terminations: Fall=91 | Drop=16 | Overspeed=41
Agent Steps: 0127M | FPS: 48219.5 | Last FPS: 46735.9 | Collect Time: 32.5 min | Train RL Time: 11.6 min | Current Best: 151.36
-----------------------
episode rewards: 144.10 | episode lengths: 253.92
episode rot angle(rad): 4.93
epsode sparse reward: 0.00
success rate (rot>6): 0.0590 (22/373)
best success rate: 0.1778
Terminations: Fall=77 | Drop=39 | Overspeed=53
Agent Steps: 0137M | FPS: 48196.0 | Last FPS: 48115.8 | Collect Time: 35.0 min | Train RL Time: 12.5 min | Current Best: 151.36
-----------------------
episode rewards: 142.77 | episode lengths: 254.68
episode rot angle(rad): 5.03
epsode sparse reward: 0.00
success rate (rot>6): 0.0775 (30/387)
best success rate: 0.1778
Terminations: Fall=100 | Drop=33 | Overspeed=51
Agent Steps: 0147M | FPS: 48181.9 | Last FPS: 47656.0 | Collect Time: 37.6 min | Train RL Time: 13.4 min | Current Best: 151.36
-----------------------
episode rewards: 146.99 | episode lengths: 255.56
episode rot angle(rad): 5.17
epsode sparse reward: 0.00
success rate (rot>6): 0.0601 (23/383)
best success rate: 0.1778
Terminations: Fall=85 | Drop=34 | Overspeed=52
Agent Steps: 0157M | FPS: 48183.1 | Last FPS: 47772.2 | Collect Time: 40.1 min | Train RL Time: 14.3 min | Current Best: 151.36
-----------------------
episode rewards: 148.28 | episode lengths: 251.13
episode rot angle(rad): 5.40
epsode sparse reward: 0.00
success rate (rot>6): 0.1676 (63/376)
best success rate: 0.2316
Terminations: Fall=104 | Drop=28 | Overspeed=47
Agent Steps: 0167M | FPS: 48187.8 | Last FPS: 48148.1 | Collect Time: 42.6 min | Train RL Time: 15.2 min | Current Best: 151.36
-----------------------
episode rewards: 152.28 | episode lengths: 251.69
episode rot angle(rad): 5.66
epsode sparse reward: 0.00
success rate (rot>6): 0.1658 (64/386)
best success rate: 0.2668
Terminations: Fall=97 | Drop=31 | Overspeed=60
Agent Steps: 0177M | FPS: 48202.0 | Last FPS: 48227.0 | Collect Time: 45.1 min | Train RL Time: 16.1 min | Current Best: 152.43
-----------------------
episode rewards: 157.02 | episode lengths: 256.67
episode rot angle(rad): 5.85
epsode sparse reward: 0.00
success rate (rot>6): 0.2340 (99/423)
best success rate: 0.2886
Terminations: Fall=122 | Drop=39 | Overspeed=52
Agent Steps: 0186M | FPS: 48199.9 | Last FPS: 47023.6 | Collect Time: 47.6 min | Train RL Time: 17.0 min | Current Best: 157.49
-----------------------
episode rewards: 158.69 | episode lengths: 256.04
episode rot angle(rad): 6.12
epsode sparse reward: 0.00
success rate (rot>6): 0.3108 (124/399)
best success rate: 0.3653
Terminations: Fall=86 | Drop=24 | Overspeed=67
Agent Steps: 0196M | FPS: 48191.0 | Last FPS: 48324.6 | Collect Time: 50.1 min | Train RL Time: 17.8 min | Current Best: 159.99
-----------------------
episode rewards: 158.88 | episode lengths: 258.61
episode rot angle(rad): 6.12
epsode sparse reward: 0.00
success rate (rot>6): 0.2908 (114/392)
best success rate: 0.3653
Terminations: Fall=81 | Drop=39 | Overspeed=43
Agent Steps: 0206M | FPS: 48202.4 | Last FPS: 48918.2 | Collect Time: 52.6 min | Train RL Time: 18.7 min | Current Best: 159.99
-----------------------
episode rewards: 159.45 | episode lengths: 257.65
episode rot angle(rad): 6.21
epsode sparse reward: 0.00
success rate (rot>6): 0.2943 (118/401)
best success rate: 0.3747
Terminations: Fall=88 | Drop=28 | Overspeed=47
Agent Steps: 0216M | FPS: 48196.8 | Last FPS: 47064.9 | Collect Time: 55.1 min | Train RL Time: 19.6 min | Current Best: 159.99
-----------------------
episode rewards: 161.19 | episode lengths: 258.70
episode rot angle(rad): 6.37
epsode sparse reward: 0.00
success rate (rot>6): 0.3977 (138/347)
best success rate: 0.4169
Terminations: Fall=75 | Drop=32 | Overspeed=37
Agent Steps: 0226M | FPS: 48194.3 | Last FPS: 47353.0 | Collect Time: 57.6 min | Train RL Time: 20.5 min | Current Best: 161.39
-----------------------
episode rewards: 159.59 | episode lengths: 254.94
episode rot angle(rad): 6.45
epsode sparse reward: 0.00
success rate (rot>6): 0.3894 (155/398)
best success rate: 0.4420
Terminations: Fall=91 | Drop=31 | Overspeed=57
Agent Steps: 0236M | FPS: 48187.5 | Last FPS: 48177.0 | Collect Time: 60.1 min | Train RL Time: 21.4 min | Current Best: 162.05
-----------------------
episode rewards: 160.30 | episode lengths: 252.95
episode rot angle(rad): 6.58
epsode sparse reward: 0.00
success rate (rot>6): 0.3976 (163/410)
best success rate: 0.4885
Terminations: Fall=92 | Drop=37 | Overspeed=57
Agent Steps: 0245M | FPS: 48182.6 | Last FPS: 47542.8 | Collect Time: 62.6 min | Train RL Time: 22.3 min | Current Best: 162.05
max steps achieved
Final best reward: 162.05
Final success rate: 0.4885
Final mean rotation angle (rad): 6.6008

OPTUNA_METRICS: reward=162.0503 success_rate=0.4885 mean_rot_angle=6.6008


训练指标:
  Best Reward:         162.0503
  Success Rate:        0.4885
  Mean Rot Angle(rad): 6.6008
  Composite Score:     870.98
    = 1.0×162.05 + 100.0×0.4885 + 100.0×6.6008

================================================================================
[Optuna Trial 10] 训练完成
================================================================================

                                                                                           [I 2025-11-26 11:06:46,271] Trial 10 finished with value: 870.9802999999999 and parameters: {'learning_rate': 0.00011737792707090022, 'weight_decay': 1.0096988253043523e-05, 'gamma': 0.99, 'tau': 0.85, 'e_clip': 0.3, 'entropy_coef': 0.003407072808791104, 'critic_coef': 1.0, 'kl_threshold': 0.07878763031369139, 'mini_epochs': 8, 'minibatch_size': 32768, 'grad_norm': 2.0, 'angvelClipMin': -0.3940254532515247, 'angvelClipMax': 0.8698058331094757, 'angvelPenaltyThresHigh': 0.9915443023528232, 'angvelPenaltyThresLow': -0.5021825345213025, 'rotate_reward_scale': 1.4641271915345686, 'obj_linvel_penalty_scale': -0.16561472080099746, 'torque_penalty_scale': -0.010212813018345961, 'hand_pose_consistency_penalty_scale': -0.015684860259523807, 'rotate_penalty_scale': -0.007275712301253658, 'pencil_z_dist_penalty_scale': -1.6129750038731967, 'position_penalty_scale': -0.29746072710768817}. Best is trial 6 with value: 1906.1933999999999.
Best trial: 6. Best value: 1906.19:  25%|██▌       | 10/40 [15:48:24<42:58:48, 5157.63s/it]Best trial: 6. Best value: 1906.19:  25%|██▌       | 10/40 [15:48:24<42:58:48, 5157.63s/it]Best trial: 6. Best value: 1906.19:  28%|██▊       | 11/40 [15:48:24<41:38:56, 5170.22s/it]
================================================================================
[Optuna Trial 11] 开始训练
================================================================================
试验参数:
  learning_rate                  = 0.0008720999487485395
  weight_decay                   = 2.2218666900475724e-05
  gamma                          = 0.992
  tau                            = 0.95
  e_clip                         = 0.1
  entropy_coef                   = 0.003399595017864214
  critic_coef                    = 1.0
  kl_threshold                   = 0.07960488728554739
  mini_epochs                    = 7
  minibatch_size                 = 8192
  grad_norm                      = 0.5
  angvelClipMin                  = -0.23335242845071594
  angvelClipMax                  = 0.7589429471079392
  angvelPenaltyThresHigh         = 0.5201790487089606
  angvelPenaltyThresLow          = -0.6409911908459804
  rotate_reward_scale            = 1.0188833722847745
  obj_linvel_penalty_scale       = -0.14343167557149372
  torque_penalty_scale           = -0.022087611190369942
  hand_pose_consistency_penalty_scale = -0.035039397880591856
  rotate_penalty_scale           = -0.024838657518421122
  pencil_z_dist_penalty_scale    = -1.3371636414557104
  position_penalty_scale         = -0.233515423827511
输出目录: outputs/teacher_reproduce_trial_03/optuna_trial_0011
================================================================================


特权信息 (Privileged Information) 维度配置:
================================================================================
名称                             索引范围            维度       状态
--------------------------------------------------------------------------------
obj_position                   [ 0: 3]         3        [固定]
obj_scale                      [ 3: 4]         1        [固定]
obj_mass                       [ 4: 5]         1        [固定]
obj_friction                   [ 5: 6]         1        [固定]
obj_com                        [ 6: 9]         3        [固定]
--------------------------------------------------------------------------------
obj_orientation                [ 9:13]         4        ✓
obj_angvel                     [13:16]         3        ✓
fingertip_position             [16:31]         15       ✓
obj_restitution                [31:32]         1        ✓
tactile                        [32:47]         15       ✓
--------------------------------------------------------------------------------
总计: 10 项启用, 实际维度 = 47, 缓冲区大小 = 47
================================================================================

RunningMeanStd:  (126,)
RunningMeanStd:  47
RunningMeanStd:  3
RunningMeanStd:  (1,)
-----------------------
episode rewards: 16.95 | episode lengths: 74.09
episode rot angle(rad): 1.19
epsode sparse reward: 0.00
success rate (rot>6): 0.0000 (0/728)
best success rate: 0.0000
Terminations: Fall=139 | Drop=262 | Overspeed=296
Agent Steps: 0009M | FPS: 47805.7 | Last FPS: 49927.0 | Collect Time: 2.6 min | Train RL Time: 0.9 min | Current Best: -10000.00
-----------------------
episode rewards: 52.04 | episode lengths: 174.77
episode rot angle(rad): 0.54
epsode sparse reward: 0.00
success rate (rot>6): 0.0000 (0/564)
best success rate: 0.0000
Terminations: Fall=76 | Drop=19 | Overspeed=214
Agent Steps: 0019M | FPS: 48654.1 | Last FPS: 50722.3 | Collect Time: 5.0 min | Train RL Time: 1.8 min | Current Best: -10000.00
-----------------------
episode rewards: 65.74 | episode lengths: 198.57
episode rot angle(rad): 0.35
epsode sparse reward: 0.00
success rate (rot>6): 0.0000 (0/494)
best success rate: 0.0000
Terminations: Fall=62 | Drop=13 | Overspeed=212
Agent Steps: 0029M | FPS: 49070.6 | Last FPS: 48780.3 | Collect Time: 7.3 min | Train RL Time: 2.7 min | Current Best: -10000.00
-----------------------
episode rewards: 68.66 | episode lengths: 199.12
episode rot angle(rad): 0.29
epsode sparse reward: 0.00
success rate (rot>6): 0.0000 (0/525)
best success rate: 0.0000
Terminations: Fall=85 | Drop=10 | Overspeed=200
Agent Steps: 0039M | FPS: 49157.2 | Last FPS: 50390.9 | Collect Time: 9.8 min | Train RL Time: 3.6 min | Current Best: -10000.00
-----------------------
episode rewards: 71.46 | episode lengths: 202.55
episode rot angle(rad): 0.35
epsode sparse reward: 0.00
success rate (rot>6): 0.0000 (0/471)
best success rate: 0.0000
Terminations: Fall=72 | Drop=11 | Overspeed=183
Agent Steps: 0049M | FPS: 49239.3 | Last FPS: 49445.2 | Collect Time: 12.2 min | Train RL Time: 4.5 min | Current Best: -10000.00
-----------------------
episode rewards: 75.04 | episode lengths: 209.25
episode rot angle(rad): 0.37
epsode sparse reward: 0.00
success rate (rot>6): 0.0000 (0/506)
best success rate: 0.0000
Terminations: Fall=57 | Drop=14 | Overspeed=209
Agent Steps: 0059M | FPS: 49270.0 | Last FPS: 49755.3 | Collect Time: 14.6 min | Train RL Time: 5.4 min | Current Best: 75.14
-----------------------
episode rewards: 74.48 | episode lengths: 202.56
episode rot angle(rad): 0.37
epsode sparse reward: 0.00
success rate (rot>6): 0.0000 (0/516)
best success rate: 0.0000
Terminations: Fall=74 | Drop=8 | Overspeed=194
Agent Steps: 0068M | FPS: 49309.4 | Last FPS: 48903.5 | Collect Time: 17.0 min | Train RL Time: 6.2 min | Current Best: 75.14
-----------------------
episode rewards: 76.23 | episode lengths: 203.38
episode rot angle(rad): 0.29
epsode sparse reward: 0.00
success rate (rot>6): 0.0000 (0/517)
best success rate: 0.0000
Terminations: Fall=67 | Drop=11 | Overspeed=231
Agent Steps: 0078M | FPS: 49357.5 | Last FPS: 49227.8 | Collect Time: 19.4 min | Train RL Time: 7.1 min | Current Best: 76.44
-----------------------
episode rewards: 78.83 | episode lengths: 208.49
episode rot angle(rad): 0.29
epsode sparse reward: 0.00
success rate (rot>6): 0.0000 (0/483)
best success rate: 0.0000
Terminations: Fall=62 | Drop=6 | Overspeed=192
Agent Steps: 0088M | FPS: 49415.0 | Last FPS: 49998.7 | Collect Time: 21.8 min | Train RL Time: 8.0 min | Current Best: 79.11
-----------------------
episode rewards: 81.95 | episode lengths: 214.08
episode rot angle(rad): 0.40
epsode sparse reward: 0.00
success rate (rot>6): 0.0000 (0/434)
best success rate: 0.0000
Terminations: Fall=60 | Drop=4 | Overspeed=160
Agent Steps: 0098M | FPS: 49446.7 | Last FPS: 50573.0 | Collect Time: 24.2 min | Train RL Time: 8.9 min | Current Best: 81.99
-----------------------
episode rewards: 84.85 | episode lengths: 219.88
episode rot angle(rad): 0.42
epsode sparse reward: 0.00
success rate (rot>6): 0.0000 (0/411)
best success rate: 0.0000
Terminations: Fall=43 | Drop=8 | Overspeed=153
Agent Steps: 0108M | FPS: 49493.3 | Last FPS: 49786.4 | Collect Time: 26.5 min | Train RL Time: 9.8 min | Current Best: 85.07
-----------------------
episode rewards: 86.35 | episode lengths: 220.46
episode rot angle(rad): 0.44
epsode sparse reward: 0.00
success rate (rot>6): 0.0000 (0/475)
best success rate: 0.0000
Terminations: Fall=52 | Drop=6 | Overspeed=188
Agent Steps: 0118M | FPS: 49540.0 | Last FPS: 49427.1 | Collect Time: 28.9 min | Train RL Time: 10.7 min | Current Best: 86.37
-----------------------
episode rewards: 88.95 | episode lengths: 224.96
episode rot angle(rad): 0.45
epsode sparse reward: 0.00
success rate (rot>6): 0.0000 (0/468)
best success rate: 0.0000
Terminations: Fall=50 | Drop=10 | Overspeed=165
Agent Steps: 0127M | FPS: 49548.7 | Last FPS: 49614.9 | Collect Time: 31.3 min | Train RL Time: 11.6 min | Current Best: 89.11
-----------------------
episode rewards: 90.69 | episode lengths: 227.00
episode rot angle(rad): 0.44
epsode sparse reward: 0.00
success rate (rot>6): 0.0000 (0/442)
best success rate: 0.0000
Terminations: Fall=42 | Drop=11 | Overspeed=153
Agent Steps: 0137M | FPS: 49599.2 | Last FPS: 51562.7 | Collect Time: 33.7 min | Train RL Time: 12.5 min | Current Best: 91.37
-----------------------
episode rewards: 92.26 | episode lengths: 228.86
episode rot angle(rad): 0.45
epsode sparse reward: 0.00
success rate (rot>6): 0.0000 (0/438)
best success rate: 0.0000
Terminations: Fall=51 | Drop=6 | Overspeed=161
Agent Steps: 0147M | FPS: 49618.6 | Last FPS: 50468.0 | Collect Time: 36.1 min | Train RL Time: 13.4 min | Current Best: 93.30
-----------------------
episode rewards: 93.36 | episode lengths: 230.26
episode rot angle(rad): 0.43
epsode sparse reward: 0.00
success rate (rot>6): 0.0000 (0/465)
best success rate: 0.0000
Terminations: Fall=35 | Drop=6 | Overspeed=175
Agent Steps: 0157M | FPS: 49638.4 | Last FPS: 48980.9 | Collect Time: 38.4 min | Train RL Time: 14.3 min | Current Best: 93.35
-----------------------
episode rewards: 94.46 | episode lengths: 232.07
episode rot angle(rad): 0.42
epsode sparse reward: 0.00
success rate (rot>6): 0.0000 (0/425)
best success rate: 0.0000
Terminations: Fall=55 | Drop=3 | Overspeed=146
Agent Steps: 0167M | FPS: 49654.0 | Last FPS: 50834.1 | Collect Time: 40.8 min | Train RL Time: 15.2 min | Current Best: 94.61
-----------------------
episode rewards: 95.80 | episode lengths: 234.26
episode rot angle(rad): 0.42
epsode sparse reward: 0.00
success rate (rot>6): 0.0000 (0/396)
best success rate: 0.0000
Terminations: Fall=50 | Drop=4 | Overspeed=130
Agent Steps: 0177M | FPS: 49679.5 | Last FPS: 50621.2 | Collect Time: 43.2 min | Train RL Time: 16.1 min | Current Best: 95.97
-----------------------
episode rewards: 97.06 | episode lengths: 236.56
episode rot angle(rad): 0.40
epsode sparse reward: 0.00
success rate (rot>6): 0.0000 (0/387)
best success rate: 0.0000
Terminations: Fall=34 | Drop=6 | Overspeed=120
Agent Steps: 0186M | FPS: 49695.7 | Last FPS: 49453.8 | Collect Time: 45.6 min | Train RL Time: 17.0 min | Current Best: 97.06
-----------------------
episode rewards: 97.16 | episode lengths: 235.84
episode rot angle(rad): 0.41
epsode sparse reward: 0.00
success rate (rot>6): 0.0000 (0/388)
best success rate: 0.0000
Terminations: Fall=45 | Drop=2 | Overspeed=115
Agent Steps: 0196M | FPS: 49709.9 | Last FPS: 50653.9 | Collect Time: 47.9 min | Train RL Time: 17.9 min | Current Best: 97.38
-----------------------
episode rewards: 97.84 | episode lengths: 236.84
episode rot angle(rad): 0.43
epsode sparse reward: 0.00
success rate (rot>6): 0.0000 (0/390)
best success rate: 0.0000
Terminations: Fall=40 | Drop=3 | Overspeed=148
Agent Steps: 0206M | FPS: 49731.3 | Last FPS: 50559.5 | Collect Time: 50.3 min | Train RL Time: 18.7 min | Current Best: 98.28
-----------------------
episode rewards: 97.97 | episode lengths: 236.73
episode rot angle(rad): 0.42
epsode sparse reward: 0.00
success rate (rot>6): 0.0000 (0/404)
best success rate: 0.0000
Terminations: Fall=40 | Drop=2 | Overspeed=156
Agent Steps: 0216M | FPS: 49748.5 | Last FPS: 50321.4 | Collect Time: 52.7 min | Train RL Time: 19.6 min | Current Best: 98.28
-----------------------
episode rewards: 99.63 | episode lengths: 240.31
episode rot angle(rad): 0.42
epsode sparse reward: 0.00
success rate (rot>6): 0.0000 (0/419)
best success rate: 0.0000
Terminations: Fall=42 | Drop=3 | Overspeed=139
Agent Steps: 0226M | FPS: 49757.1 | Last FPS: 49629.4 | Collect Time: 55.0 min | Train RL Time: 20.5 min | Current Best: 99.61
-----------------------
episode rewards: 101.04 | episode lengths: 243.21
episode rot angle(rad): 0.43
epsode sparse reward: 0.00
success rate (rot>6): 0.0000 (0/348)
best success rate: 0.0000
Terminations: Fall=30 | Drop=7 | Overspeed=105
Agent Steps: 0236M | FPS: 49778.2 | Last FPS: 50049.3 | Collect Time: 57.4 min | Train RL Time: 21.4 min | Current Best: 100.95
-----------------------
episode rewards: 102.24 | episode lengths: 245.77
episode rot angle(rad): 0.45
epsode sparse reward: 0.00
success rate (rot>6): 0.0000 (0/387)
best success rate: 0.0000
Terminations: Fall=46 | Drop=4 | Overspeed=146
Agent Steps: 0245M | FPS: 49787.7 | Last FPS: 49448.3 | Collect Time: 59.8 min | Train RL Time: 22.3 min | Current Best: 102.91
max steps achieved
Final best reward: 102.91
Final success rate: 0.0000
Final mean rotation angle (rad): 0.4679

OPTUNA_METRICS: reward=102.9127 success_rate=0.0000 mean_rot_angle=0.4679


训练指标:
  Best Reward:         102.9127
  Success Rate:        0.0000
  Mean Rot Angle(rad): 0.4679
  Composite Score:     149.70
    = 1.0×102.91 + 100.0×0.0000 + 100.0×0.4679

================================================================================
[Optuna Trial 11] 训练完成
================================================================================

                                                                                           [I 2025-11-26 12:30:36,177] Trial 11 finished with value: 149.7027 and parameters: {'learning_rate': 0.0008720999487485395, 'weight_decay': 2.2218666900475724e-05, 'gamma': 0.992, 'tau': 0.95, 'e_clip': 0.1, 'entropy_coef': 0.003399595017864214, 'critic_coef': 1.0, 'kl_threshold': 0.07960488728554739, 'mini_epochs': 7, 'minibatch_size': 8192, 'grad_norm': 0.5, 'angvelClipMin': -0.23335242845071594, 'angvelClipMax': 0.7589429471079392, 'angvelPenaltyThresHigh': 0.5201790487089606, 'angvelPenaltyThresLow': -0.6409911908459804, 'rotate_reward_scale': 1.0188833722847745, 'obj_linvel_penalty_scale': -0.14343167557149372, 'torque_penalty_scale': -0.022087611190369942, 'hand_pose_consistency_penalty_scale': -0.035039397880591856, 'rotate_penalty_scale': -0.024838657518421122, 'pencil_z_dist_penalty_scale': -1.3371636414557104, 'position_penalty_scale': -0.233515423827511}. Best is trial 6 with value: 1906.1933999999999.
Best trial: 6. Best value: 1906.19:  28%|██▊       | 11/40 [17:12:14<41:38:56, 5170.22s/it]Best trial: 6. Best value: 1906.19:  28%|██▊       | 11/40 [17:12:14<41:38:56, 5170.22s/it]Best trial: 6. Best value: 1906.19:  30%|███       | 12/40 [17:12:14<39:52:51, 5127.54s/it]
================================================================================
[Optuna Trial 12] 开始训练
================================================================================
试验参数:
  learning_rate                  = 0.0006091653026462403
  weight_decay                   = 2.8882928607266408e-05
  gamma                          = 0.992
  tau                            = 0.95
  e_clip                         = 0.3
  entropy_coef                   = 0.0010768241343648316
  critic_coef                    = 0.5
  kl_threshold                   = 0.0559943888820167
  mini_epochs                    = 7
  minibatch_size                 = 8192
  grad_norm                      = 2.0
  angvelClipMin                  = -0.2632673159872863
  angvelClipMax                  = 0.8923739419144497
  angvelPenaltyThresHigh         = 0.5262517453860535
  angvelPenaltyThresLow          = -0.671414612714855
  rotate_reward_scale            = 1.4805647360853302
  obj_linvel_penalty_scale       = -0.15354488304249259
  torque_penalty_scale           = -0.023211523207096497
  hand_pose_consistency_penalty_scale = -0.03467658676000078
  rotate_penalty_scale           = -0.040035915558037594
  pencil_z_dist_penalty_scale    = -1.3613102946255022
  position_penalty_scale         = -0.2432906269469205
输出目录: outputs/teacher_reproduce_trial_03/optuna_trial_0012
================================================================================


特权信息 (Privileged Information) 维度配置:
================================================================================
名称                             索引范围            维度       状态
--------------------------------------------------------------------------------
obj_position                   [ 0: 3]         3        [固定]
obj_scale                      [ 3: 4]         1        [固定]
obj_mass                       [ 4: 5]         1        [固定]
obj_friction                   [ 5: 6]         1        [固定]
obj_com                        [ 6: 9]         3        [固定]
--------------------------------------------------------------------------------
obj_orientation                [ 9:13]         4        ✓
obj_angvel                     [13:16]         3        ✓
fingertip_position             [16:31]         15       ✓
obj_restitution                [31:32]         1        ✓
tactile                        [32:47]         15       ✓
--------------------------------------------------------------------------------
总计: 10 项启用, 实际维度 = 47, 缓冲区大小 = 47
================================================================================

RunningMeanStd:  (126,)
RunningMeanStd:  47
RunningMeanStd:  3
RunningMeanStd:  (1,)
-----------------------
episode rewards: 44.95 | episode lengths: 104.09
episode rot angle(rad): 1.14
epsode sparse reward: 0.00
success rate (rot>6): 0.0000 (0/571)
best success rate: 0.0000
Terminations: Fall=97 | Drop=105 | Overspeed=184
Agent Steps: 0009M | FPS: 49041.8 | Last FPS: 50870.7 | Collect Time: 2.5 min | Train RL Time: 0.9 min | Current Best: -10000.00
-----------------------
episode rewards: 110.84 | episode lengths: 196.41
episode rot angle(rad): 0.79
epsode sparse reward: 0.00
success rate (rot>6): 0.0000 (0/431)
best success rate: 0.0000
Terminations: Fall=65 | Drop=32 | Overspeed=140
Agent Steps: 0019M | FPS: 49808.0 | Last FPS: 50202.8 | Collect Time: 4.8 min | Train RL Time: 1.8 min | Current Best: -10000.00
-----------------------
episode rewards: 128.86 | episode lengths: 219.05
episode rot angle(rad): 0.75
epsode sparse reward: 0.00
success rate (rot>6): 0.0000 (0/396)
best success rate: 0.0000
Terminations: Fall=38 | Drop=10 | Overspeed=146
Agent Steps: 0029M | FPS: 50086.4 | Last FPS: 49984.8 | Collect Time: 7.1 min | Train RL Time: 2.7 min | Current Best: -10000.00
-----------------------
episode rewards: 136.49 | episode lengths: 232.48
episode rot angle(rad): 0.72
epsode sparse reward: 0.00
success rate (rot>6): 0.0000 (0/437)
best success rate: 0.0000
Terminations: Fall=46 | Drop=7 | Overspeed=153
Agent Steps: 0039M | FPS: 50161.1 | Last FPS: 50913.4 | Collect Time: 9.5 min | Train RL Time: 3.6 min | Current Best: -10000.00
-----------------------
episode rewards: 134.19 | episode lengths: 231.87
episode rot angle(rad): 0.66
epsode sparse reward: 0.00
success rate (rot>6): 0.0000 (0/425)
best success rate: 0.0000
Terminations: Fall=43 | Drop=9 | Overspeed=147
Agent Steps: 0049M | FPS: 50208.1 | Last FPS: 50677.3 | Collect Time: 11.8 min | Train RL Time: 4.5 min | Current Best: -10000.00
-----------------------
episode rewards: 139.37 | episode lengths: 242.50
episode rot angle(rad): 1.15
epsode sparse reward: 0.00
success rate (rot>6): 0.0000 (0/393)
best success rate: 0.0000
Terminations: Fall=35 | Drop=9 | Overspeed=119
Agent Steps: 0059M | FPS: 50231.7 | Last FPS: 48806.6 | Collect Time: 14.2 min | Train RL Time: 5.4 min | Current Best: 139.40
-----------------------
episode rewards: 134.47 | episode lengths: 237.07
episode rot angle(rad): 1.46
epsode sparse reward: 0.00
success rate (rot>6): 0.0000 (0/411)
best success rate: 0.0024
Terminations: Fall=55 | Drop=11 | Overspeed=141
Agent Steps: 0068M | FPS: 50173.5 | Last FPS: 49180.7 | Collect Time: 16.6 min | Train RL Time: 6.3 min | Current Best: 139.54
-----------------------
episode rewards: 143.67 | episode lengths: 245.20
episode rot angle(rad): 1.52
epsode sparse reward: 0.00
success rate (rot>6): 0.0000 (0/391)
best success rate: 0.0071
Terminations: Fall=41 | Drop=11 | Overspeed=110
Agent Steps: 0078M | FPS: 50113.7 | Last FPS: 51029.9 | Collect Time: 19.0 min | Train RL Time: 7.2 min | Current Best: 143.56
-----------------------
episode rewards: 149.92 | episode lengths: 248.15
episode rot angle(rad): 1.30
epsode sparse reward: 0.00
success rate (rot>6): 0.0000 (0/411)
best success rate: 0.0071
Terminations: Fall=38 | Drop=7 | Overspeed=151
Agent Steps: 0088M | FPS: 50064.5 | Last FPS: 49665.3 | Collect Time: 21.4 min | Train RL Time: 8.0 min | Current Best: 150.38
-----------------------
episode rewards: 157.54 | episode lengths: 254.91
episode rot angle(rad): 0.97
epsode sparse reward: 0.00
success rate (rot>6): 0.0000 (0/439)
best success rate: 0.0071
Terminations: Fall=54 | Drop=4 | Overspeed=142
Agent Steps: 0098M | FPS: 50039.2 | Last FPS: 48320.9 | Collect Time: 23.7 min | Train RL Time: 8.9 min | Current Best: 158.25
-----------------------
episode rewards: 157.21 | episode lengths: 251.74
episode rot angle(rad): 1.15
epsode sparse reward: 0.00
success rate (rot>6): 0.0000 (0/404)
best success rate: 0.0071
Terminations: Fall=34 | Drop=9 | Overspeed=127
Agent Steps: 0108M | FPS: 50041.7 | Last FPS: 50446.7 | Collect Time: 26.1 min | Train RL Time: 9.8 min | Current Best: 158.45
-----------------------
episode rewards: 158.91 | episode lengths: 253.05
episode rot angle(rad): 1.59
epsode sparse reward: 0.00
success rate (rot>6): 0.0000 (0/404)
best success rate: 0.0071
Terminations: Fall=44 | Drop=10 | Overspeed=98
Agent Steps: 0118M | FPS: 50043.3 | Last FPS: 50540.6 | Collect Time: 28.5 min | Train RL Time: 10.7 min | Current Best: 159.89
-----------------------
episode rewards: 154.19 | episode lengths: 245.58
episode rot angle(rad): 1.90
epsode sparse reward: 0.00
success rate (rot>6): 0.0000 (0/423)
best success rate: 0.0071
Terminations: Fall=33 | Drop=6 | Overspeed=164
Agent Steps: 0127M | FPS: 50032.9 | Last FPS: 50291.1 | Collect Time: 30.9 min | Train RL Time: 11.6 min | Current Best: 159.89
-----------------------
episode rewards: 154.72 | episode lengths: 244.82
episode rot angle(rad): 2.05
epsode sparse reward: 0.00
success rate (rot>6): 0.0000 (0/365)
best success rate: 0.0128
Terminations: Fall=30 | Drop=15 | Overspeed=110
Agent Steps: 0137M | FPS: 50018.5 | Last FPS: 49110.2 | Collect Time: 33.2 min | Train RL Time: 12.5 min | Current Best: 159.89
-----------------------
episode rewards: 161.96 | episode lengths: 255.82
episode rot angle(rad): 2.31
epsode sparse reward: 0.00
success rate (rot>6): 0.0029 (1/345)
best success rate: 0.0154
Terminations: Fall=18 | Drop=12 | Overspeed=87
Agent Steps: 0147M | FPS: 50013.6 | Last FPS: 48459.4 | Collect Time: 35.6 min | Train RL Time: 13.4 min | Current Best: 161.63
-----------------------
episode rewards: 166.02 | episode lengths: 261.30
episode rot angle(rad): 2.60
epsode sparse reward: 0.00
success rate (rot>6): 0.0028 (1/351)
best success rate: 0.0216
Terminations: Fall=32 | Drop=10 | Overspeed=93
Agent Steps: 0157M | FPS: 50016.7 | Last FPS: 50734.6 | Collect Time: 38.0 min | Train RL Time: 14.3 min | Current Best: 165.99
-----------------------
episode rewards: 169.52 | episode lengths: 263.03
episode rot angle(rad): 2.75
epsode sparse reward: 0.00
success rate (rot>6): 0.0204 (7/343)
best success rate: 0.0216
Terminations: Fall=35 | Drop=10 | Overspeed=86
Agent Steps: 0167M | FPS: 50020.4 | Last FPS: 51029.1 | Collect Time: 40.4 min | Train RL Time: 15.2 min | Current Best: 169.68
-----------------------
episode rewards: 174.68 | episode lengths: 264.98
episode rot angle(rad): 3.01
epsode sparse reward: 0.00
success rate (rot>6): 0.0051 (2/392)
best success rate: 0.0216
Terminations: Fall=42 | Drop=6 | Overspeed=98
Agent Steps: 0177M | FPS: 50034.2 | Last FPS: 49681.3 | Collect Time: 42.7 min | Train RL Time: 16.1 min | Current Best: 175.24
-----------------------
episode rewards: 177.91 | episode lengths: 266.66
episode rot angle(rad): 3.10
epsode sparse reward: 0.00
success rate (rot>6): 0.0100 (4/401)
best success rate: 0.0216
Terminations: Fall=35 | Drop=7 | Overspeed=112
Agent Steps: 0186M | FPS: 50052.2 | Last FPS: 50181.9 | Collect Time: 45.1 min | Train RL Time: 17.0 min | Current Best: 178.27
-----------------------
episode rewards: 180.47 | episode lengths: 267.74
episode rot angle(rad): 3.23
epsode sparse reward: 0.00
success rate (rot>6): 0.0331 (12/363)
best success rate: 0.0423
Terminations: Fall=40 | Drop=5 | Overspeed=78
Agent Steps: 0196M | FPS: 50071.0 | Last FPS: 51304.4 | Collect Time: 47.4 min | Train RL Time: 17.9 min | Current Best: 180.40
-----------------------
episode rewards: 178.84 | episode lengths: 264.86
episode rot angle(rad): 3.26
epsode sparse reward: 0.00
success rate (rot>6): 0.0468 (17/363)
best success rate: 0.0696
Terminations: Fall=39 | Drop=8 | Overspeed=86
Agent Steps: 0206M | FPS: 50084.5 | Last FPS: 50282.7 | Collect Time: 49.8 min | Train RL Time: 18.8 min | Current Best: 180.97
-----------------------
episode rewards: 178.98 | episode lengths: 264.91
episode rot angle(rad): 3.34
epsode sparse reward: 0.00
success rate (rot>6): 0.0519 (18/347)
best success rate: 0.0711
Terminations: Fall=31 | Drop=10 | Overspeed=83
Agent Steps: 0216M | FPS: 50098.5 | Last FPS: 50350.7 | Collect Time: 52.1 min | Train RL Time: 19.7 min | Current Best: 180.97
-----------------------
episode rewards: 178.96 | episode lengths: 265.34
episode rot angle(rad): 3.42
epsode sparse reward: 0.00
success rate (rot>6): 0.0586 (19/324)
best success rate: 0.0882
Terminations: Fall=20 | Drop=1 | Overspeed=99
Agent Steps: 0226M | FPS: 50107.5 | Last FPS: 51150.0 | Collect Time: 54.5 min | Train RL Time: 20.6 min | Current Best: 180.97
-----------------------
episode rewards: 177.73 | episode lengths: 264.74
episode rot angle(rad): 3.39
epsode sparse reward: 0.00
success rate (rot>6): 0.0491 (17/346)
best success rate: 0.0967
Terminations: Fall=35 | Drop=8 | Overspeed=93
Agent Steps: 0236M | FPS: 50118.6 | Last FPS: 49687.1 | Collect Time: 56.8 min | Train RL Time: 21.5 min | Current Best: 180.97
-----------------------
episode rewards: 177.78 | episode lengths: 265.28
episode rot angle(rad): 3.40
epsode sparse reward: 0.00
success rate (rot>6): 0.0592 (21/355)
best success rate: 0.0967
Terminations: Fall=35 | Drop=6 | Overspeed=91
Agent Steps: 0245M | FPS: 50128.2 | Last FPS: 48846.9 | Collect Time: 59.2 min | Train RL Time: 22.4 min | Current Best: 180.97
max steps achieved
Final best reward: 180.97
Final success rate: 0.0967
Final mean rotation angle (rad): 3.3621

OPTUNA_METRICS: reward=180.9660 success_rate=0.0967 mean_rot_angle=3.3621


训练指标:
  Best Reward:         180.9660
  Success Rate:        0.0967
  Mean Rot Angle(rad): 3.3621
  Composite Score:     526.85
    = 1.0×180.97 + 100.0×0.0967 + 100.0×3.3621

================================================================================
[Optuna Trial 12] 训练完成
================================================================================

                                                                                           [I 2025-11-26 13:53:52,231] Trial 12 finished with value: 526.846 and parameters: {'learning_rate': 0.0006091653026462403, 'weight_decay': 2.8882928607266408e-05, 'gamma': 0.992, 'tau': 0.95, 'e_clip': 0.3, 'entropy_coef': 0.0010768241343648316, 'critic_coef': 0.5, 'kl_threshold': 0.0559943888820167, 'mini_epochs': 7, 'minibatch_size': 8192, 'grad_norm': 2.0, 'angvelClipMin': -0.2632673159872863, 'angvelClipMax': 0.8923739419144497, 'angvelPenaltyThresHigh': 0.5262517453860535, 'angvelPenaltyThresLow': -0.671414612714855, 'rotate_reward_scale': 1.4805647360853302, 'obj_linvel_penalty_scale': -0.15354488304249259, 'torque_penalty_scale': -0.023211523207096497, 'hand_pose_consistency_penalty_scale': -0.03467658676000078, 'rotate_penalty_scale': -0.040035915558037594, 'pencil_z_dist_penalty_scale': -1.3613102946255022, 'position_penalty_scale': -0.2432906269469205}. Best is trial 6 with value: 1906.1933999999999.
Best trial: 6. Best value: 1906.19:  30%|███       | 12/40 [18:35:30<39:52:51, 5127.54s/it]Best trial: 6. Best value: 1906.19:  30%|███       | 12/40 [18:35:30<39:52:51, 5127.54s/it]Best trial: 6. Best value: 1906.19:  32%|███▎      | 13/40 [18:35:30<38:09:28, 5087.71s/it]
================================================================================
[Optuna Trial 13] 开始训练
================================================================================
试验参数:
  learning_rate                  = 0.0006483262571390668
  weight_decay                   = 1.66851278861091e-05
  gamma                          = 0.99
  tau                            = 0.95
  e_clip                         = 0.1
  entropy_coef                   = 0.003066966652460689
  critic_coef                    = 1.0
  kl_threshold                   = 0.06979338809467865
  mini_epochs                    = 5
  minibatch_size                 = 8192
  grad_norm                      = 0.5
  angvelClipMin                  = -0.14847255391663214
  angvelClipMax                  = 0.7611538677223548
  angvelPenaltyThresHigh         = 0.6413150215692052
  angvelPenaltyThresLow          = -0.6182934454321457
  rotate_reward_scale            = 2.081481152444575
  obj_linvel_penalty_scale       = -0.09588744464024576
  torque_penalty_scale           = -0.029766340825087292
  hand_pose_consistency_penalty_scale = -0.05026638918648742
  rotate_penalty_scale           = -0.00842388587991275
  pencil_z_dist_penalty_scale    = -1.6785955110816482
  position_penalty_scale         = -0.20412936452195143
输出目录: outputs/teacher_reproduce_trial_03/optuna_trial_0013
================================================================================


特权信息 (Privileged Information) 维度配置:
================================================================================
名称                             索引范围            维度       状态
--------------------------------------------------------------------------------
obj_position                   [ 0: 3]         3        [固定]
obj_scale                      [ 3: 4]         1        [固定]
obj_mass                       [ 4: 5]         1        [固定]
obj_friction                   [ 5: 6]         1        [固定]
obj_com                        [ 6: 9]         3        [固定]
--------------------------------------------------------------------------------
obj_orientation                [ 9:13]         4        ✓
obj_angvel                     [13:16]         3        ✓
fingertip_position             [16:31]         15       ✓
obj_restitution                [31:32]         1        ✓
tactile                        [32:47]         15       ✓
--------------------------------------------------------------------------------
总计: 10 项启用, 实际维度 = 47, 缓冲区大小 = 47
================================================================================

RunningMeanStd:  (126,)
RunningMeanStd:  47
RunningMeanStd:  3
RunningMeanStd:  (1,)
-----------------------
episode rewards: 72.36 | episode lengths: 139.59
episode rot angle(rad): 0.54
epsode sparse reward: 0.00
success rate (rot>6): 0.0000 (0/544)
best success rate: 0.0000
Terminations: Fall=93 | Drop=30 | Overspeed=151
Agent Steps: 0009M | FPS: 52289.7 | Last FPS: 52654.8 | Collect Time: 2.5 min | Train RL Time: 0.6 min | Current Best: -10000.00
-----------------------
episode rewards: 159.97 | episode lengths: 213.73
episode rot angle(rad): 0.35
epsode sparse reward: 0.00
success rate (rot>6): 0.0000 (0/493)
best success rate: 0.0000
Terminations: Fall=103 | Drop=13 | Overspeed=139
Agent Steps: 0019M | FPS: 53386.7 | Last FPS: 53574.8 | Collect Time: 4.9 min | Train RL Time: 1.3 min | Current Best: -10000.00
-----------------------
episode rewards: 193.75 | episode lengths: 233.85
episode rot angle(rad): 0.27
epsode sparse reward: 0.00
success rate (rot>6): 0.0000 (0/432)
best success rate: 0.0000
Terminations: Fall=63 | Drop=16 | Overspeed=117
Agent Steps: 0029M | FPS: 53792.6 | Last FPS: 53210.8 | Collect Time: 7.2 min | Train RL Time: 1.9 min | Current Best: -10000.00
-----------------------
episode rewards: 204.84 | episode lengths: 236.94
episode rot angle(rad): 0.21
epsode sparse reward: 0.00
success rate (rot>6): 0.0000 (0/414)
best success rate: 0.0000
Terminations: Fall=56 | Drop=16 | Overspeed=101
Agent Steps: 0039M | FPS: 53858.8 | Last FPS: 55027.5 | Collect Time: 9.6 min | Train RL Time: 2.6 min | Current Best: -10000.00
-----------------------
episode rewards: 209.87 | episode lengths: 237.00
episode rot angle(rad): 0.19
epsode sparse reward: 0.00
success rate (rot>6): 0.0000 (0/422)
best success rate: 0.0000
Terminations: Fall=54 | Drop=5 | Overspeed=132
Agent Steps: 0049M | FPS: 53945.2 | Last FPS: 54360.5 | Collect Time: 12.0 min | Train RL Time: 3.2 min | Current Best: -10000.00
-----------------------
episode rewards: 217.90 | episode lengths: 244.52
episode rot angle(rad): 0.17
epsode sparse reward: 0.00
success rate (rot>6): 0.0000 (0/393)
best success rate: 0.0000
Terminations: Fall=38 | Drop=15 | Overspeed=105
Agent Steps: 0059M | FPS: 53945.0 | Last FPS: 55421.5 | Collect Time: 14.4 min | Train RL Time: 3.8 min | Current Best: 217.82
-----------------------
episode rewards: 221.11 | episode lengths: 244.63
episode rot angle(rad): 0.21
epsode sparse reward: 0.00
success rate (rot>6): 0.0000 (0/420)
best success rate: 0.0000
Terminations: Fall=56 | Drop=22 | Overspeed=116
Agent Steps: 0068M | FPS: 53974.1 | Last FPS: 53322.1 | Collect Time: 16.8 min | Train RL Time: 4.5 min | Current Best: 221.02
-----------------------
episode rewards: 222.02 | episode lengths: 242.42
episode rot angle(rad): 0.21
epsode sparse reward: 0.00
success rate (rot>6): 0.0000 (0/366)
best success rate: 0.0000
Terminations: Fall=37 | Drop=14 | Overspeed=115
Agent Steps: 0078M | FPS: 54021.4 | Last FPS: 55162.7 | Collect Time: 19.1 min | Train RL Time: 5.1 min | Current Best: 222.16
-----------------------
episode rewards: 225.90 | episode lengths: 245.14
episode rot angle(rad): 0.24
epsode sparse reward: 0.00
success rate (rot>6): 0.0000 (0/388)
best success rate: 0.0000
Terminations: Fall=45 | Drop=16 | Overspeed=118
Agent Steps: 0088M | FPS: 54044.1 | Last FPS: 52870.2 | Collect Time: 21.5 min | Train RL Time: 5.8 min | Current Best: 226.01
-----------------------
episode rewards: 225.66 | episode lengths: 243.04
episode rot angle(rad): 0.21
epsode sparse reward: 0.00
success rate (rot>6): 0.0000 (0/386)
best success rate: 0.0000
Terminations: Fall=44 | Drop=9 | Overspeed=106
Agent Steps: 0098M | FPS: 54036.5 | Last FPS: 53915.1 | Collect Time: 23.9 min | Train RL Time: 6.4 min | Current Best: 227.07
-----------------------
episode rewards: 233.17 | episode lengths: 248.91
episode rot angle(rad): 0.21
epsode sparse reward: 0.00
success rate (rot>6): 0.0000 (0/431)
best success rate: 0.0000
Terminations: Fall=61 | Drop=20 | Overspeed=117
Agent Steps: 0108M | FPS: 54042.8 | Last FPS: 53706.9 | Collect Time: 26.3 min | Train RL Time: 7.0 min | Current Best: 233.69
-----------------------
episode rewards: 234.39 | episode lengths: 248.46
episode rot angle(rad): 0.24
epsode sparse reward: 0.00
success rate (rot>6): 0.0000 (0/397)
best success rate: 0.0000
Terminations: Fall=37 | Drop=8 | Overspeed=100
Agent Steps: 0118M | FPS: 54030.3 | Last FPS: 52403.6 | Collect Time: 28.7 min | Train RL Time: 7.7 min | Current Best: 234.32
-----------------------
episode rewards: 244.41 | episode lengths: 257.07
episode rot angle(rad): 0.25
epsode sparse reward: 0.00
success rate (rot>6): 0.0000 (0/401)
best success rate: 0.0000
Terminations: Fall=46 | Drop=5 | Overspeed=108
Agent Steps: 0127M | FPS: 54044.6 | Last FPS: 53794.3 | Collect Time: 31.0 min | Train RL Time: 8.3 min | Current Best: 244.47
-----------------------
episode rewards: 247.01 | episode lengths: 258.24
episode rot angle(rad): 0.24
epsode sparse reward: 0.00
success rate (rot>6): 0.0000 (0/411)
best success rate: 0.0000
Terminations: Fall=47 | Drop=5 | Overspeed=116
Agent Steps: 0137M | FPS: 54075.2 | Last FPS: 55463.2 | Collect Time: 33.4 min | Train RL Time: 9.0 min | Current Best: 247.39
-----------------------
episode rewards: 244.99 | episode lengths: 254.70
episode rot angle(rad): 0.25
epsode sparse reward: 0.00
success rate (rot>6): 0.0000 (0/376)
best success rate: 0.0000
Terminations: Fall=43 | Drop=13 | Overspeed=97
Agent Steps: 0147M | FPS: 54105.9 | Last FPS: 55965.9 | Collect Time: 35.8 min | Train RL Time: 9.6 min | Current Best: 247.39
-----------------------
episode rewards: 247.81 | episode lengths: 256.20
episode rot angle(rad): 0.29
epsode sparse reward: 0.00
success rate (rot>6): 0.0000 (0/363)
best success rate: 0.0000
Terminations: Fall=28 | Drop=8 | Overspeed=108
Agent Steps: 0157M | FPS: 54127.6 | Last FPS: 55482.5 | Collect Time: 38.1 min | Train RL Time: 10.2 min | Current Best: 247.84
-----------------------
episode rewards: 254.33 | episode lengths: 261.12
episode rot angle(rad): 0.30
epsode sparse reward: 0.00
success rate (rot>6): 0.0000 (0/330)
best success rate: 0.0000
Terminations: Fall=29 | Drop=11 | Overspeed=87
Agent Steps: 0167M | FPS: 54158.9 | Last FPS: 55691.5 | Collect Time: 40.5 min | Train RL Time: 10.9 min | Current Best: 254.44
-----------------------
episode rewards: 260.93 | episode lengths: 266.44
episode rot angle(rad): 0.31
epsode sparse reward: 0.00
success rate (rot>6): 0.0000 (0/345)
best success rate: 0.0000
Terminations: Fall=47 | Drop=6 | Overspeed=73
Agent Steps: 0177M | FPS: 54180.8 | Last FPS: 53303.1 | Collect Time: 42.8 min | Train RL Time: 11.5 min | Current Best: 261.08
-----------------------
episode rewards: 263.93 | episode lengths: 268.57
episode rot angle(rad): 0.34
epsode sparse reward: 0.00
success rate (rot>6): 0.0000 (0/350)
best success rate: 0.0000
Terminations: Fall=41 | Drop=1 | Overspeed=78
Agent Steps: 0186M | FPS: 54200.9 | Last FPS: 53554.9 | Collect Time: 45.2 min | Train RL Time: 12.2 min | Current Best: 264.86
-----------------------
episode rewards: 267.38 | episode lengths: 271.00
episode rot angle(rad): 0.40
epsode sparse reward: 0.00
success rate (rot>6): 0.0000 (0/345)
best success rate: 0.0000
Terminations: Fall=41 | Drop=7 | Overspeed=87
Agent Steps: 0196M | FPS: 54200.7 | Last FPS: 54915.6 | Collect Time: 47.6 min | Train RL Time: 12.8 min | Current Best: 269.21
-----------------------
episode rewards: 268.74 | episode lengths: 271.25
episode rot angle(rad): 0.44
epsode sparse reward: 0.00
success rate (rot>6): 0.0000 (0/341)
best success rate: 0.0000
Terminations: Fall=34 | Drop=3 | Overspeed=74
Agent Steps: 0206M | FPS: 54220.6 | Last FPS: 53965.7 | Collect Time: 49.9 min | Train RL Time: 13.4 min | Current Best: 269.66
-----------------------
episode rewards: 271.20 | episode lengths: 272.75
episode rot angle(rad): 0.47
epsode sparse reward: 0.00
success rate (rot>6): 0.0000 (0/369)
best success rate: 0.0000
Terminations: Fall=34 | Drop=4 | Overspeed=88
Agent Steps: 0216M | FPS: 54223.6 | Last FPS: 53659.5 | Collect Time: 52.3 min | Train RL Time: 14.1 min | Current Best: 271.93
-----------------------
episode rewards: 273.82 | episode lengths: 274.85
episode rot angle(rad): 0.48
epsode sparse reward: 0.00
success rate (rot>6): 0.0000 (0/362)
best success rate: 0.0000
Terminations: Fall=32 | Drop=3 | Overspeed=77
Agent Steps: 0226M | FPS: 54226.6 | Last FPS: 54317.1 | Collect Time: 54.7 min | Train RL Time: 14.7 min | Current Best: 273.72
-----------------------
episode rewards: 278.88 | episode lengths: 279.63
episode rot angle(rad): 0.50
epsode sparse reward: 0.00
success rate (rot>6): 0.0000 (0/358)
best success rate: 0.0000
Terminations: Fall=36 | Drop=4 | Overspeed=74
Agent Steps: 0236M | FPS: 54232.4 | Last FPS: 54812.5 | Collect Time: 57.0 min | Train RL Time: 15.3 min | Current Best: 278.81
-----------------------
episode rewards: 283.11 | episode lengths: 283.63
episode rot angle(rad): 0.51
epsode sparse reward: 0.00
success rate (rot>6): 0.0000 (0/351)
best success rate: 0.0000
Terminations: Fall=41 | Drop=5 | Overspeed=68
Agent Steps: 0245M | FPS: 54240.5 | Last FPS: 54040.9 | Collect Time: 59.4 min | Train RL Time: 16.0 min | Current Best: 283.72
max steps achieved
Final best reward: 285.61
Final success rate: 0.0000
Final mean rotation angle (rad): 0.5175

OPTUNA_METRICS: reward=285.6094 success_rate=0.0000 mean_rot_angle=0.5175


训练指标:
  Best Reward:         285.6094
  Success Rate:        0.0000
  Mean Rot Angle(rad): 0.5175
  Composite Score:     337.36
    = 1.0×285.61 + 100.0×0.0000 + 100.0×0.5175

================================================================================
[Optuna Trial 13] 训练完成
================================================================================

                                                                                           [I 2025-11-26 15:10:51,122] Trial 13 finished with value: 337.3594 and parameters: {'learning_rate': 0.0006483262571390668, 'weight_decay': 1.66851278861091e-05, 'gamma': 0.99, 'tau': 0.95, 'e_clip': 0.1, 'entropy_coef': 0.003066966652460689, 'critic_coef': 1.0, 'kl_threshold': 0.06979338809467865, 'mini_epochs': 5, 'minibatch_size': 8192, 'grad_norm': 0.5, 'angvelClipMin': -0.14847255391663214, 'angvelClipMax': 0.7611538677223548, 'angvelPenaltyThresHigh': 0.6413150215692052, 'angvelPenaltyThresLow': -0.6182934454321457, 'rotate_reward_scale': 2.081481152444575, 'obj_linvel_penalty_scale': -0.09588744464024576, 'torque_penalty_scale': -0.029766340825087292, 'hand_pose_consistency_penalty_scale': -0.05026638918648742, 'rotate_penalty_scale': -0.00842388587991275, 'pencil_z_dist_penalty_scale': -1.6785955110816482, 'position_penalty_scale': -0.20412936452195143}. Best is trial 6 with value: 1906.1933999999999.
Best trial: 6. Best value: 1906.19:  32%|███▎      | 13/40 [19:52:29<38:09:28, 5087.71s/it]Best trial: 6. Best value: 1906.19:  32%|███▎      | 13/40 [19:52:29<38:09:28, 5087.71s/it]Best trial: 6. Best value: 1906.19:  35%|███▌      | 14/40 [19:52:29<35:43:18, 4946.10s/it]
================================================================================
[Optuna Trial 14] 开始训练
================================================================================
试验参数:
  learning_rate                  = 0.0006387995139074479
  weight_decay                   = 2.3766893511473095e-05
  gamma                          = 0.992
  tau                            = 0.95
  e_clip                         = 0.3
  entropy_coef                   = 0.0010196297650742147
  critic_coef                    = 1.0
  kl_threshold                   = 0.05405375050048811
  mini_epochs                    = 9
  minibatch_size                 = 8192
  grad_norm                      = 2.0
  angvelClipMin                  = -0.3137306336077635
  angvelClipMax                  = 0.8223045692678341
  angvelPenaltyThresHigh         = 0.5965853440994295
  angvelPenaltyThresLow          = -0.5477077164982296
  rotate_reward_scale            = 1.2245332011161265
  obj_linvel_penalty_scale       = -0.17092914057799516
  torque_penalty_scale           = -0.02448347653969161
  hand_pose_consistency_penalty_scale = -0.026485457407918654
  rotate_penalty_scale           = -0.02388016790140185
  pencil_z_dist_penalty_scale    = -1.3614456282125174
  position_penalty_scale         = -0.2652202282321969
输出目录: outputs/teacher_reproduce_trial_03/optuna_trial_0014
================================================================================


特权信息 (Privileged Information) 维度配置:
================================================================================
名称                             索引范围            维度       状态
--------------------------------------------------------------------------------
obj_position                   [ 0: 3]         3        [固定]
obj_scale                      [ 3: 4]         1        [固定]
obj_mass                       [ 4: 5]         1        [固定]
obj_friction                   [ 5: 6]         1        [固定]
obj_com                        [ 6: 9]         3        [固定]
--------------------------------------------------------------------------------
obj_orientation                [ 9:13]         4        ✓
obj_angvel                     [13:16]         3        ✓
fingertip_position             [16:31]         15       ✓
obj_restitution                [31:32]         1        ✓
tactile                        [32:47]         15       ✓
--------------------------------------------------------------------------------
总计: 10 项启用, 实际维度 = 47, 缓冲区大小 = 47
================================================================================

RunningMeanStd:  (126,)
RunningMeanStd:  47
RunningMeanStd:  3
RunningMeanStd:  (1,)
-----------------------
episode rewards: 27.68 | episode lengths: 65.85
episode rot angle(rad): 1.87
epsode sparse reward: 0.00
success rate (rot>6): 0.0000 (0/1343)
best success rate: 0.0000
Terminations: Fall=225 | Drop=771 | Overspeed=347
Agent Steps: 0009M | FPS: 44004.0 | Last FPS: 44584.9 | Collect Time: 2.6 min | Train RL Time: 1.2 min | Current Best: -10000.00
-----------------------
episode rewards: 42.63 | episode lengths: 83.34
episode rot angle(rad): 2.52
epsode sparse reward: 0.00
success rate (rot>6): 0.0000 (0/1173)
best success rate: 0.0000
Terminations: Fall=147 | Drop=786 | Overspeed=240
Agent Steps: 0019M | FPS: 44240.5 | Last FPS: 44615.6 | Collect Time: 5.1 min | Train RL Time: 2.3 min | Current Best: -10000.00
-----------------------
episode rewards: 49.62 | episode lengths: 92.28
episode rot angle(rad): 2.76
epsode sparse reward: 0.00
success rate (rot>6): 0.0000 (0/931)
best success rate: 0.0000
Terminations: Fall=121 | Drop=644 | Overspeed=165
Agent Steps: 0029M | FPS: 44485.7 | Last FPS: 44537.6 | Collect Time: 7.6 min | Train RL Time: 3.5 min | Current Best: -10000.00
-----------------------
episode rewards: 57.03 | episode lengths: 102.25
episode rot angle(rad): 2.98
epsode sparse reward: 0.00
success rate (rot>6): 0.0000 (0/921)
best success rate: 0.0000
Terminations: Fall=164 | Drop=583 | Overspeed=152
Agent Steps: 0039M | FPS: 44629.5 | Last FPS: 45897.4 | Collect Time: 10.1 min | Train RL Time: 4.6 min | Current Best: -10000.00
-----------------------
episode rewards: 65.33 | episode lengths: 117.21
episode rot angle(rad): 3.05
epsode sparse reward: 0.00
success rate (rot>6): 0.0000 (0/851)
best success rate: 0.0000
Terminations: Fall=147 | Drop=483 | Overspeed=155
Agent Steps: 0049M | FPS: 44770.9 | Last FPS: 44487.4 | Collect Time: 12.5 min | Train RL Time: 5.8 min | Current Best: -10000.00
-----------------------
episode rewards: 73.24 | episode lengths: 133.25
episode rot angle(rad): 2.85
epsode sparse reward: 0.00
success rate (rot>6): 0.0000 (0/701)
best success rate: 0.0000
Terminations: Fall=136 | Drop=337 | Overspeed=119
Agent Steps: 0059M | FPS: 44884.9 | Last FPS: 45284.7 | Collect Time: 15.0 min | Train RL Time: 6.9 min | Current Best: 73.12
-----------------------
episode rewards: 82.19 | episode lengths: 149.86
episode rot angle(rad): 2.65
epsode sparse reward: 0.00
success rate (rot>6): 0.0000 (0/602)
best success rate: 0.0000
Terminations: Fall=88 | Drop=281 | Overspeed=126
Agent Steps: 0068M | FPS: 44971.8 | Last FPS: 46578.3 | Collect Time: 17.4 min | Train RL Time: 8.1 min | Current Best: 82.18
-----------------------
episode rewards: 88.77 | episode lengths: 163.83
episode rot angle(rad): 2.39
epsode sparse reward: 0.00
success rate (rot>6): 0.0000 (0/548)
best success rate: 0.0000
Terminations: Fall=99 | Drop=194 | Overspeed=118
Agent Steps: 0078M | FPS: 45066.9 | Last FPS: 45907.1 | Collect Time: 19.8 min | Train RL Time: 9.2 min | Current Best: 88.79
-----------------------
episode rewards: 91.05 | episode lengths: 167.70
episode rot angle(rad): 2.26
epsode sparse reward: 0.00
success rate (rot>6): 0.0000 (0/564)
best success rate: 0.0000
Terminations: Fall=90 | Drop=210 | Overspeed=127
Agent Steps: 0088M | FPS: 45121.6 | Last FPS: 45584.5 | Collect Time: 22.3 min | Train RL Time: 10.4 min | Current Best: 91.90
-----------------------
episode rewards: 93.95 | episode lengths: 174.95
episode rot angle(rad): 2.12
epsode sparse reward: 0.00
success rate (rot>6): 0.0000 (0/518)
best success rate: 0.0000
Terminations: Fall=69 | Drop=183 | Overspeed=104
Agent Steps: 0098M | FPS: 45159.7 | Last FPS: 45626.4 | Collect Time: 24.7 min | Train RL Time: 11.5 min | Current Best: 93.76
-----------------------
episode rewards: 96.56 | episode lengths: 180.64
episode rot angle(rad): 2.12
epsode sparse reward: 0.00
success rate (rot>6): 0.0000 (0/510)
best success rate: 0.0000
Terminations: Fall=87 | Drop=184 | Overspeed=102
Agent Steps: 0108M | FPS: 45213.9 | Last FPS: 46231.6 | Collect Time: 27.1 min | Train RL Time: 12.7 min | Current Best: 96.85
-----------------------
episode rewards: 101.22 | episode lengths: 189.33
episode rot angle(rad): 1.97
epsode sparse reward: 0.00
success rate (rot>6): 0.0000 (0/474)
best success rate: 0.0000
Terminations: Fall=73 | Drop=136 | Overspeed=113
Agent Steps: 0118M | FPS: 45270.8 | Last FPS: 45934.2 | Collect Time: 29.5 min | Train RL Time: 13.8 min | Current Best: 101.39
-----------------------
episode rewards: 103.74 | episode lengths: 193.89
episode rot angle(rad): 1.95
epsode sparse reward: 0.00
success rate (rot>6): 0.0000 (0/511)
best success rate: 0.0000
Terminations: Fall=85 | Drop=139 | Overspeed=93
Agent Steps: 0127M | FPS: 45323.0 | Last FPS: 46380.2 | Collect Time: 31.9 min | Train RL Time: 15.0 min | Current Best: 103.57
-----------------------
episode rewards: 105.40 | episode lengths: 195.44
episode rot angle(rad): 1.91
epsode sparse reward: 0.00
success rate (rot>6): 0.0000 (0/477)
best success rate: 0.0000
Terminations: Fall=77 | Drop=137 | Overspeed=96
Agent Steps: 0137M | FPS: 45368.2 | Last FPS: 46020.8 | Collect Time: 34.3 min | Train RL Time: 16.1 min | Current Best: 105.85
-----------------------
episode rewards: 106.72 | episode lengths: 197.36
episode rot angle(rad): 1.86
epsode sparse reward: 0.00
success rate (rot>6): 0.0000 (0/477)
best success rate: 0.0000
Terminations: Fall=74 | Drop=130 | Overspeed=103
Agent Steps: 0147M | FPS: 45400.9 | Last FPS: 45978.0 | Collect Time: 36.7 min | Train RL Time: 17.3 min | Current Best: 107.57
-----------------------
episode rewards: 105.70 | episode lengths: 195.04
episode rot angle(rad): 1.75
epsode sparse reward: 0.00
success rate (rot>6): 0.0000 (0/511)
best success rate: 0.0000
Terminations: Fall=78 | Drop=139 | Overspeed=110
Agent Steps: 0157M | FPS: 45426.8 | Last FPS: 46048.0 | Collect Time: 39.2 min | Train RL Time: 18.4 min | Current Best: 107.57
-----------------------
episode rewards: 107.05 | episode lengths: 195.92
episode rot angle(rad): 1.76
epsode sparse reward: 0.00
success rate (rot>6): 0.0000 (0/475)
best success rate: 0.0000
Terminations: Fall=65 | Drop=156 | Overspeed=76
Agent Steps: 0167M | FPS: 45452.2 | Last FPS: 45431.7 | Collect Time: 41.6 min | Train RL Time: 19.6 min | Current Best: 107.57
-----------------------
episode rewards: 109.34 | episode lengths: 199.71
episode rot angle(rad): 1.71
epsode sparse reward: 0.00
success rate (rot>6): 0.0000 (0/433)
best success rate: 0.0000
Terminations: Fall=55 | Drop=122 | Overspeed=86
Agent Steps: 0177M | FPS: 45484.7 | Last FPS: 45369.7 | Collect Time: 44.0 min | Train RL Time: 20.7 min | Current Best: 109.15
-----------------------
episode rewards: 110.64 | episode lengths: 202.30
episode rot angle(rad): 1.67
epsode sparse reward: 0.00
success rate (rot>6): 0.0000 (0/492)
best success rate: 0.0000
Terminations: Fall=64 | Drop=113 | Overspeed=121
Agent Steps: 0186M | FPS: 45509.1 | Last FPS: 46056.2 | Collect Time: 46.4 min | Train RL Time: 21.9 min | Current Best: 110.64
-----------------------
episode rewards: 111.61 | episode lengths: 203.64
episode rot angle(rad): 1.65
epsode sparse reward: 0.00
success rate (rot>6): 0.0000 (0/463)
best success rate: 0.0000
Terminations: Fall=68 | Drop=117 | Overspeed=103
Agent Steps: 0196M | FPS: 45544.2 | Last FPS: 46230.8 | Collect Time: 48.8 min | Train RL Time: 23.0 min | Current Best: 111.69
-----------------------
episode rewards: 114.79 | episode lengths: 209.40
episode rot angle(rad): 1.63
epsode sparse reward: 0.00
success rate (rot>6): 0.0000 (0/464)
best success rate: 0.0000
Terminations: Fall=66 | Drop=104 | Overspeed=107
Agent Steps: 0206M | FPS: 45579.1 | Last FPS: 46567.6 | Collect Time: 51.1 min | Train RL Time: 24.2 min | Current Best: 114.83
-----------------------
episode rewards: 114.99 | episode lengths: 210.79
episode rot angle(rad): 1.63
epsode sparse reward: 0.00
success rate (rot>6): 0.0000 (0/442)
best success rate: 0.0000
Terminations: Fall=71 | Drop=102 | Overspeed=87
Agent Steps: 0216M | FPS: 45610.8 | Last FPS: 46691.5 | Collect Time: 53.5 min | Train RL Time: 25.3 min | Current Best: 114.95
-----------------------
episode rewards: 116.12 | episode lengths: 213.89
episode rot angle(rad): 1.59
epsode sparse reward: 0.00
success rate (rot>6): 0.0000 (0/470)
best success rate: 0.0000
Terminations: Fall=56 | Drop=111 | Overspeed=103
Agent Steps: 0226M | FPS: 45642.8 | Last FPS: 45947.0 | Collect Time: 55.9 min | Train RL Time: 26.5 min | Current Best: 116.02
-----------------------
episode rewards: 115.77 | episode lengths: 214.50
episode rot angle(rad): 1.58
epsode sparse reward: 0.00
success rate (rot>6): 0.0000 (0/459)
best success rate: 0.0000
Terminations: Fall=76 | Drop=97 | Overspeed=101
Agent Steps: 0236M | FPS: 45675.7 | Last FPS: 46052.3 | Collect Time: 58.3 min | Train RL Time: 27.6 min | Current Best: 116.19
-----------------------
episode rewards: 116.24 | episode lengths: 216.35
episode rot angle(rad): 1.55
epsode sparse reward: 0.00
success rate (rot>6): 0.0000 (0/465)
best success rate: 0.0000
Terminations: Fall=66 | Drop=97 | Overspeed=111
Agent Steps: 0245M | FPS: 45701.9 | Last FPS: 46634.4 | Collect Time: 60.6 min | Train RL Time: 28.8 min | Current Best: 116.77
max steps achieved
Final best reward: 116.77
Final success rate: 0.0000
Final mean rotation angle (rad): 1.5440

OPTUNA_METRICS: reward=116.7657 success_rate=0.0000 mean_rot_angle=1.5440


训练指标:
  Best Reward:         116.7657
  Success Rate:        0.0000
  Mean Rot Angle(rad): 1.5440
  Composite Score:     271.17
    = 1.0×116.77 + 100.0×0.0000 + 100.0×1.5440

================================================================================
[Optuna Trial 14] 训练完成
================================================================================

                                                                                           [I 2025-11-26 16:42:09,084] Trial 14 finished with value: 271.1657 and parameters: {'learning_rate': 0.0006387995139074479, 'weight_decay': 2.3766893511473095e-05, 'gamma': 0.992, 'tau': 0.95, 'e_clip': 0.3, 'entropy_coef': 0.0010196297650742147, 'critic_coef': 1.0, 'kl_threshold': 0.05405375050048811, 'mini_epochs': 9, 'minibatch_size': 8192, 'grad_norm': 2.0, 'angvelClipMin': -0.3137306336077635, 'angvelClipMax': 0.8223045692678341, 'angvelPenaltyThresHigh': 0.5965853440994295, 'angvelPenaltyThresLow': -0.5477077164982296, 'rotate_reward_scale': 1.2245332011161265, 'obj_linvel_penalty_scale': -0.17092914057799516, 'torque_penalty_scale': -0.02448347653969161, 'hand_pose_consistency_penalty_scale': -0.026485457407918654, 'rotate_penalty_scale': -0.02388016790140185, 'pencil_z_dist_penalty_scale': -1.3614456282125174, 'position_penalty_scale': -0.2652202282321969}. Best is trial 6 with value: 1906.1933999999999.
Best trial: 6. Best value: 1906.19:  35%|███▌      | 14/40 [21:23:47<35:43:18, 4946.10s/it]Best trial: 6. Best value: 1906.19:  35%|███▌      | 14/40 [21:23:47<35:43:18, 4946.10s/it]Best trial: 6. Best value: 1906.19:  38%|███▊      | 15/40 [21:23:47<35:27:40, 5106.42s/it]
================================================================================
[Optuna Trial 15] 开始训练
================================================================================
试验参数:
  learning_rate                  = 0.0004411671899267943
  weight_decay                   = 1.4089946199814741e-05
  gamma                          = 0.99
  tau                            = 0.9
  e_clip                         = 0.3
  entropy_coef                   = 0.004784464260465953
  critic_coef                    = 0.5
  kl_threshold                   = 0.07117308066510318
  mini_epochs                    = 7
  minibatch_size                 = 8192
  grad_norm                      = 0.5
  angvelClipMin                  = -0.3701747489104999
  angvelClipMax                  = 0.7471524598186564
  angvelPenaltyThresHigh         = 0.7072958782974686
  angvelPenaltyThresLow          = -0.5127986235749837
  rotate_reward_scale            = 1.9797928806994305
  obj_linvel_penalty_scale       = -0.10943421589008302
  torque_penalty_scale           = -0.03309001849397915
  hand_pose_consistency_penalty_scale = -0.0395905993249786
  rotate_penalty_scale           = -0.05558155653173434
  pencil_z_dist_penalty_scale    = -1.6901674156665532
  position_penalty_scale         = -0.20690735054880086
输出目录: outputs/teacher_reproduce_trial_03/optuna_trial_0015
================================================================================


特权信息 (Privileged Information) 维度配置:
================================================================================
名称                             索引范围            维度       状态
--------------------------------------------------------------------------------
obj_position                   [ 0: 3]         3        [固定]
obj_scale                      [ 3: 4]         1        [固定]
obj_mass                       [ 4: 5]         1        [固定]
obj_friction                   [ 5: 6]         1        [固定]
obj_com                        [ 6: 9]         3        [固定]
--------------------------------------------------------------------------------
obj_orientation                [ 9:13]         4        ✓
obj_angvel                     [13:16]         3        ✓
fingertip_position             [16:31]         15       ✓
obj_restitution                [31:32]         1        ✓
tactile                        [32:47]         15       ✓
--------------------------------------------------------------------------------
总计: 10 项启用, 实际维度 = 47, 缓冲区大小 = 47
================================================================================

RunningMeanStd:  (126,)
RunningMeanStd:  47
RunningMeanStd:  3
RunningMeanStd:  (1,)
-----------------------
episode rewards: 41.29 | episode lengths: 57.87
episode rot angle(rad): 2.00
epsode sparse reward: 0.00
success rate (rot>6): 0.0000 (0/1360)
best success rate: 0.0000
Terminations: Fall=296 | Drop=842 | Overspeed=221
Agent Steps: 0009M | FPS: 47815.6 | Last FPS: 47933.8 | Collect Time: 2.6 min | Train RL Time: 0.9 min | Current Best: -10000.00
-----------------------
episode rewards: 55.61 | episode lengths: 80.36
episode rot angle(rad): 2.54
epsode sparse reward: 0.00
success rate (rot>6): 0.0000 (0/1127)
best success rate: 0.0009
Terminations: Fall=246 | Drop=657 | Overspeed=221
Agent Steps: 0019M | FPS: 47888.8 | Last FPS: 47940.9 | Collect Time: 5.1 min | Train RL Time: 1.8 min | Current Best: -10000.00
-----------------------
episode rewards: 83.40 | episode lengths: 125.37
episode rot angle(rad): 3.68
epsode sparse reward: 0.00
success rate (rot>6): 0.0966 (59/611)
best success rate: 0.1317
Terminations: Fall=148 | Drop=225 | Overspeed=150
Agent Steps: 0029M | FPS: 47805.2 | Last FPS: 48118.3 | Collect Time: 7.6 min | Train RL Time: 2.7 min | Current Best: -10000.00
-----------------------
episode rewards: 127.24 | episode lengths: 184.89
episode rot angle(rad): 5.50
epsode sparse reward: 0.00
success rate (rot>6): 0.2902 (128/441)
best success rate: 0.3255
Terminations: Fall=90 | Drop=65 | Overspeed=148
Agent Steps: 0039M | FPS: 47806.5 | Last FPS: 46838.2 | Collect Time: 10.1 min | Train RL Time: 3.6 min | Current Best: -10000.00
-----------------------
episode rewards: 152.67 | episode lengths: 205.72
episode rot angle(rad): 6.85
epsode sparse reward: 0.00
success rate (rot>6): 0.3764 (166/441)
best success rate: 0.4176
Terminations: Fall=86 | Drop=54 | Overspeed=134
Agent Steps: 0049M | FPS: 47880.4 | Last FPS: 48624.4 | Collect Time: 12.6 min | Train RL Time: 4.5 min | Current Best: -10000.00
-----------------------
episode rewards: 162.05 | episode lengths: 209.71
episode rot angle(rad): 7.31
epsode sparse reward: 0.00
success rate (rot>6): 0.4056 (174/429)
best success rate: 0.4667
Terminations: Fall=76 | Drop=64 | Overspeed=126
Agent Steps: 0059M | FPS: 47930.7 | Last FPS: 48977.9 | Collect Time: 15.1 min | Train RL Time: 5.4 min | Current Best: 162.84
-----------------------
episode rewards: 170.35 | episode lengths: 214.87
episode rot angle(rad): 7.70
epsode sparse reward: 0.00
success rate (rot>6): 0.4161 (176/423)
best success rate: 0.5000
Terminations: Fall=94 | Drop=64 | Overspeed=104
Agent Steps: 0068M | FPS: 47924.0 | Last FPS: 47461.6 | Collect Time: 17.7 min | Train RL Time: 6.2 min | Current Best: 171.43
-----------------------
episode rewards: 171.68 | episode lengths: 211.05
episode rot angle(rad): 7.87
epsode sparse reward: 0.00
success rate (rot>6): 0.4315 (170/394)
best success rate: 0.5141
Terminations: Fall=69 | Drop=57 | Overspeed=115
Agent Steps: 0078M | FPS: 47914.5 | Last FPS: 48194.0 | Collect Time: 20.2 min | Train RL Time: 7.1 min | Current Best: 174.00
-----------------------
episode rewards: 176.10 | episode lengths: 210.08
episode rot angle(rad): 8.28
epsode sparse reward: 0.00
success rate (rot>6): 0.4322 (185/428)
best success rate: 0.5141
Terminations: Fall=68 | Drop=58 | Overspeed=128
Agent Steps: 0088M | FPS: 47902.4 | Last FPS: 48403.6 | Collect Time: 22.7 min | Train RL Time: 8.0 min | Current Best: 176.25
-----------------------
episode rewards: 178.87 | episode lengths: 214.80
episode rot angle(rad): 8.24
epsode sparse reward: 0.00
success rate (rot>6): 0.4145 (160/386)
best success rate: 0.5150
Terminations: Fall=65 | Drop=46 | Overspeed=120
Agent Steps: 0098M | FPS: 47906.1 | Last FPS: 48546.2 | Collect Time: 25.2 min | Train RL Time: 8.9 min | Current Best: 179.01
-----------------------
episode rewards: 190.71 | episode lengths: 224.95
episode rot angle(rad): 8.75
epsode sparse reward: 0.00
success rate (rot>6): 0.5291 (227/429)
best success rate: 0.5639
Terminations: Fall=81 | Drop=39 | Overspeed=97
Agent Steps: 0108M | FPS: 47920.8 | Last FPS: 47364.5 | Collect Time: 27.7 min | Train RL Time: 9.8 min | Current Best: 190.42
-----------------------
episode rewards: 207.92 | episode lengths: 235.48
episode rot angle(rad): 9.81
epsode sparse reward: 0.00
success rate (rot>6): 0.5435 (250/460)
best success rate: 0.5780
Terminations: Fall=61 | Drop=61 | Overspeed=117
Agent Steps: 0118M | FPS: 47938.4 | Last FPS: 48189.6 | Collect Time: 30.2 min | Train RL Time: 10.7 min | Current Best: 207.96
-----------------------
episode rewards: 214.09 | episode lengths: 237.42
episode rot angle(rad): 10.18
epsode sparse reward: 0.00
success rate (rot>6): 0.5805 (238/410)
best success rate: 0.6244
Terminations: Fall=60 | Drop=32 | Overspeed=100
Agent Steps: 0127M | FPS: 47944.7 | Last FPS: 47964.0 | Collect Time: 32.7 min | Train RL Time: 11.6 min | Current Best: 214.08
-----------------------
episode rewards: 216.59 | episode lengths: 238.43
episode rot angle(rad): 10.24
epsode sparse reward: 0.00
success rate (rot>6): 0.5636 (217/385)
best success rate: 0.6244
Terminations: Fall=71 | Drop=31 | Overspeed=73
Agent Steps: 0137M | FPS: 47963.9 | Last FPS: 48616.3 | Collect Time: 35.2 min | Train RL Time: 12.5 min | Current Best: 216.46
-----------------------
episode rewards: 218.27 | episode lengths: 238.94
episode rot angle(rad): 10.30
epsode sparse reward: 0.00
success rate (rot>6): 0.5291 (227/429)
best success rate: 0.6244
Terminations: Fall=77 | Drop=31 | Overspeed=115
Agent Steps: 0147M | FPS: 47969.4 | Last FPS: 47243.5 | Collect Time: 37.7 min | Train RL Time: 13.4 min | Current Best: 219.93
-----------------------
episode rewards: 223.34 | episode lengths: 242.82
episode rot angle(rad): 10.36
epsode sparse reward: 0.00
success rate (rot>6): 0.5632 (196/348)
best success rate: 0.6247
Terminations: Fall=57 | Drop=36 | Overspeed=78
Agent Steps: 0157M | FPS: 47995.4 | Last FPS: 48801.7 | Collect Time: 40.2 min | Train RL Time: 14.3 min | Current Best: 224.68
-----------------------
episode rewards: 225.79 | episode lengths: 243.04
episode rot angle(rad): 10.41
epsode sparse reward: 0.00
success rate (rot>6): 0.5421 (193/356)
best success rate: 0.6294
Terminations: Fall=71 | Drop=23 | Overspeed=81
Agent Steps: 0167M | FPS: 48002.7 | Last FPS: 49076.1 | Collect Time: 42.7 min | Train RL Time: 15.2 min | Current Best: 225.90
-----------------------
episode rewards: 236.18 | episode lengths: 251.24
episode rot angle(rad): 10.85
epsode sparse reward: 0.00
success rate (rot>6): 0.5979 (223/373)
best success rate: 0.6766
Terminations: Fall=51 | Drop=25 | Overspeed=100
Agent Steps: 0177M | FPS: 48014.3 | Last FPS: 48727.0 | Collect Time: 45.2 min | Train RL Time: 16.1 min | Current Best: 236.27
-----------------------
episode rewards: 237.12 | episode lengths: 251.25
episode rot angle(rad): 10.83
epsode sparse reward: 0.00
success rate (rot>6): 0.5701 (244/428)
best success rate: 0.6766
Terminations: Fall=66 | Drop=27 | Overspeed=115
Agent Steps: 0186M | FPS: 48011.8 | Last FPS: 48500.0 | Collect Time: 47.7 min | Train RL Time: 17.0 min | Current Best: 237.68
-----------------------
episode rewards: 241.66 | episode lengths: 254.51
episode rot angle(rad): 11.07
epsode sparse reward: 0.00
success rate (rot>6): 0.5893 (231/392)
best success rate: 0.6766
Terminations: Fall=55 | Drop=32 | Overspeed=86
Agent Steps: 0196M | FPS: 48013.4 | Last FPS: 47447.4 | Collect Time: 50.2 min | Train RL Time: 17.9 min | Current Best: 241.79
-----------------------
episode rewards: 244.79 | episode lengths: 256.55
episode rot angle(rad): 11.23
epsode sparse reward: 0.00
success rate (rot>6): 0.6856 (242/353)
best success rate: 0.6856
Terminations: Fall=46 | Drop=18 | Overspeed=63
Agent Steps: 0206M | FPS: 48016.5 | Last FPS: 48591.4 | Collect Time: 52.7 min | Train RL Time: 18.8 min | Current Best: 244.25
-----------------------
episode rewards: 243.66 | episode lengths: 257.14
episode rot angle(rad): 11.29
epsode sparse reward: 0.00
success rate (rot>6): 0.5944 (211/355)
best success rate: 0.6856
Terminations: Fall=56 | Drop=20 | Overspeed=81
Agent Steps: 0216M | FPS: 48024.8 | Last FPS: 49046.1 | Collect Time: 55.2 min | Train RL Time: 19.7 min | Current Best: 245.66
-----------------------
episode rewards: 243.19 | episode lengths: 257.28
episode rot angle(rad): 11.31
epsode sparse reward: 0.00
success rate (rot>6): 0.5891 (228/387)
best success rate: 0.6856
Terminations: Fall=61 | Drop=18 | Overspeed=93
Agent Steps: 0226M | FPS: 48032.2 | Last FPS: 47366.8 | Collect Time: 57.7 min | Train RL Time: 20.6 min | Current Best: 245.66
-----------------------
episode rewards: 246.03 | episode lengths: 258.99
episode rot angle(rad): 11.53
epsode sparse reward: 0.00
success rate (rot>6): 0.6190 (221/357)
best success rate: 0.6880
Terminations: Fall=46 | Drop=39 | Overspeed=74
Agent Steps: 0236M | FPS: 48034.9 | Last FPS: 47766.8 | Collect Time: 60.2 min | Train RL Time: 21.4 min | Current Best: 246.04
-----------------------
episode rewards: 245.62 | episode lengths: 258.48
episode rot angle(rad): 11.57
epsode sparse reward: 0.00
success rate (rot>6): 0.6091 (201/330)
best success rate: 0.6880
Terminations: Fall=46 | Drop=21 | Overspeed=77
Agent Steps: 0245M | FPS: 48036.2 | Last FPS: 48113.7 | Collect Time: 62.7 min | Train RL Time: 22.3 min | Current Best: 246.78
max steps achieved
Final best reward: 247.05
Final success rate: 0.6880
Final mean rotation angle (rad): 11.6202

OPTUNA_METRICS: reward=247.0529 success_rate=0.6880 mean_rot_angle=11.6202


训练指标:
  Best Reward:         247.0529
  Success Rate:        0.6880
  Mean Rot Angle(rad): 11.6202
  Composite Score:     1477.87
    = 1.0×247.05 + 100.0×0.6880 + 100.0×11.6202

================================================================================
[Optuna Trial 15] 训练完成
================================================================================

                                                                                           [I 2025-11-26 18:09:02,845] Trial 15 finished with value: 1477.8728999999998 and parameters: {'learning_rate': 0.0004411671899267943, 'weight_decay': 1.4089946199814741e-05, 'gamma': 0.99, 'tau': 0.9, 'e_clip': 0.3, 'entropy_coef': 0.004784464260465953, 'critic_coef': 0.5, 'kl_threshold': 0.07117308066510318, 'mini_epochs': 7, 'minibatch_size': 8192, 'grad_norm': 0.5, 'angvelClipMin': -0.3701747489104999, 'angvelClipMax': 0.7471524598186564, 'angvelPenaltyThresHigh': 0.7072958782974686, 'angvelPenaltyThresLow': -0.5127986235749837, 'rotate_reward_scale': 1.9797928806994305, 'obj_linvel_penalty_scale': -0.10943421589008302, 'torque_penalty_scale': -0.03309001849397915, 'hand_pose_consistency_penalty_scale': -0.0395905993249786, 'rotate_penalty_scale': -0.05558155653173434, 'pencil_z_dist_penalty_scale': -1.6901674156665532, 'position_penalty_scale': -0.20690735054880086}. Best is trial 6 with value: 1906.1933999999999.
Best trial: 6. Best value: 1906.19:  38%|███▊      | 15/40 [22:50:40<35:27:40, 5106.42s/it]Best trial: 6. Best value: 1906.19:  38%|███▊      | 15/40 [22:50:40<35:27:40, 5106.42s/it]Best trial: 6. Best value: 1906.19:  40%|████      | 16/40 [22:50:40<34:15:29, 5138.73s/it]
================================================================================
[Optuna Trial 16] 开始训练
================================================================================
试验参数:
  learning_rate                  = 0.00022091726908846492
  weight_decay                   = 3.803169769704008e-05
  gamma                          = 0.99
  tau                            = 0.95
  e_clip                         = 0.1
  entropy_coef                   = 0.0027272174815729344
  critic_coef                    = 0.5
  kl_threshold                   = 0.0551637222271675
  mini_epochs                    = 8
  minibatch_size                 = 8192
  grad_norm                      = 2.0
  angvelClipMin                  = -0.24571532845733782
  angvelClipMax                  = 0.8591267503771548
  angvelPenaltyThresHigh         = 0.5882737450733548
  angvelPenaltyThresLow          = -0.5929961318440953
  rotate_reward_scale            = 1.576396934296768
  obj_linvel_penalty_scale       = -0.13132775102101776
  torque_penalty_scale           = -0.019709520403918077
  hand_pose_consistency_penalty_scale = -0.022665650702192158
  rotate_penalty_scale           = -0.03225433871981417
  pencil_z_dist_penalty_scale    = -1.205779236226303
  position_penalty_scale         = -0.1638213861592271
输出目录: outputs/teacher_reproduce_trial_03/optuna_trial_0016
================================================================================


特权信息 (Privileged Information) 维度配置:
================================================================================
名称                             索引范围            维度       状态
--------------------------------------------------------------------------------
obj_position                   [ 0: 3]         3        [固定]
obj_scale                      [ 3: 4]         1        [固定]
obj_mass                       [ 4: 5]         1        [固定]
obj_friction                   [ 5: 6]         1        [固定]
obj_com                        [ 6: 9]         3        [固定]
--------------------------------------------------------------------------------
obj_orientation                [ 9:13]         4        ✓
obj_angvel                     [13:16]         3        ✓
fingertip_position             [16:31]         15       ✓
obj_restitution                [31:32]         1        ✓
tactile                        [32:47]         15       ✓
--------------------------------------------------------------------------------
总计: 10 项启用, 实际维度 = 47, 缓冲区大小 = 47
================================================================================

RunningMeanStd:  (126,)
RunningMeanStd:  47
RunningMeanStd:  3
RunningMeanStd:  (1,)
-----------------------
episode rewards: 24.56 | episode lengths: 59.54
episode rot angle(rad): 1.07
epsode sparse reward: 0.00
success rate (rot>6): 0.0000 (0/1005)
best success rate: 0.0000
Terminations: Fall=219 | Drop=440 | Overspeed=335
Agent Steps: 0009M | FPS: 46463.9 | Last FPS: 46147.2 | Collect Time: 2.5 min | Train RL Time: 1.0 min | Current Best: -10000.00
-----------------------
episode rewards: 79.74 | episode lengths: 164.06
episode rot angle(rad): 0.88
epsode sparse reward: 0.00
success rate (rot>6): 0.0000 (0/472)
best success rate: 0.0000
Terminations: Fall=81 | Drop=76 | Overspeed=139
Agent Steps: 0019M | FPS: 46776.7 | Last FPS: 47598.9 | Collect Time: 5.0 min | Train RL Time: 2.0 min | Current Best: -10000.00
-----------------------
episode rewards: 128.88 | episode lengths: 208.75
episode rot angle(rad): 0.93
epsode sparse reward: 0.00
success rate (rot>6): 0.0000 (0/444)
best success rate: 0.0000
Terminations: Fall=75 | Drop=26 | Overspeed=139
Agent Steps: 0029M | FPS: 46864.7 | Last FPS: 47396.5 | Collect Time: 7.4 min | Train RL Time: 3.1 min | Current Best: -10000.00
-----------------------
episode rewards: 156.72 | episode lengths: 232.55
episode rot angle(rad): 1.10
epsode sparse reward: 0.00
success rate (rot>6): 0.0000 (0/384)
best success rate: 0.0000
Terminations: Fall=55 | Drop=12 | Overspeed=129
Agent Steps: 0039M | FPS: 47009.6 | Last FPS: 47614.4 | Collect Time: 9.8 min | Train RL Time: 4.1 min | Current Best: -10000.00
-----------------------
episode rewards: 167.63 | episode lengths: 236.89
episode rot angle(rad): 1.45
epsode sparse reward: 0.00
success rate (rot>6): 0.0000 (0/394)
best success rate: 0.0000
Terminations: Fall=55 | Drop=14 | Overspeed=100
Agent Steps: 0049M | FPS: 47136.4 | Last FPS: 47399.0 | Collect Time: 12.3 min | Train RL Time: 5.1 min | Current Best: -10000.00
-----------------------
episode rewards: 178.32 | episode lengths: 245.00
episode rot angle(rad): 1.64
epsode sparse reward: 0.00
success rate (rot>6): 0.0000 (0/355)
best success rate: 0.0000
Terminations: Fall=35 | Drop=5 | Overspeed=100
Agent Steps: 0059M | FPS: 47196.4 | Last FPS: 47196.5 | Collect Time: 14.7 min | Train RL Time: 6.1 min | Current Best: 178.02
-----------------------
episode rewards: 185.05 | episode lengths: 249.16
episode rot angle(rad): 1.86
epsode sparse reward: 0.00
success rate (rot>6): 0.0000 (0/410)
best success rate: 0.0000
Terminations: Fall=53 | Drop=7 | Overspeed=134
Agent Steps: 0068M | FPS: 47240.7 | Last FPS: 47590.9 | Collect Time: 17.1 min | Train RL Time: 7.2 min | Current Best: 185.46
-----------------------
episode rewards: 190.83 | episode lengths: 252.48
episode rot angle(rad): 2.23
epsode sparse reward: 0.00
success rate (rot>6): 0.0000 (0/384)
best success rate: 0.0000
Terminations: Fall=40 | Drop=6 | Overspeed=116
Agent Steps: 0078M | FPS: 47274.7 | Last FPS: 47155.9 | Collect Time: 19.5 min | Train RL Time: 8.2 min | Current Best: 190.86
-----------------------
episode rewards: 192.13 | episode lengths: 250.44
episode rot angle(rad): 2.78
epsode sparse reward: 0.00
success rate (rot>6): 0.0000 (0/397)
best success rate: 0.0000
Terminations: Fall=45 | Drop=6 | Overspeed=113
Agent Steps: 0088M | FPS: 47293.7 | Last FPS: 48124.3 | Collect Time: 21.9 min | Train RL Time: 9.2 min | Current Best: 192.05
-----------------------
episode rewards: 193.34 | episode lengths: 247.36
episode rot angle(rad): 3.55
epsode sparse reward: 0.00
success rate (rot>6): 0.0023 (1/436)
best success rate: 0.0082
Terminations: Fall=63 | Drop=5 | Overspeed=137
Agent Steps: 0098M | FPS: 47307.5 | Last FPS: 46910.9 | Collect Time: 24.3 min | Train RL Time: 10.2 min | Current Best: 194.10
-----------------------
episode rewards: 195.83 | episode lengths: 249.05
episode rot angle(rad): 3.91
epsode sparse reward: 0.00
success rate (rot>6): 0.0026 (1/382)
best success rate: 0.0161
Terminations: Fall=33 | Drop=7 | Overspeed=108
Agent Steps: 0108M | FPS: 47337.3 | Last FPS: 47817.6 | Collect Time: 26.7 min | Train RL Time: 11.3 min | Current Best: 195.95
-----------------------
episode rewards: 195.49 | episode lengths: 246.94
episode rot angle(rad): 4.20
epsode sparse reward: 0.00
success rate (rot>6): 0.0197 (8/407)
best success rate: 0.0384
Terminations: Fall=54 | Drop=13 | Overspeed=118
Agent Steps: 0118M | FPS: 47351.0 | Last FPS: 47145.8 | Collect Time: 29.2 min | Train RL Time: 12.3 min | Current Best: 196.67
-----------------------
episode rewards: 195.77 | episode lengths: 245.91
episode rot angle(rad): 4.43
epsode sparse reward: 0.00
success rate (rot>6): 0.0213 (8/375)
best success rate: 0.0434
Terminations: Fall=47 | Drop=1 | Overspeed=99
Agent Steps: 0127M | FPS: 47348.6 | Last FPS: 46429.6 | Collect Time: 31.6 min | Train RL Time: 13.3 min | Current Best: 196.67
-----------------------
episode rewards: 200.36 | episode lengths: 251.59
episode rot angle(rad): 4.54
epsode sparse reward: 0.00
success rate (rot>6): 0.0188 (7/372)
best success rate: 0.0454
Terminations: Fall=45 | Drop=3 | Overspeed=122
Agent Steps: 0137M | FPS: 47356.0 | Last FPS: 47951.2 | Collect Time: 34.0 min | Train RL Time: 14.3 min | Current Best: 200.91
-----------------------
episode rewards: 203.89 | episode lengths: 254.47
episode rot angle(rad): 4.47
epsode sparse reward: 0.00
success rate (rot>6): 0.0077 (3/392)
best success rate: 0.0454
Terminations: Fall=45 | Drop=2 | Overspeed=124
Agent Steps: 0147M | FPS: 47349.7 | Last FPS: 48134.2 | Collect Time: 36.5 min | Train RL Time: 15.3 min | Current Best: 205.13
-----------------------
episode rewards: 209.57 | episode lengths: 259.18
episode rot angle(rad): 4.49
epsode sparse reward: 0.00
success rate (rot>6): 0.0108 (4/370)
best success rate: 0.0454
Terminations: Fall=42 | Drop=6 | Overspeed=99
Agent Steps: 0157M | FPS: 47357.8 | Last FPS: 47292.9 | Collect Time: 38.9 min | Train RL Time: 16.4 min | Current Best: 209.56
-----------------------
episode rewards: 209.15 | episode lengths: 256.76
episode rot angle(rad): 4.67
epsode sparse reward: 0.00
success rate (rot>6): 0.0559 (21/376)
best success rate: 0.0783
Terminations: Fall=55 | Drop=4 | Overspeed=94
Agent Steps: 0167M | FPS: 47366.9 | Last FPS: 48176.1 | Collect Time: 41.3 min | Train RL Time: 17.4 min | Current Best: 210.90
-----------------------
episode rewards: 212.43 | episode lengths: 260.23
episode rot angle(rad): 4.86
epsode sparse reward: 0.00
success rate (rot>6): 0.0546 (20/366)
best success rate: 0.0909
Terminations: Fall=40 | Drop=3 | Overspeed=111
Agent Steps: 0177M | FPS: 47368.7 | Last FPS: 47293.3 | Collect Time: 43.7 min | Train RL Time: 18.4 min | Current Best: 212.63
-----------------------
episode rewards: 214.42 | episode lengths: 262.26
episode rot angle(rad): 4.94
epsode sparse reward: 0.00
success rate (rot>6): 0.0769 (26/338)
best success rate: 0.0909
Terminations: Fall=35 | Drop=9 | Overspeed=99
Agent Steps: 0186M | FPS: 47367.1 | Last FPS: 47191.4 | Collect Time: 46.1 min | Train RL Time: 19.4 min | Current Best: 214.66
-----------------------
episode rewards: 216.09 | episode lengths: 264.64
episode rot angle(rad): 4.97
epsode sparse reward: 0.00
success rate (rot>6): 0.0608 (23/378)
best success rate: 0.1205
Terminations: Fall=47 | Drop=4 | Overspeed=104
Agent Steps: 0196M | FPS: 47364.5 | Last FPS: 47589.1 | Collect Time: 48.6 min | Train RL Time: 20.5 min | Current Best: 216.89
-----------------------
episode rewards: 218.22 | episode lengths: 267.32
episode rot angle(rad): 4.96
epsode sparse reward: 0.00
success rate (rot>6): 0.0836 (30/359)
best success rate: 0.1205
Terminations: Fall=32 | Drop=7 | Overspeed=98
Agent Steps: 0206M | FPS: 47369.3 | Last FPS: 47520.3 | Collect Time: 51.0 min | Train RL Time: 21.5 min | Current Best: 219.03
-----------------------
episode rewards: 220.97 | episode lengths: 270.60
episode rot angle(rad): 5.02
epsode sparse reward: 0.00
success rate (rot>6): 0.0723 (24/332)
best success rate: 0.1205
Terminations: Fall=33 | Drop=5 | Overspeed=69
Agent Steps: 0216M | FPS: 47362.5 | Last FPS: 48371.3 | Collect Time: 53.4 min | Train RL Time: 22.5 min | Current Best: 221.21
-----------------------
episode rewards: 223.39 | episode lengths: 273.11
episode rot angle(rad): 5.12
epsode sparse reward: 0.00
success rate (rot>6): 0.0763 (28/367)
best success rate: 0.1390
Terminations: Fall=42 | Drop=6 | Overspeed=101
Agent Steps: 0226M | FPS: 47353.5 | Last FPS: 46954.9 | Collect Time: 55.9 min | Train RL Time: 23.5 min | Current Best: 223.60
-----------------------
episode rewards: 225.60 | episode lengths: 274.97
episode rot angle(rad): 5.24
epsode sparse reward: 0.00
success rate (rot>6): 0.0753 (28/372)
best success rate: 0.1390
Terminations: Fall=43 | Drop=2 | Overspeed=92
Agent Steps: 0236M | FPS: 47335.0 | Last FPS: 47300.8 | Collect Time: 58.3 min | Train RL Time: 24.6 min | Current Best: 225.89
-----------------------
episode rewards: 226.75 | episode lengths: 276.69
episode rot angle(rad): 5.34
epsode sparse reward: 0.00
success rate (rot>6): 0.0880 (30/341)
best success rate: 0.1408
Terminations: Fall=37 | Drop=5 | Overspeed=85
Agent Steps: 0245M | FPS: 47318.0 | Last FPS: 47884.2 | Collect Time: 60.8 min | Train RL Time: 25.6 min | Current Best: 227.30
max steps achieved
Final best reward: 228.11
Final success rate: 0.1408
Final mean rotation angle (rad): 5.4222

OPTUNA_METRICS: reward=228.1078 success_rate=0.1408 mean_rot_angle=5.4222


训练指标:
  Best Reward:         228.1078
  Success Rate:        0.1408
  Mean Rot Angle(rad): 5.4222
  Composite Score:     784.41
    = 1.0×228.11 + 100.0×0.1408 + 100.0×5.4222

================================================================================
[Optuna Trial 16] 训练完成
================================================================================

                                                                                           [I 2025-11-26 19:37:16,596] Trial 16 finished with value: 784.4078000000001 and parameters: {'learning_rate': 0.00022091726908846492, 'weight_decay': 3.803169769704008e-05, 'gamma': 0.99, 'tau': 0.95, 'e_clip': 0.1, 'entropy_coef': 0.0027272174815729344, 'critic_coef': 0.5, 'kl_threshold': 0.0551637222271675, 'mini_epochs': 8, 'minibatch_size': 8192, 'grad_norm': 2.0, 'angvelClipMin': -0.24571532845733782, 'angvelClipMax': 0.8591267503771548, 'angvelPenaltyThresHigh': 0.5882737450733548, 'angvelPenaltyThresLow': -0.5929961318440953, 'rotate_reward_scale': 1.576396934296768, 'obj_linvel_penalty_scale': -0.13132775102101776, 'torque_penalty_scale': -0.019709520403918077, 'hand_pose_consistency_penalty_scale': -0.022665650702192158, 'rotate_penalty_scale': -0.03225433871981417, 'pencil_z_dist_penalty_scale': -1.205779236226303, 'position_penalty_scale': -0.1638213861592271}. Best is trial 6 with value: 1906.1933999999999.
Best trial: 6. Best value: 1906.19:  40%|████      | 16/40 [24:18:54<34:15:29, 5138.73s/it]Best trial: 6. Best value: 1906.19:  40%|████      | 16/40 [24:18:54<34:15:29, 5138.73s/it]Best trial: 6. Best value: 1906.19:  42%|████▎     | 17/40 [24:18:54<33:07:42, 5185.34s/it]
================================================================================
[Optuna Trial 17] 开始训练
================================================================================
试验参数:
  learning_rate                  = 0.0006947538714972475
  weight_decay                   = 1.7993244887430103e-05
  gamma                          = 0.992
  tau                            = 0.95
  e_clip                         = 0.1
  entropy_coef                   = 0.003888734489991887
  critic_coef                    = 1.0
  kl_threshold                   = 0.06047467351037476
  mini_epochs                    = 9
  minibatch_size                 = 32768
  grad_norm                      = 2.0
  angvelClipMin                  = -0.22028812767125103
  angvelClipMax                  = 0.7870675743963756
  angvelPenaltyThresHigh         = 0.8205121161016796
  angvelPenaltyThresLow          = -0.7064203110946985
  rotate_reward_scale            = 2.3069543172360834
  obj_linvel_penalty_scale       = -0.08226431445616657
  torque_penalty_scale           = -0.026768800254750643
  hand_pose_consistency_penalty_scale = -0.05938877899899249
  rotate_penalty_scale           = -0.016012534895419803
  pencil_z_dist_penalty_scale    = -1.4867624619524156
  position_penalty_scale         = -0.10168859026808434
输出目录: outputs/teacher_reproduce_trial_03/optuna_trial_0017
================================================================================


特权信息 (Privileged Information) 维度配置:
================================================================================
名称                             索引范围            维度       状态
--------------------------------------------------------------------------------
obj_position                   [ 0: 3]         3        [固定]
obj_scale                      [ 3: 4]         1        [固定]
obj_mass                       [ 4: 5]         1        [固定]
obj_friction                   [ 5: 6]         1        [固定]
obj_com                        [ 6: 9]         3        [固定]
--------------------------------------------------------------------------------
obj_orientation                [ 9:13]         4        ✓
obj_angvel                     [13:16]         3        ✓
fingertip_position             [16:31]         15       ✓
obj_restitution                [31:32]         1        ✓
tactile                        [32:47]         15       ✓
--------------------------------------------------------------------------------
总计: 10 项启用, 实际维度 = 47, 缓冲区大小 = 47
================================================================================

RunningMeanStd:  (126,)
RunningMeanStd:  47
RunningMeanStd:  3
RunningMeanStd:  (1,)
-----------------------
episode rewards: 47.00 | episode lengths: 109.09
episode rot angle(rad): 1.02
epsode sparse reward: 0.00
success rate (rot>6): 0.0000 (0/472)
best success rate: 0.0000
Terminations: Fall=137 | Drop=133 | Overspeed=85
Agent Steps: 0009M | FPS: 46085.3 | Last FPS: 45753.9 | Collect Time: 2.6 min | Train RL Time: 1.0 min | Current Best: -10000.00
-----------------------
episode rewards: 173.72 | episode lengths: 226.07
episode rot angle(rad): 0.71
epsode sparse reward: 0.00
success rate (rot>6): 0.0000 (0/425)
best success rate: 0.0000
Terminations: Fall=74 | Drop=20 | Overspeed=75
Agent Steps: 0019M | FPS: 46581.3 | Last FPS: 47441.4 | Collect Time: 5.0 min | Train RL Time: 2.0 min | Current Best: -10000.00
-----------------------
episode rewards: 246.47 | episode lengths: 262.44
episode rot angle(rad): 0.66
epsode sparse reward: 0.00
success rate (rot>6): 0.0000 (0/401)
best success rate: 0.0000
Terminations: Fall=70 | Drop=14 | Overspeed=65
Agent Steps: 0029M | FPS: 47062.6 | Last FPS: 47440.2 | Collect Time: 7.4 min | Train RL Time: 3.0 min | Current Best: -10000.00
-----------------------
episode rewards: 273.36 | episode lengths: 272.48
episode rot angle(rad): 0.69
epsode sparse reward: 0.00
success rate (rot>6): 0.0000 (0/374)
best success rate: 0.0000
Terminations: Fall=59 | Drop=16 | Overspeed=72
Agent Steps: 0039M | FPS: 47282.1 | Last FPS: 48134.6 | Collect Time: 9.9 min | Train RL Time: 4.0 min | Current Best: -10000.00
-----------------------
episode rewards: 287.85 | episode lengths: 279.09
episode rot angle(rad): 0.77
epsode sparse reward: 0.00
success rate (rot>6): 0.0000 (0/359)
best success rate: 0.0000
Terminations: Fall=54 | Drop=13 | Overspeed=54
Agent Steps: 0049M | FPS: 47410.5 | Last FPS: 48294.1 | Collect Time: 12.3 min | Train RL Time: 5.0 min | Current Best: -10000.00
-----------------------
episode rewards: 297.71 | episode lengths: 284.13
episode rot angle(rad): 0.73
epsode sparse reward: 0.00
success rate (rot>6): 0.0000 (0/342)
best success rate: 0.0000
Terminations: Fall=47 | Drop=12 | Overspeed=48
Agent Steps: 0059M | FPS: 47479.5 | Last FPS: 46918.9 | Collect Time: 14.7 min | Train RL Time: 6.0 min | Current Best: 297.78
-----------------------
episode rewards: 303.68 | episode lengths: 284.94
episode rot angle(rad): 0.77
epsode sparse reward: 0.00
success rate (rot>6): 0.0000 (0/350)
best success rate: 0.0000
Terminations: Fall=39 | Drop=14 | Overspeed=56
Agent Steps: 0068M | FPS: 47476.4 | Last FPS: 46626.4 | Collect Time: 17.1 min | Train RL Time: 7.0 min | Current Best: 303.91
-----------------------
episode rewards: 303.81 | episode lengths: 280.72
episode rot angle(rad): 0.83
epsode sparse reward: 0.00
success rate (rot>6): 0.0000 (0/339)
best success rate: 0.0000
Terminations: Fall=42 | Drop=9 | Overspeed=52
Agent Steps: 0078M | FPS: 47496.1 | Last FPS: 47063.5 | Collect Time: 19.6 min | Train RL Time: 8.0 min | Current Best: 305.12
-----------------------
episode rewards: 304.26 | episode lengths: 278.65
episode rot angle(rad): 0.90
epsode sparse reward: 0.00
success rate (rot>6): 0.0000 (0/321)
best success rate: 0.0000
Terminations: Fall=40 | Drop=8 | Overspeed=42
Agent Steps: 0088M | FPS: 47488.9 | Last FPS: 47918.4 | Collect Time: 22.0 min | Train RL Time: 9.0 min | Current Best: 305.16
-----------------------
episode rewards: 310.46 | episode lengths: 281.67
episode rot angle(rad): 0.88
epsode sparse reward: 0.00
success rate (rot>6): 0.0000 (0/319)
best success rate: 0.0000
Terminations: Fall=35 | Drop=10 | Overspeed=48
Agent Steps: 0098M | FPS: 47507.7 | Last FPS: 48944.1 | Collect Time: 24.4 min | Train RL Time: 10.0 min | Current Best: 310.24
-----------------------
episode rewards: 312.89 | episode lengths: 283.18
episode rot angle(rad): 0.88
epsode sparse reward: 0.00
success rate (rot>6): 0.0000 (0/340)
best success rate: 0.0000
Terminations: Fall=52 | Drop=5 | Overspeed=56
Agent Steps: 0108M | FPS: 47535.0 | Last FPS: 48485.0 | Collect Time: 26.9 min | Train RL Time: 11.0 min | Current Best: 313.35
-----------------------
episode rewards: 316.15 | episode lengths: 285.13
episode rot angle(rad): 0.84
epsode sparse reward: 0.00
success rate (rot>6): 0.0000 (0/340)
best success rate: 0.0000
Terminations: Fall=51 | Drop=14 | Overspeed=47
Agent Steps: 0118M | FPS: 47552.8 | Last FPS: 47324.9 | Collect Time: 29.3 min | Train RL Time: 12.0 min | Current Best: 316.84
-----------------------
episode rewards: 321.99 | episode lengths: 289.08
episode rot angle(rad): 0.84
epsode sparse reward: 0.00
success rate (rot>6): 0.0000 (0/325)
best success rate: 0.0000
Terminations: Fall=45 | Drop=7 | Overspeed=37
Agent Steps: 0127M | FPS: 47548.3 | Last FPS: 47771.0 | Collect Time: 31.7 min | Train RL Time: 13.0 min | Current Best: 322.78
-----------------------
episode rewards: 322.73 | episode lengths: 289.05
episode rot angle(rad): 0.82
epsode sparse reward: 0.00
success rate (rot>6): 0.0000 (0/347)
best success rate: 0.0000
Terminations: Fall=41 | Drop=15 | Overspeed=47
Agent Steps: 0137M | FPS: 47551.4 | Last FPS: 47238.1 | Collect Time: 34.2 min | Train RL Time: 14.0 min | Current Best: 322.86
-----------------------
episode rewards: 320.58 | episode lengths: 286.54
episode rot angle(rad): 0.80
epsode sparse reward: 0.00
success rate (rot>6): 0.0000 (0/346)
best success rate: 0.0000
Terminations: Fall=50 | Drop=15 | Overspeed=61
Agent Steps: 0147M | FPS: 47562.6 | Last FPS: 48665.9 | Collect Time: 36.6 min | Train RL Time: 15.0 min | Current Best: 322.86
-----------------------
episode rewards: 322.54 | episode lengths: 287.53
episode rot angle(rad): 0.78
epsode sparse reward: 0.00
success rate (rot>6): 0.0000 (0/366)
best success rate: 0.0000
Terminations: Fall=44 | Drop=10 | Overspeed=62
Agent Steps: 0157M | FPS: 47575.3 | Last FPS: 48108.2 | Collect Time: 39.0 min | Train RL Time: 16.0 min | Current Best: 323.20
-----------------------
episode rewards: 323.65 | episode lengths: 288.03
episode rot angle(rad): 0.75
epsode sparse reward: 0.00
success rate (rot>6): 0.0000 (0/351)
best success rate: 0.0000
Terminations: Fall=44 | Drop=10 | Overspeed=52
Agent Steps: 0167M | FPS: 47578.6 | Last FPS: 47241.3 | Collect Time: 41.4 min | Train RL Time: 17.0 min | Current Best: 324.39
-----------------------
episode rewards: 325.21 | episode lengths: 288.30
episode rot angle(rad): 0.72
epsode sparse reward: 0.00
success rate (rot>6): 0.0000 (0/340)
best success rate: 0.0000
Terminations: Fall=43 | Drop=10 | Overspeed=52
Agent Steps: 0177M | FPS: 47575.7 | Last FPS: 46893.2 | Collect Time: 43.9 min | Train RL Time: 18.0 min | Current Best: 325.80
-----------------------
episode rewards: 326.58 | episode lengths: 289.63
episode rot angle(rad): 0.69
epsode sparse reward: 0.00
success rate (rot>6): 0.0000 (0/320)
best success rate: 0.0000
Terminations: Fall=37 | Drop=13 | Overspeed=31
Agent Steps: 0186M | FPS: 47573.4 | Last FPS: 47342.3 | Collect Time: 46.3 min | Train RL Time: 19.0 min | Current Best: 327.89
-----------------------
episode rewards: 329.12 | episode lengths: 291.91
episode rot angle(rad): 0.70
epsode sparse reward: 0.00
success rate (rot>6): 0.0000 (0/342)
best success rate: 0.0000
Terminations: Fall=39 | Drop=7 | Overspeed=50
Agent Steps: 0196M | FPS: 47552.4 | Last FPS: 47125.7 | Collect Time: 48.8 min | Train RL Time: 20.0 min | Current Best: 330.70
-----------------------
episode rewards: 334.42 | episode lengths: 295.94
episode rot angle(rad): 0.71
epsode sparse reward: 0.00
success rate (rot>6): 0.0000 (0/327)
best success rate: 0.0000
Terminations: Fall=38 | Drop=4 | Overspeed=31
Agent Steps: 0206M | FPS: 47544.4 | Last FPS: 47146.0 | Collect Time: 51.2 min | Train RL Time: 21.1 min | Current Best: 335.04
-----------------------
episode rewards: 335.12 | episode lengths: 295.94
episode rot angle(rad): 0.74
epsode sparse reward: 0.00
success rate (rot>6): 0.0000 (0/362)
best success rate: 0.0000
Terminations: Fall=50 | Drop=13 | Overspeed=55
Agent Steps: 0216M | FPS: 47521.0 | Last FPS: 46163.9 | Collect Time: 53.7 min | Train RL Time: 22.1 min | Current Best: 337.11
-----------------------
episode rewards: 336.06 | episode lengths: 296.21
episode rot angle(rad): 0.80
epsode sparse reward: 0.00
success rate (rot>6): 0.0000 (0/342)
best success rate: 0.0000
Terminations: Fall=41 | Drop=12 | Overspeed=50
Agent Steps: 0226M | FPS: 47507.8 | Last FPS: 47895.7 | Collect Time: 56.2 min | Train RL Time: 23.1 min | Current Best: 337.11
-----------------------
episode rewards: 341.11 | episode lengths: 300.60
episode rot angle(rad): 0.87
epsode sparse reward: 0.00
success rate (rot>6): 0.0000 (0/324)
best success rate: 0.0000
Terminations: Fall=44 | Drop=8 | Overspeed=43
Agent Steps: 0236M | FPS: 47476.9 | Last FPS: 46380.2 | Collect Time: 58.7 min | Train RL Time: 24.1 min | Current Best: 341.30
-----------------------
episode rewards: 342.33 | episode lengths: 302.30
episode rot angle(rad): 0.92
epsode sparse reward: 0.00
success rate (rot>6): 0.0000 (0/368)
best success rate: 0.0000
Terminations: Fall=42 | Drop=11 | Overspeed=60
Agent Steps: 0245M | FPS: 47455.1 | Last FPS: 46846.5 | Collect Time: 61.1 min | Train RL Time: 25.1 min | Current Best: 342.92
max steps achieved
Final best reward: 343.19
Final success rate: 0.0000
Final mean rotation angle (rad): 0.9294

OPTUNA_METRICS: reward=343.1935 success_rate=0.0000 mean_rot_angle=0.9294


训练指标:
  Best Reward:         343.1935
  Success Rate:        0.0000
  Mean Rot Angle(rad): 0.9294
  Composite Score:     436.13
    = 1.0×343.19 + 100.0×0.0000 + 100.0×0.9294

================================================================================
[Optuna Trial 17] 训练完成
================================================================================

                                                                                           [I 2025-11-26 21:05:15,101] Trial 17 finished with value: 436.13349999999997 and parameters: {'learning_rate': 0.0006947538714972475, 'weight_decay': 1.7993244887430103e-05, 'gamma': 0.992, 'tau': 0.95, 'e_clip': 0.1, 'entropy_coef': 0.003888734489991887, 'critic_coef': 1.0, 'kl_threshold': 0.06047467351037476, 'mini_epochs': 9, 'minibatch_size': 32768, 'grad_norm': 2.0, 'angvelClipMin': -0.22028812767125103, 'angvelClipMax': 0.7870675743963756, 'angvelPenaltyThresHigh': 0.8205121161016796, 'angvelPenaltyThresLow': -0.7064203110946985, 'rotate_reward_scale': 2.3069543172360834, 'obj_linvel_penalty_scale': -0.08226431445616657, 'torque_penalty_scale': -0.026768800254750643, 'hand_pose_consistency_penalty_scale': -0.05938877899899249, 'rotate_penalty_scale': -0.016012534895419803, 'pencil_z_dist_penalty_scale': -1.4867624619524156, 'position_penalty_scale': -0.10168859026808434}. Best is trial 6 with value: 1906.1933999999999.
Best trial: 6. Best value: 1906.19:  42%|████▎     | 17/40 [25:46:53<33:07:42, 5185.34s/it]Best trial: 6. Best value: 1906.19:  42%|████▎     | 17/40 [25:46:53<33:07:42, 5185.34s/it]Best trial: 6. Best value: 1906.19:  45%|████▌     | 18/40 [25:46:53<31:51:33, 5213.34s/it]
================================================================================
[Optuna Trial 18] 开始训练
================================================================================
试验参数:
  learning_rate                  = 0.0001735566836492381
  weight_decay                   = 1.25968365433264e-05
  gamma                          = 0.992
  tau                            = 0.85
  e_clip                         = 0.3
  entropy_coef                   = 0.002446621141691278
  critic_coef                    = 0.5
  kl_threshold                   = 0.04866932942857513
  mini_epochs                    = 6
  minibatch_size                 = 8192
  grad_norm                      = 0.5
  angvelClipMin                  = -0.28858274556235536
  angvelClipMax                  = 0.7084853455128937
  angvelPenaltyThresHigh         = 0.7154401004143491
  angvelPenaltyThresLow          = -0.6372742935566658
  rotate_reward_scale            = 1.03803489765914
  obj_linvel_penalty_scale       = -0.1777217221664358
  torque_penalty_scale           = -0.03323358491163443
  hand_pose_consistency_penalty_scale = -0.010085820691699835
  rotate_penalty_scale           = -0.05561744728191472
  pencil_z_dist_penalty_scale    = -1.027311908308233
  position_penalty_scale         = -0.2554651628361318
输出目录: outputs/teacher_reproduce_trial_03/optuna_trial_0018
================================================================================


特权信息 (Privileged Information) 维度配置:
================================================================================
名称                             索引范围            维度       状态
--------------------------------------------------------------------------------
obj_position                   [ 0: 3]         3        [固定]
obj_scale                      [ 3: 4]         1        [固定]
obj_mass                       [ 4: 5]         1        [固定]
obj_friction                   [ 5: 6]         1        [固定]
obj_com                        [ 6: 9]         3        [固定]
--------------------------------------------------------------------------------
obj_orientation                [ 9:13]         4        ✓
obj_angvel                     [13:16]         3        ✓
fingertip_position             [16:31]         15       ✓
obj_restitution                [31:32]         1        ✓
tactile                        [32:47]         15       ✓
--------------------------------------------------------------------------------
总计: 10 项启用, 实际维度 = 47, 缓冲区大小 = 47
================================================================================

RunningMeanStd:  (126,)
RunningMeanStd:  47
RunningMeanStd:  3
RunningMeanStd:  (1,)
-----------------------
episode rewards: 11.73 | episode lengths: 37.76
episode rot angle(rad): 1.28
epsode sparse reward: 0.00
success rate (rot>6): 0.0000 (0/2530)
best success rate: 0.0000
Terminations: Fall=604 | Drop=1547 | Overspeed=379
Agent Steps: 0009M | FPS: 48757.4 | Last FPS: 48974.7 | Collect Time: 2.6 min | Train RL Time: 0.8 min | Current Best: -10000.00
-----------------------
episode rewards: 22.06 | episode lengths: 61.02
episode rot angle(rad): 2.10
epsode sparse reward: 0.00
success rate (rot>6): 0.0000 (0/1511)
best success rate: 0.0000
Terminations: Fall=340 | Drop=931 | Overspeed=240
Agent Steps: 0019M | FPS: 48973.3 | Last FPS: 50579.8 | Collect Time: 5.2 min | Train RL Time: 1.5 min | Current Best: -10000.00
-----------------------
episode rewards: 29.29 | episode lengths: 74.34
episode rot angle(rad): 2.53
epsode sparse reward: 0.00
success rate (rot>6): 0.0000 (0/1371)
best success rate: 0.0000
Terminations: Fall=311 | Drop=883 | Overspeed=177
Agent Steps: 0029M | FPS: 49286.5 | Last FPS: 48932.9 | Collect Time: 7.7 min | Train RL Time: 2.3 min | Current Best: -10000.00
-----------------------
episode rewards: 31.66 | episode lengths: 77.40
episode rot angle(rad): 2.58
epsode sparse reward: 0.00
success rate (rot>6): 0.0000 (0/1274)
best success rate: 0.0000
Terminations: Fall=236 | Drop=882 | Overspeed=156
Agent Steps: 0039M | FPS: 49414.3 | Last FPS: 49780.8 | Collect Time: 10.2 min | Train RL Time: 3.1 min | Current Best: -10000.00
-----------------------
episode rewards: 33.05 | episode lengths: 79.86
episode rot angle(rad): 2.62
epsode sparse reward: 0.00
success rate (rot>6): 0.0000 (0/1109)
best success rate: 0.0000
Terminations: Fall=179 | Drop=768 | Overspeed=162
Agent Steps: 0049M | FPS: 49502.5 | Last FPS: 49931.7 | Collect Time: 12.7 min | Train RL Time: 3.8 min | Current Best: -10000.00
-----------------------
episode rewards: 34.41 | episode lengths: 80.11
episode rot angle(rad): 2.68
epsode sparse reward: 0.00
success rate (rot>6): 0.0000 (0/1244)
best success rate: 0.0000
Terminations: Fall=210 | Drop=903 | Overspeed=131
Agent Steps: 0059M | FPS: 49557.8 | Last FPS: 48592.4 | Collect Time: 15.2 min | Train RL Time: 4.6 min | Current Best: 34.62
-----------------------
episode rewards: 34.20 | episode lengths: 79.92
episode rot angle(rad): 2.68
epsode sparse reward: 0.00
success rate (rot>6): 0.0000 (0/1162)
best success rate: 0.0000
Terminations: Fall=198 | Drop=817 | Overspeed=147
Agent Steps: 0068M | FPS: 49566.7 | Last FPS: 48846.6 | Collect Time: 17.8 min | Train RL Time: 5.4 min | Current Best: 34.62
-----------------------
episode rewards: 35.37 | episode lengths: 84.40
episode rot angle(rad): 2.76
epsode sparse reward: 0.00
success rate (rot>6): 0.0000 (0/1110)
best success rate: 0.0000
Terminations: Fall=201 | Drop=793 | Overspeed=116
Agent Steps: 0078M | FPS: 49578.6 | Last FPS: 48963.5 | Collect Time: 20.3 min | Train RL Time: 6.1 min | Current Best: 35.85
-----------------------
episode rewards: 36.12 | episode lengths: 85.77
episode rot angle(rad): 2.86
epsode sparse reward: 0.00
success rate (rot>6): 0.0000 (0/1059)
best success rate: 0.0000
Terminations: Fall=194 | Drop=714 | Overspeed=151
Agent Steps: 0088M | FPS: 49612.3 | Last FPS: 49637.9 | Collect Time: 22.8 min | Train RL Time: 6.9 min | Current Best: 36.15
-----------------------
episode rewards: 36.49 | episode lengths: 87.33
episode rot angle(rad): 2.91
epsode sparse reward: 0.00
success rate (rot>6): 0.0000 (0/1083)
best success rate: 0.0000
Terminations: Fall=197 | Drop=747 | Overspeed=139
Agent Steps: 0098M | FPS: 49635.5 | Last FPS: 50466.1 | Collect Time: 25.3 min | Train RL Time: 7.7 min | Current Best: 36.93
-----------------------
episode rewards: 37.97 | episode lengths: 90.27
episode rot angle(rad): 3.03
epsode sparse reward: 0.00
success rate (rot>6): 0.0000 (0/1117)
best success rate: 0.0000
Terminations: Fall=195 | Drop=761 | Overspeed=161
Agent Steps: 0108M | FPS: 49653.3 | Last FPS: 49210.0 | Collect Time: 27.8 min | Train RL Time: 8.4 min | Current Best: 38.23
-----------------------
episode rewards: 37.49 | episode lengths: 89.32
episode rot angle(rad): 3.03
epsode sparse reward: 0.00
success rate (rot>6): 0.0000 (0/1051)
best success rate: 0.0000
Terminations: Fall=197 | Drop=730 | Overspeed=124
Agent Steps: 0118M | FPS: 49660.3 | Last FPS: 50881.3 | Collect Time: 30.3 min | Train RL Time: 9.2 min | Current Best: 38.23
-----------------------
episode rewards: 40.19 | episode lengths: 94.81
episode rot angle(rad): 3.20
epsode sparse reward: 0.00
success rate (rot>6): 0.0000 (0/1016)
best success rate: 0.0019
Terminations: Fall=199 | Drop=688 | Overspeed=129
Agent Steps: 0127M | FPS: 49682.7 | Last FPS: 50168.9 | Collect Time: 32.8 min | Train RL Time: 10.0 min | Current Best: 40.16
-----------------------
episode rewards: 41.42 | episode lengths: 97.49
episode rot angle(rad): 3.27
epsode sparse reward: 0.00
success rate (rot>6): 0.0000 (0/1107)
best success rate: 0.0021
Terminations: Fall=222 | Drop=754 | Overspeed=131
Agent Steps: 0137M | FPS: 49685.3 | Last FPS: 50825.2 | Collect Time: 35.4 min | Train RL Time: 10.7 min | Current Best: 41.45
-----------------------
episode rewards: 42.25 | episode lengths: 98.78
episode rot angle(rad): 3.38
epsode sparse reward: 0.00
success rate (rot>6): 0.0020 (2/995)
best success rate: 0.0040
Terminations: Fall=198 | Drop=670 | Overspeed=127
Agent Steps: 0147M | FPS: 49704.4 | Last FPS: 50282.9 | Collect Time: 37.9 min | Train RL Time: 11.5 min | Current Best: 42.22
-----------------------
episode rewards: 43.37 | episode lengths: 99.36
episode rot angle(rad): 3.45
epsode sparse reward: 0.00
success rate (rot>6): 0.0050 (5/1001)
best success rate: 0.0136
Terminations: Fall=216 | Drop=671 | Overspeed=112
Agent Steps: 0157M | FPS: 49732.5 | Last FPS: 50295.5 | Collect Time: 40.4 min | Train RL Time: 12.3 min | Current Best: 43.69
-----------------------
episode rewards: 44.37 | episode lengths: 104.35
episode rot angle(rad): 3.58
epsode sparse reward: 0.00
success rate (rot>6): 0.0052 (5/970)
best success rate: 0.0165
Terminations: Fall=188 | Drop=640 | Overspeed=141
Agent Steps: 0167M | FPS: 49776.2 | Last FPS: 49962.1 | Collect Time: 42.8 min | Train RL Time: 13.0 min | Current Best: 44.96
-----------------------
episode rewards: 45.70 | episode lengths: 114.86
episode rot angle(rad): 3.64
epsode sparse reward: 0.00
success rate (rot>6): 0.0137 (12/875)
best success rate: 0.0272
Terminations: Fall=238 | Drop=492 | Overspeed=132
Agent Steps: 0177M | FPS: 49830.4 | Last FPS: 50844.6 | Collect Time: 45.3 min | Train RL Time: 13.8 min | Current Best: 45.91
-----------------------
episode rewards: 45.55 | episode lengths: 114.00
episode rot angle(rad): 3.58
epsode sparse reward: 0.00
success rate (rot>6): 0.0125 (11/882)
best success rate: 0.0298
Terminations: Fall=255 | Drop=503 | Overspeed=114
Agent Steps: 0186M | FPS: 49883.9 | Last FPS: 49527.4 | Collect Time: 47.7 min | Train RL Time: 14.6 min | Current Best: 45.91
-----------------------
episode rewards: 45.07 | episode lengths: 111.09
episode rot angle(rad): 3.63
epsode sparse reward: 0.00
success rate (rot>6): 0.0123 (11/893)
best success rate: 0.0389
Terminations: Fall=251 | Drop=490 | Overspeed=147
Agent Steps: 0196M | FPS: 49937.4 | Last FPS: 51952.7 | Collect Time: 50.2 min | Train RL Time: 15.3 min | Current Best: 45.91
-----------------------
episode rewards: 45.42 | episode lengths: 109.17
episode rot angle(rad): 3.68
epsode sparse reward: 0.00
success rate (rot>6): 0.0145 (13/894)
best success rate: 0.0389
Terminations: Fall=254 | Drop=506 | Overspeed=130
Agent Steps: 0206M | FPS: 49996.8 | Last FPS: 51422.4 | Collect Time: 52.6 min | Train RL Time: 16.1 min | Current Best: 45.91
-----------------------
episode rewards: 46.53 | episode lengths: 112.43
episode rot angle(rad): 3.77
epsode sparse reward: 0.00
success rate (rot>6): 0.0292 (25/855)
best success rate: 0.0389
Terminations: Fall=220 | Drop=502 | Overspeed=118
Agent Steps: 0216M | FPS: 50041.9 | Last FPS: 51703.3 | Collect Time: 55.0 min | Train RL Time: 16.9 min | Current Best: 46.69
-----------------------
episode rewards: 47.36 | episode lengths: 118.07
episode rot angle(rad): 3.89
epsode sparse reward: 0.00
success rate (rot>6): 0.0302 (25/828)
best success rate: 0.0459
Terminations: Fall=223 | Drop=472 | Overspeed=114
Agent Steps: 0226M | FPS: 50065.2 | Last FPS: 50747.6 | Collect Time: 57.5 min | Train RL Time: 17.6 min | Current Best: 47.74
-----------------------
episode rewards: 47.19 | episode lengths: 119.47
episode rot angle(rad): 3.88
epsode sparse reward: 0.00
success rate (rot>6): 0.0310 (26/839)
best success rate: 0.0459
Terminations: Fall=217 | Drop=485 | Overspeed=118
Agent Steps: 0236M | FPS: 50088.0 | Last FPS: 50426.8 | Collect Time: 60.0 min | Train RL Time: 18.4 min | Current Best: 47.74
-----------------------
episode rewards: 46.31 | episode lengths: 121.73
episode rot angle(rad): 3.81
epsode sparse reward: 0.00
success rate (rot>6): 0.0354 (29/819)
best success rate: 0.0606
Terminations: Fall=229 | Drop=445 | Overspeed=121
Agent Steps: 0245M | FPS: 50107.4 | Last FPS: 51585.7 | Collect Time: 62.4 min | Train RL Time: 19.2 min | Current Best: 47.74
max steps achieved
Final best reward: 47.74
Final success rate: 0.0606
Final mean rotation angle (rad): 3.8216

OPTUNA_METRICS: reward=47.7391 success_rate=0.0606 mean_rot_angle=3.8216


训练指标:
  Best Reward:         47.7391
  Success Rate:        0.0606
  Mean Rot Angle(rad): 3.8216
  Composite Score:     435.96
    = 1.0×47.74 + 100.0×0.0606 + 100.0×3.8216

================================================================================
[Optuna Trial 18] 训练完成
================================================================================

                                                                                           [I 2025-11-26 22:28:32,832] Trial 18 finished with value: 435.95910000000003 and parameters: {'learning_rate': 0.0001735566836492381, 'weight_decay': 1.25968365433264e-05, 'gamma': 0.992, 'tau': 0.85, 'e_clip': 0.3, 'entropy_coef': 0.002446621141691278, 'critic_coef': 0.5, 'kl_threshold': 0.04866932942857513, 'mini_epochs': 6, 'minibatch_size': 8192, 'grad_norm': 0.5, 'angvelClipMin': -0.28858274556235536, 'angvelClipMax': 0.7084853455128937, 'angvelPenaltyThresHigh': 0.7154401004143491, 'angvelPenaltyThresLow': -0.6372742935566658, 'rotate_reward_scale': 1.03803489765914, 'obj_linvel_penalty_scale': -0.1777217221664358, 'torque_penalty_scale': -0.03323358491163443, 'hand_pose_consistency_penalty_scale': -0.010085820691699835, 'rotate_penalty_scale': -0.05561744728191472, 'pencil_z_dist_penalty_scale': -1.027311908308233, 'position_penalty_scale': -0.2554651628361318}. Best is trial 6 with value: 1906.1933999999999.
Best trial: 6. Best value: 1906.19:  45%|████▌     | 18/40 [27:10:10<31:51:33, 5213.34s/it]Best trial: 6. Best value: 1906.19:  45%|████▌     | 18/40 [27:10:10<31:51:33, 5213.34s/it]Best trial: 6. Best value: 1906.19:  48%|████▊     | 19/40 [27:10:10<30:02:00, 5148.58s/it]
================================================================================
[Optuna Trial 19] 开始训练
================================================================================
试验参数:
  learning_rate                  = 0.0004838924857350788
  weight_decay                   = 2.7482636877601016e-05
  gamma                          = 0.99
  tau                            = 0.9
  e_clip                         = 0.2
  entropy_coef                   = 0.003971232929670727
  critic_coef                    = 1.0
  kl_threshold                   = 0.07424333141500365
  mini_epochs                    = 5
  minibatch_size                 = 8192
  grad_norm                      = 1.0
  angvelClipMin                  = -0.3526006227409526
  angvelClipMax                  = 0.8516414393898413
  angvelPenaltyThresHigh         = 0.5866343741628959
  angvelPenaltyThresLow          = -0.562567515704107
  rotate_reward_scale            = 1.920314818655634
  obj_linvel_penalty_scale       = -0.0516946026640093
  torque_penalty_scale           = -0.013033390808006936
  hand_pose_consistency_penalty_scale = -0.04981990477151971
  rotate_penalty_scale           = -0.0006761313613494885
  pencil_z_dist_penalty_scale    = -1.7566994117442856
  position_penalty_scale         = -0.21740083797539156
输出目录: outputs/teacher_reproduce_trial_03/optuna_trial_0019
================================================================================


特权信息 (Privileged Information) 维度配置:
================================================================================
名称                             索引范围            维度       状态
--------------------------------------------------------------------------------
obj_position                   [ 0: 3]         3        [固定]
obj_scale                      [ 3: 4]         1        [固定]
obj_mass                       [ 4: 5]         1        [固定]
obj_friction                   [ 5: 6]         1        [固定]
obj_com                        [ 6: 9]         3        [固定]
--------------------------------------------------------------------------------
obj_orientation                [ 9:13]         4        ✓
obj_angvel                     [13:16]         3        ✓
fingertip_position             [16:31]         15       ✓
obj_restitution                [31:32]         1        ✓
tactile                        [32:47]         15       ✓
--------------------------------------------------------------------------------
总计: 10 项启用, 实际维度 = 47, 缓冲区大小 = 47
================================================================================

RunningMeanStd:  (126,)
RunningMeanStd:  47
RunningMeanStd:  3
RunningMeanStd:  (1,)
-----------------------
episode rewards: 35.23 | episode lengths: 44.18
episode rot angle(rad): 1.60
epsode sparse reward: 0.00
success rate (rot>6): 0.0000 (0/2018)
best success rate: 0.0000
Terminations: Fall=436 | Drop=1057 | Overspeed=525
Agent Steps: 0009M | FPS: 50385.2 | Last FPS: 51844.0 | Collect Time: 2.6 min | Train RL Time: 0.6 min | Current Best: -10000.00
-----------------------
episode rewards: 58.21 | episode lengths: 65.46
episode rot angle(rad): 2.41
epsode sparse reward: 0.00
success rate (rot>6): 0.0000 (0/1505)
best success rate: 0.0000
Terminations: Fall=249 | Drop=883 | Overspeed=373
Agent Steps: 0019M | FPS: 50950.6 | Last FPS: 50793.4 | Collect Time: 5.2 min | Train RL Time: 1.3 min | Current Best: -10000.00
-----------------------
episode rewards: 72.96 | episode lengths: 85.56
episode rot angle(rad): 2.99
epsode sparse reward: 0.00
success rate (rot>6): 0.0319 (28/877)
best success rate: 0.0394
Terminations: Fall=148 | Drop=506 | Overspeed=198
Agent Steps: 0029M | FPS: 51045.1 | Last FPS: 50697.4 | Collect Time: 7.7 min | Train RL Time: 1.9 min | Current Best: -10000.00
-----------------------
episode rewards: 132.03 | episode lengths: 168.10
episode rot angle(rad): 5.38
epsode sparse reward: 0.00
success rate (rot>6): 0.2967 (154/519)
best success rate: 0.3214
Terminations: Fall=83 | Drop=108 | Overspeed=158
Agent Steps: 0039M | FPS: 51221.1 | Last FPS: 52565.8 | Collect Time: 10.2 min | Train RL Time: 2.6 min | Current Best: -10000.00
-----------------------
episode rewards: 189.09 | episode lengths: 213.97
episode rot angle(rad): 7.84
epsode sparse reward: 0.00
success rate (rot>6): 0.4323 (214/495)
best success rate: 0.5558
Terminations: Fall=102 | Drop=30 | Overspeed=162
Agent Steps: 0049M | FPS: 51494.6 | Last FPS: 52815.6 | Collect Time: 12.7 min | Train RL Time: 3.2 min | Current Best: -10000.00
-----------------------
episode rewards: 218.07 | episode lengths: 227.81
episode rot angle(rad): 9.17
epsode sparse reward: 0.00
success rate (rot>6): 0.5215 (218/418)
best success rate: 0.5576
Terminations: Fall=79 | Drop=24 | Overspeed=123
Agent Steps: 0059M | FPS: 51687.5 | Last FPS: 52253.7 | Collect Time: 15.2 min | Train RL Time: 3.8 min | Current Best: 217.94
-----------------------
episode rewards: 237.27 | episode lengths: 234.77
episode rot angle(rad): 10.14
epsode sparse reward: 0.00
success rate (rot>6): 0.5381 (226/420)
best success rate: 0.6178
Terminations: Fall=61 | Drop=23 | Overspeed=143
Agent Steps: 0068M | FPS: 51791.8 | Last FPS: 52824.4 | Collect Time: 17.6 min | Train RL Time: 4.5 min | Current Best: 237.51
-----------------------
episode rewards: 236.41 | episode lengths: 226.66
episode rot angle(rad): 10.55
epsode sparse reward: 0.00
success rate (rot>6): 0.5472 (226/413)
best success rate: 0.6178
Terminations: Fall=59 | Drop=20 | Overspeed=143
Agent Steps: 0078M | FPS: 51687.5 | Last FPS: 52482.2 | Collect Time: 20.2 min | Train RL Time: 5.1 min | Current Best: 237.56
-----------------------
episode rewards: 255.91 | episode lengths: 235.42
episode rot angle(rad): 11.55
epsode sparse reward: 0.00
success rate (rot>6): 0.5252 (198/377)
best success rate: 0.6287
Terminations: Fall=51 | Drop=21 | Overspeed=134
Agent Steps: 0088M | FPS: 51754.8 | Last FPS: 52305.7 | Collect Time: 22.7 min | Train RL Time: 5.8 min | Current Best: 256.68
-----------------------
episode rewards: 262.43 | episode lengths: 233.60
episode rot angle(rad): 11.93
epsode sparse reward: 0.00
success rate (rot>6): 0.5900 (213/361)
best success rate: 0.6287
Terminations: Fall=53 | Drop=31 | Overspeed=100
Agent Steps: 0098M | FPS: 51762.9 | Last FPS: 50928.2 | Collect Time: 25.2 min | Train RL Time: 6.4 min | Current Best: 262.32
-----------------------
episode rewards: 274.97 | episode lengths: 238.74
episode rot angle(rad): 12.47
epsode sparse reward: 0.00
success rate (rot>6): 0.6253 (242/387)
best success rate: 0.6394
Terminations: Fall=48 | Drop=26 | Overspeed=110
Agent Steps: 0108M | FPS: 51821.7 | Last FPS: 49270.8 | Collect Time: 27.6 min | Train RL Time: 7.1 min | Current Best: 275.04
-----------------------
episode rewards: 281.09 | episode lengths: 239.36
episode rot angle(rad): 12.84
epsode sparse reward: 0.00
success rate (rot>6): 0.6075 (260/428)
best success rate: 0.6423
Terminations: Fall=52 | Drop=14 | Overspeed=139
Agent Steps: 0118M | FPS: 51825.6 | Last FPS: 51751.6 | Collect Time: 30.1 min | Train RL Time: 7.7 min | Current Best: 281.76
-----------------------
episode rewards: 286.88 | episode lengths: 242.38
episode rot angle(rad): 13.21
epsode sparse reward: 0.00
success rate (rot>6): 0.6010 (244/406)
best success rate: 0.6639
Terminations: Fall=52 | Drop=25 | Overspeed=118
Agent Steps: 0127M | FPS: 51840.6 | Last FPS: 50867.3 | Collect Time: 32.6 min | Train RL Time: 8.4 min | Current Best: 287.76
-----------------------
episode rewards: 292.83 | episode lengths: 245.34
episode rot angle(rad): 13.28
epsode sparse reward: 0.00
success rate (rot>6): 0.6259 (271/433)
best success rate: 0.6639
Terminations: Fall=61 | Drop=25 | Overspeed=119
Agent Steps: 0137M | FPS: 51840.6 | Last FPS: 51433.7 | Collect Time: 35.1 min | Train RL Time: 9.1 min | Current Best: 292.73
-----------------------
episode rewards: 297.14 | episode lengths: 247.45
episode rot angle(rad): 13.44
epsode sparse reward: 0.00
success rate (rot>6): 0.6527 (295/452)
best success rate: 0.6768
Terminations: Fall=62 | Drop=21 | Overspeed=104
Agent Steps: 0147M | FPS: 51816.3 | Last FPS: 52462.1 | Collect Time: 37.6 min | Train RL Time: 9.7 min | Current Best: 296.96
-----------------------
episode rewards: 308.62 | episode lengths: 255.19
episode rot angle(rad): 14.03
epsode sparse reward: 0.00
success rate (rot>6): 0.6440 (246/382)
best success rate: 0.6835
Terminations: Fall=47 | Drop=15 | Overspeed=98
Agent Steps: 0157M | FPS: 51749.2 | Last FPS: 51591.7 | Collect Time: 40.2 min | Train RL Time: 10.4 min | Current Best: 309.15
-----------------------
episode rewards: 308.43 | episode lengths: 253.77
episode rot angle(rad): 14.01
epsode sparse reward: 0.00
success rate (rot>6): 0.6727 (261/388)
best success rate: 0.6992
Terminations: Fall=54 | Drop=13 | Overspeed=89
Agent Steps: 0167M | FPS: 51813.6 | Last FPS: 52276.0 | Collect Time: 42.6 min | Train RL Time: 11.0 min | Current Best: 310.47
-----------------------
episode rewards: 313.51 | episode lengths: 256.89
episode rot angle(rad): 14.33
epsode sparse reward: 0.00
success rate (rot>6): 0.6722 (244/363)
best success rate: 0.7107
Terminations: Fall=42 | Drop=13 | Overspeed=94
Agent Steps: 0177M | FPS: 51866.4 | Last FPS: 53224.2 | Collect Time: 45.1 min | Train RL Time: 11.7 min | Current Best: 313.46
-----------------------
episode rewards: 321.25 | episode lengths: 262.38
episode rot angle(rad): 14.75
epsode sparse reward: 0.00
success rate (rot>6): 0.6429 (234/364)
best success rate: 0.7650
Terminations: Fall=39 | Drop=16 | Overspeed=97
Agent Steps: 0186M | FPS: 51907.4 | Last FPS: 53482.7 | Collect Time: 47.6 min | Train RL Time: 12.3 min | Current Best: 321.40
-----------------------
episode rewards: 325.60 | episode lengths: 265.63
episode rot angle(rad): 14.89
epsode sparse reward: 0.00
success rate (rot>6): 0.6868 (261/380)
best success rate: 0.7650
Terminations: Fall=28 | Drop=11 | Overspeed=102
Agent Steps: 0196M | FPS: 51955.5 | Last FPS: 52583.2 | Collect Time: 50.0 min | Train RL Time: 12.9 min | Current Best: 325.84
-----------------------
episode rewards: 332.13 | episode lengths: 269.31
episode rot angle(rad): 15.10
epsode sparse reward: 0.00
success rate (rot>6): 0.7045 (279/396)
best success rate: 0.7650
Terminations: Fall=43 | Drop=14 | Overspeed=78
Agent Steps: 0206M | FPS: 52012.5 | Last FPS: 52775.8 | Collect Time: 52.4 min | Train RL Time: 13.6 min | Current Best: 331.71
-----------------------
episode rewards: 337.85 | episode lengths: 272.67
episode rot angle(rad): 15.39
epsode sparse reward: 0.00
success rate (rot>6): 0.6755 (256/379)
best success rate: 0.7650
Terminations: Fall=46 | Drop=13 | Overspeed=92
Agent Steps: 0216M | FPS: 52065.9 | Last FPS: 52740.4 | Collect Time: 54.9 min | Train RL Time: 14.2 min | Current Best: 337.94
-----------------------
episode rewards: 337.98 | episode lengths: 272.27
episode rot angle(rad): 15.43
epsode sparse reward: 0.00
success rate (rot>6): 0.6865 (254/370)
best success rate: 0.7676
Terminations: Fall=31 | Drop=11 | Overspeed=102
Agent Steps: 0226M | FPS: 52108.8 | Last FPS: 52565.5 | Collect Time: 57.3 min | Train RL Time: 14.9 min | Current Best: 339.66
-----------------------
episode rewards: 341.33 | episode lengths: 273.94
episode rot angle(rad): 15.48
epsode sparse reward: 0.00
success rate (rot>6): 0.6964 (234/336)
best success rate: 0.7676
Terminations: Fall=32 | Drop=10 | Overspeed=83
Agent Steps: 0236M | FPS: 52152.7 | Last FPS: 53424.3 | Collect Time: 59.7 min | Train RL Time: 15.5 min | Current Best: 341.14
-----------------------
episode rewards: 341.63 | episode lengths: 273.34
episode rot angle(rad): 15.51
epsode sparse reward: 0.00
success rate (rot>6): 0.6635 (282/425)
best success rate: 0.7676
Terminations: Fall=47 | Drop=17 | Overspeed=105
Agent Steps: 0245M | FPS: 52197.5 | Last FPS: 52933.6 | Collect Time: 62.2 min | Train RL Time: 16.1 min | Current Best: 343.54
max steps achieved
Final best reward: 345.45
Final success rate: 0.7676
Final mean rotation angle (rad): 15.6764

OPTUNA_METRICS: reward=345.4467 success_rate=0.7676 mean_rot_angle=15.6764


训练指标:
  Best Reward:         345.4467
  Success Rate:        0.7676
  Mean Rot Angle(rad): 15.6764
  Composite Score:     1989.85
    = 1.0×345.45 + 100.0×0.7676 + 100.0×15.6764

================================================================================
[Optuna Trial 19] 训练完成
================================================================================

                                                                                           [I 2025-11-26 23:48:30,282] Trial 19 finished with value: 1989.8466999999998 and parameters: {'learning_rate': 0.0004838924857350788, 'weight_decay': 2.7482636877601016e-05, 'gamma': 0.99, 'tau': 0.9, 'e_clip': 0.2, 'entropy_coef': 0.003971232929670727, 'critic_coef': 1.0, 'kl_threshold': 0.07424333141500365, 'mini_epochs': 5, 'minibatch_size': 8192, 'grad_norm': 1.0, 'angvelClipMin': -0.3526006227409526, 'angvelClipMax': 0.8516414393898413, 'angvelPenaltyThresHigh': 0.5866343741628959, 'angvelPenaltyThresLow': -0.562567515704107, 'rotate_reward_scale': 1.920314818655634, 'obj_linvel_penalty_scale': -0.0516946026640093, 'torque_penalty_scale': -0.013033390808006936, 'hand_pose_consistency_penalty_scale': -0.04981990477151971, 'rotate_penalty_scale': -0.0006761313613494885, 'pencil_z_dist_penalty_scale': -1.7566994117442856, 'position_penalty_scale': -0.21740083797539156}. Best is trial 19 with value: 1989.8466999999998.
Best trial: 6. Best value: 1906.19:  48%|████▊     | 19/40 [28:30:08<30:02:00, 5148.58s/it]Best trial: 19. Best value: 1989.85:  48%|████▊     | 19/40 [28:30:08<30:02:00, 5148.58s/it]Best trial: 19. Best value: 1989.85:  50%|█████     | 20/40 [28:30:08<28:01:03, 5043.16s/it]
================================================================================
[Optuna Trial 20] 开始训练
================================================================================
试验参数:
  learning_rate                  = 0.00039594145795405746
  weight_decay                   = 2.827221023873622e-05
  gamma                          = 0.99
  tau                            = 0.9
  e_clip                         = 0.2
  entropy_coef                   = 0.005517317659725962
  critic_coef                    = 1.0
  kl_threshold                   = 0.07328174426394675
  mini_epochs                    = 5
  minibatch_size                 = 32768
  grad_norm                      = 1.0
  angvelClipMin                  = -0.3571618657702817
  angvelClipMax                  = 0.8943688770561966
  angvelPenaltyThresHigh         = 0.8373766416706807
  angvelPenaltyThresLow          = -0.5469309459049344
  rotate_reward_scale            = 1.9846790464213393
  obj_linvel_penalty_scale       = -0.053023209290095755
  torque_penalty_scale           = -0.011339618828419436
  hand_pose_consistency_penalty_scale = -0.05069228650021691
  rotate_penalty_scale           = -6.428946298168287e-05
  pencil_z_dist_penalty_scale    = -1.8094121240879246
  position_penalty_scale         = -0.29351475784895525
输出目录: outputs/teacher_reproduce_trial_03/optuna_trial_0020
================================================================================


特权信息 (Privileged Information) 维度配置:
================================================================================
名称                             索引范围            维度       状态
--------------------------------------------------------------------------------
obj_position                   [ 0: 3]         3        [固定]
obj_scale                      [ 3: 4]         1        [固定]
obj_mass                       [ 4: 5]         1        [固定]
obj_friction                   [ 5: 6]         1        [固定]
obj_com                        [ 6: 9]         3        [固定]
--------------------------------------------------------------------------------
obj_orientation                [ 9:13]         4        ✓
obj_angvel                     [13:16]         3        ✓
fingertip_position             [16:31]         15       ✓
obj_restitution                [31:32]         1        ✓
tactile                        [32:47]         15       ✓
--------------------------------------------------------------------------------
总计: 10 项启用, 实际维度 = 47, 缓冲区大小 = 47
================================================================================

RunningMeanStd:  (126,)
RunningMeanStd:  47
RunningMeanStd:  3
RunningMeanStd:  (1,)
-----------------------
episode rewards: 33.45 | episode lengths: 40.12
episode rot angle(rad): 1.46
epsode sparse reward: 0.00
success rate (rot>6): 0.0000 (0/2268)
best success rate: 0.0000
Terminations: Fall=621 | Drop=1340 | Overspeed=307
Agent Steps: 0009M | FPS: 51258.7 | Last FPS: 51953.0 | Collect Time: 2.7 min | Train RL Time: 0.6 min | Current Best: -10000.00
-----------------------
episode rewards: 50.28 | episode lengths: 60.75
episode rot angle(rad): 2.01
epsode sparse reward: 0.00
success rate (rot>6): 0.0000 (0/1517)
best success rate: 0.0000
Terminations: Fall=340 | Drop=890 | Overspeed=287
Agent Steps: 0019M | FPS: 51063.7 | Last FPS: 51324.0 | Collect Time: 5.3 min | Train RL Time: 1.1 min | Current Best: -10000.00
-----------------------
episode rewards: 66.21 | episode lengths: 75.22
episode rot angle(rad): 2.64
epsode sparse reward: 0.00
success rate (rot>6): 0.0000 (0/1288)
best success rate: 0.0000
Terminations: Fall=290 | Drop=695 | Overspeed=299
Agent Steps: 0029M | FPS: 50924.2 | Last FPS: 50331.8 | Collect Time: 8.0 min | Train RL Time: 1.7 min | Current Best: -10000.00
-----------------------
episode rewards: 76.67 | episode lengths: 88.99
episode rot angle(rad): 2.93
epsode sparse reward: 0.00
success rate (rot>6): 0.0000 (0/1046)
best success rate: 0.0000
Terminations: Fall=209 | Drop=609 | Overspeed=224
Agent Steps: 0039M | FPS: 50937.4 | Last FPS: 50211.4 | Collect Time: 10.6 min | Train RL Time: 2.2 min | Current Best: -10000.00
-----------------------
episode rewards: 83.92 | episode lengths: 96.77
episode rot angle(rad): 3.23
epsode sparse reward: 0.00
success rate (rot>6): 0.0000 (0/942)
best success rate: 0.0031
Terminations: Fall=216 | Drop=511 | Overspeed=210
Agent Steps: 0049M | FPS: 50957.2 | Last FPS: 50591.2 | Collect Time: 13.3 min | Train RL Time: 2.8 min | Current Best: -10000.00
-----------------------
episode rewards: 89.15 | episode lengths: 99.35
episode rot angle(rad): 3.43
epsode sparse reward: 0.00
success rate (rot>6): 0.0000 (0/970)
best success rate: 0.0041
Terminations: Fall=249 | Drop=526 | Overspeed=191
Agent Steps: 0059M | FPS: 50957.2 | Last FPS: 50352.9 | Collect Time: 15.9 min | Train RL Time: 3.4 min | Current Best: 89.14
-----------------------
episode rewards: 96.07 | episode lengths: 106.55
episode rot angle(rad): 3.74
epsode sparse reward: 0.00
success rate (rot>6): 0.0033 (3/923)
best success rate: 0.0066
Terminations: Fall=214 | Drop=529 | Overspeed=179
Agent Steps: 0068M | FPS: 51024.6 | Last FPS: 51021.1 | Collect Time: 18.5 min | Train RL Time: 3.9 min | Current Best: 96.05
-----------------------
episode rewards: 101.28 | episode lengths: 109.35
episode rot angle(rad): 4.01
epsode sparse reward: 0.00
success rate (rot>6): 0.0000 (0/911)
best success rate: 0.0078
Terminations: Fall=206 | Drop=503 | Overspeed=201
Agent Steps: 0078M | FPS: 51119.6 | Last FPS: 51927.1 | Collect Time: 21.1 min | Train RL Time: 4.5 min | Current Best: 101.54
-----------------------
episode rewards: 106.43 | episode lengths: 114.54
episode rot angle(rad): 4.29
epsode sparse reward: 0.00
success rate (rot>6): 0.0081 (7/863)
best success rate: 0.0163
Terminations: Fall=206 | Drop=438 | Overspeed=214
Agent Steps: 0088M | FPS: 51198.8 | Last FPS: 51778.5 | Collect Time: 23.7 min | Train RL Time: 5.0 min | Current Best: 106.50
-----------------------
episode rewards: 113.97 | episode lengths: 129.98
episode rot angle(rad): 4.58
epsode sparse reward: 0.00
success rate (rot>6): 0.0388 (30/774)
best success rate: 0.0390
Terminations: Fall=162 | Drop=425 | Overspeed=166
Agent Steps: 0098M | FPS: 51230.7 | Last FPS: 51719.8 | Collect Time: 26.4 min | Train RL Time: 5.6 min | Current Best: 113.85
-----------------------
episode rewards: 124.82 | episode lengths: 150.90
episode rot angle(rad): 4.98
epsode sparse reward: 0.00
success rate (rot>6): 0.1689 (90/533)
best success rate: 0.1689
Terminations: Fall=163 | Drop=177 | Overspeed=125
Agent Steps: 0108M | FPS: 51250.1 | Last FPS: 50857.1 | Collect Time: 29.0 min | Train RL Time: 6.2 min | Current Best: 124.48
-----------------------
episode rewards: 155.90 | episode lengths: 193.47
episode rot angle(rad): 5.86
epsode sparse reward: 0.00
success rate (rot>6): 0.2908 (146/502)
best success rate: 0.3353
Terminations: Fall=173 | Drop=87 | Overspeed=107
Agent Steps: 0118M | FPS: 51312.0 | Last FPS: 50521.5 | Collect Time: 31.6 min | Train RL Time: 6.7 min | Current Best: 155.84
-----------------------
episode rewards: 175.90 | episode lengths: 212.09
episode rot angle(rad): 6.57
epsode sparse reward: 0.00
success rate (rot>6): 0.3890 (177/455)
best success rate: 0.3965
Terminations: Fall=132 | Drop=63 | Overspeed=93
Agent Steps: 0127M | FPS: 51373.7 | Last FPS: 51660.7 | Collect Time: 34.1 min | Train RL Time: 7.3 min | Current Best: 175.55
-----------------------
episode rewards: 190.53 | episode lengths: 223.65
episode rot angle(rad): 7.02
epsode sparse reward: 0.00
success rate (rot>6): 0.4174 (192/460)
best success rate: 0.4471
Terminations: Fall=142 | Drop=54 | Overspeed=91
Agent Steps: 0137M | FPS: 51417.8 | Last FPS: 51531.1 | Collect Time: 36.7 min | Train RL Time: 7.8 min | Current Best: 190.42
-----------------------
episode rewards: 198.69 | episode lengths: 230.67
episode rot angle(rad): 7.32
epsode sparse reward: 0.00
success rate (rot>6): 0.4345 (199/458)
best success rate: 0.4831
Terminations: Fall=143 | Drop=48 | Overspeed=81
Agent Steps: 0147M | FPS: 51460.6 | Last FPS: 52013.4 | Collect Time: 39.3 min | Train RL Time: 8.4 min | Current Best: 198.72
-----------------------
episode rewards: 210.42 | episode lengths: 238.21
episode rot angle(rad): 7.98
epsode sparse reward: 0.00
success rate (rot>6): 0.5086 (208/409)
best success rate: 0.5269
Terminations: Fall=110 | Drop=32 | Overspeed=82
Agent Steps: 0157M | FPS: 51506.1 | Last FPS: 52564.9 | Collect Time: 41.9 min | Train RL Time: 9.0 min | Current Best: 210.19
-----------------------
episode rewards: 223.75 | episode lengths: 243.18
episode rot angle(rad): 8.65
epsode sparse reward: 0.00
success rate (rot>6): 0.5413 (203/375)
best success rate: 0.6025
Terminations: Fall=93 | Drop=24 | Overspeed=73
Agent Steps: 0167M | FPS: 51564.8 | Last FPS: 53155.8 | Collect Time: 44.4 min | Train RL Time: 9.5 min | Current Best: 223.64
-----------------------
episode rewards: 229.87 | episode lengths: 245.27
episode rot angle(rad): 9.00
epsode sparse reward: 0.00
success rate (rot>6): 0.5379 (213/396)
best success rate: 0.6025
Terminations: Fall=88 | Drop=41 | Overspeed=84
Agent Steps: 0177M | FPS: 51613.8 | Last FPS: 52430.1 | Collect Time: 47.0 min | Train RL Time: 10.1 min | Current Best: 229.95
-----------------------
episode rewards: 234.70 | episode lengths: 244.41
episode rot angle(rad): 9.27
epsode sparse reward: 0.00
success rate (rot>6): 0.5418 (201/371)
best success rate: 0.6025
Terminations: Fall=89 | Drop=23 | Overspeed=85
Agent Steps: 0186M | FPS: 51666.6 | Last FPS: 51335.7 | Collect Time: 49.5 min | Train RL Time: 10.6 min | Current Best: 234.53
-----------------------
episode rewards: 239.73 | episode lengths: 246.69
episode rot angle(rad): 9.45
epsode sparse reward: 0.00
success rate (rot>6): 0.5431 (214/394)
best success rate: 0.6025
Terminations: Fall=99 | Drop=28 | Overspeed=76
Agent Steps: 0196M | FPS: 51715.3 | Last FPS: 53430.3 | Collect Time: 52.1 min | Train RL Time: 11.2 min | Current Best: 240.46
-----------------------
episode rewards: 242.15 | episode lengths: 245.85
episode rot angle(rad): 9.63
epsode sparse reward: 0.00
success rate (rot>6): 0.5603 (209/373)
best success rate: 0.6025
Terminations: Fall=89 | Drop=42 | Overspeed=62
Agent Steps: 0206M | FPS: 51755.5 | Last FPS: 52827.1 | Collect Time: 54.6 min | Train RL Time: 11.8 min | Current Best: 241.99
-----------------------
episode rewards: 242.44 | episode lengths: 244.76
episode rot angle(rad): 9.71
epsode sparse reward: 0.00
success rate (rot>6): 0.5136 (226/440)
best success rate: 0.6025
Terminations: Fall=111 | Drop=26 | Overspeed=104
Agent Steps: 0216M | FPS: 51792.4 | Last FPS: 52476.7 | Collect Time: 57.2 min | Train RL Time: 12.3 min | Current Best: 243.08
-----------------------
episode rewards: 245.29 | episode lengths: 248.00
episode rot angle(rad): 9.82
epsode sparse reward: 0.00
success rate (rot>6): 0.5375 (215/400)
best success rate: 0.6177
Terminations: Fall=95 | Drop=35 | Overspeed=72
Agent Steps: 0226M | FPS: 51830.7 | Last FPS: 53059.4 | Collect Time: 59.7 min | Train RL Time: 12.9 min | Current Best: 245.44
-----------------------
episode rewards: 244.86 | episode lengths: 246.70
episode rot angle(rad): 9.80
epsode sparse reward: 0.00
success rate (rot>6): 0.5301 (238/449)
best success rate: 0.6177
Terminations: Fall=117 | Drop=38 | Overspeed=90
Agent Steps: 0236M | FPS: 51873.3 | Last FPS: 52246.1 | Collect Time: 62.2 min | Train RL Time: 13.4 min | Current Best: 246.27
-----------------------
episode rewards: 244.36 | episode lengths: 246.47
episode rot angle(rad): 9.80
epsode sparse reward: 0.00
success rate (rot>6): 0.5422 (225/415)
best success rate: 0.6177
Terminations: Fall=96 | Drop=28 | Overspeed=91
Agent Steps: 0245M | FPS: 51906.1 | Last FPS: 53862.3 | Collect Time: 64.8 min | Train RL Time: 14.0 min | Current Best: 246.61
max steps achieved
Final best reward: 246.61
Final success rate: 0.6177
Final mean rotation angle (rad): 9.8360

OPTUNA_METRICS: reward=246.6057 success_rate=0.6177 mean_rot_angle=9.8360


训练指标:
  Best Reward:         246.6057
  Success Rate:        0.6177
  Mean Rot Angle(rad): 9.8360
  Composite Score:     1291.98
    = 1.0×246.61 + 100.0×0.6177 + 100.0×9.8360

================================================================================
[Optuna Trial 20] 训练完成
================================================================================

                                                                                            [I 2025-11-27 01:08:54,676] Trial 20 finished with value: 1291.9757 and parameters: {'learning_rate': 0.00039594145795405746, 'weight_decay': 2.827221023873622e-05, 'gamma': 0.99, 'tau': 0.9, 'e_clip': 0.2, 'entropy_coef': 0.005517317659725962, 'critic_coef': 1.0, 'kl_threshold': 0.07328174426394675, 'mini_epochs': 5, 'minibatch_size': 32768, 'grad_norm': 1.0, 'angvelClipMin': -0.3571618657702817, 'angvelClipMax': 0.8943688770561966, 'angvelPenaltyThresHigh': 0.8373766416706807, 'angvelPenaltyThresLow': -0.5469309459049344, 'rotate_reward_scale': 1.9846790464213393, 'obj_linvel_penalty_scale': -0.053023209290095755, 'torque_penalty_scale': -0.011339618828419436, 'hand_pose_consistency_penalty_scale': -0.05069228650021691, 'rotate_penalty_scale': -6.428946298168287e-05, 'pencil_z_dist_penalty_scale': -1.8094121240879246, 'position_penalty_scale': -0.29351475784895525}. Best is trial 19 with value: 1989.8466999999998.
Best trial: 19. Best value: 1989.85:  50%|█████     | 20/40 [29:50:32<28:01:03, 5043.16s/it]Best trial: 19. Best value: 1989.85:  50%|█████     | 20/40 [29:50:32<28:01:03, 5043.16s/it]Best trial: 19. Best value: 1989.85:  52%|█████▎    | 21/40 [29:50:32<26:16:12, 4977.49s/it]
================================================================================
[Optuna Trial 21] 开始训练
================================================================================
试验参数:
  learning_rate                  = 0.0005211635480812957
  weight_decay                   = 3.894708474089607e-05
  gamma                          = 0.99
  tau                            = 0.9
  e_clip                         = 0.2
  entropy_coef                   = 0.00394480969053022
  critic_coef                    = 1.0
  kl_threshold                   = 0.07549844436541986
  mini_epochs                    = 5
  minibatch_size                 = 8192
  grad_norm                      = 1.0
  angvelClipMin                  = -0.30117215453131124
  angvelClipMax                  = 0.84398973812007
  angvelPenaltyThresHigh         = 0.588424462614536
  angvelPenaltyThresLow          = -0.5706303989452173
  rotate_reward_scale            = 1.6008946764211034
  obj_linvel_penalty_scale       = -0.05172090729859397
  torque_penalty_scale           = -0.014940311850643418
  hand_pose_consistency_penalty_scale = -0.037639428440861586
  rotate_penalty_scale           = -0.039728463178679646
  pencil_z_dist_penalty_scale    = -1.739381251508974
  position_penalty_scale         = -0.21667635762089307
输出目录: outputs/teacher_reproduce_trial_03/optuna_trial_0021
================================================================================


特权信息 (Privileged Information) 维度配置:
================================================================================
名称                             索引范围            维度       状态
--------------------------------------------------------------------------------
obj_position                   [ 0: 3]         3        [固定]
obj_scale                      [ 3: 4]         1        [固定]
obj_mass                       [ 4: 5]         1        [固定]
obj_friction                   [ 5: 6]         1        [固定]
obj_com                        [ 6: 9]         3        [固定]
--------------------------------------------------------------------------------
obj_orientation                [ 9:13]         4        ✓
obj_angvel                     [13:16]         3        ✓
fingertip_position             [16:31]         15       ✓
obj_restitution                [31:32]         1        ✓
tactile                        [32:47]         15       ✓
--------------------------------------------------------------------------------
总计: 10 项启用, 实际维度 = 47, 缓冲区大小 = 47
================================================================================

RunningMeanStd:  (126,)
RunningMeanStd:  47
RunningMeanStd:  3
RunningMeanStd:  (1,)
-----------------------
episode rewards: 30.86 | episode lengths: 51.11
episode rot angle(rad): 1.68
epsode sparse reward: 0.00
success rate (rot>6): 0.0000 (0/1606)
best success rate: 0.0000
Terminations: Fall=327 | Drop=915 | Overspeed=364
Agent Steps: 0009M | FPS: 49784.2 | Last FPS: 51573.2 | Collect Time: 2.7 min | Train RL Time: 0.6 min | Current Best: -10000.00
-----------------------
episode rewards: 47.34 | episode lengths: 72.56
episode rot angle(rad): 2.32
epsode sparse reward: 0.00
success rate (rot>6): 0.0000 (0/1286)
best success rate: 0.0000
Terminations: Fall=266 | Drop=770 | Overspeed=249
Agent Steps: 0019M | FPS: 50303.8 | Last FPS: 51599.3 | Collect Time: 5.2 min | Train RL Time: 1.3 min | Current Best: -10000.00
-----------------------
episode rewards: 53.35 | episode lengths: 77.44
episode rot angle(rad): 2.59
epsode sparse reward: 0.00
success rate (rot>6): 0.0000 (0/1326)
best success rate: 0.0000
Terminations: Fall=271 | Drop=780 | Overspeed=275
Agent Steps: 0029M | FPS: 50416.0 | Last FPS: 50112.7 | Collect Time: 7.8 min | Train RL Time: 1.9 min | Current Best: -10000.00
-----------------------
episode rewards: 61.15 | episode lengths: 85.02
episode rot angle(rad): 2.90
epsode sparse reward: 0.00
success rate (rot>6): 0.0017 (2/1167)
best success rate: 0.0028
Terminations: Fall=215 | Drop=688 | Overspeed=263
Agent Steps: 0039M | FPS: 50447.6 | Last FPS: 51414.1 | Collect Time: 10.4 min | Train RL Time: 2.6 min | Current Best: -10000.00
-----------------------
episode rewards: 76.97 | episode lengths: 109.26
episode rot angle(rad): 3.75
epsode sparse reward: 0.00
success rate (rot>6): 0.0886 (71/801)
best success rate: 0.0894
Terminations: Fall=124 | Drop=435 | Overspeed=190
Agent Steps: 0049M | FPS: 50449.8 | Last FPS: 50109.6 | Collect Time: 13.0 min | Train RL Time: 3.2 min | Current Best: -10000.00
-----------------------
episode rewards: 105.42 | episode lengths: 146.97
episode rot angle(rad): 5.28
epsode sparse reward: 0.00
success rate (rot>6): 0.1977 (137/693)
best success rate: 0.2675
Terminations: Fall=107 | Drop=261 | Overspeed=200
Agent Steps: 0059M | FPS: 50500.3 | Last FPS: 51364.0 | Collect Time: 15.6 min | Train RL Time: 3.9 min | Current Best: 105.42
-----------------------
episode rewards: 132.83 | episode lengths: 178.46
episode rot angle(rad): 6.82
epsode sparse reward: 0.00
success rate (rot>6): 0.4008 (190/474)
best success rate: 0.4129
Terminations: Fall=77 | Drop=77 | Overspeed=136
Agent Steps: 0068M | FPS: 50527.2 | Last FPS: 50692.5 | Collect Time: 18.2 min | Train RL Time: 4.5 min | Current Best: 132.20
-----------------------
episode rewards: 162.65 | episode lengths: 210.16
episode rot angle(rad): 8.50
epsode sparse reward: 0.00
success rate (rot>6): 0.4894 (208/425)
best success rate: 0.5098
Terminations: Fall=55 | Drop=21 | Overspeed=155
Agent Steps: 0078M | FPS: 50535.2 | Last FPS: 51160.4 | Collect Time: 20.7 min | Train RL Time: 5.2 min | Current Best: 162.24
-----------------------
episode rewards: 187.05 | episode lengths: 230.17
episode rot angle(rad): 9.67
epsode sparse reward: 0.00
success rate (rot>6): 0.5251 (220/419)
best success rate: 0.5938
Terminations: Fall=72 | Drop=17 | Overspeed=128
Agent Steps: 0088M | FPS: 50590.2 | Last FPS: 50900.6 | Collect Time: 23.3 min | Train RL Time: 5.8 min | Current Best: 187.07
-----------------------
episode rewards: 198.62 | episode lengths: 236.76
episode rot angle(rad): 10.34
epsode sparse reward: 0.00
success rate (rot>6): 0.5876 (218/371)
best success rate: 0.6361
Terminations: Fall=50 | Drop=11 | Overspeed=104
Agent Steps: 0098M | FPS: 50671.4 | Last FPS: 51111.3 | Collect Time: 25.8 min | Train RL Time: 6.4 min | Current Best: 198.26
-----------------------
episode rewards: 202.98 | episode lengths: 237.16
episode rot angle(rad): 10.60
epsode sparse reward: 0.00
success rate (rot>6): 0.5184 (211/407)
best success rate: 0.6361
Terminations: Fall=55 | Drop=27 | Overspeed=136
Agent Steps: 0108M | FPS: 50745.3 | Last FPS: 51363.9 | Collect Time: 28.4 min | Train RL Time: 7.1 min | Current Best: 203.40
-----------------------
episode rewards: 208.12 | episode lengths: 237.37
episode rot angle(rad): 11.03
epsode sparse reward: 0.00
success rate (rot>6): 0.5760 (216/375)
best success rate: 0.6361
Terminations: Fall=44 | Drop=18 | Overspeed=112
Agent Steps: 0118M | FPS: 50822.4 | Last FPS: 51056.9 | Collect Time: 30.9 min | Train RL Time: 7.7 min | Current Best: 207.94
-----------------------
episode rewards: 212.12 | episode lengths: 239.13
episode rot angle(rad): 11.36
epsode sparse reward: 0.00
success rate (rot>6): 0.5851 (220/376)
best success rate: 0.6542
Terminations: Fall=56 | Drop=19 | Overspeed=103
Agent Steps: 0127M | FPS: 50881.7 | Last FPS: 51157.3 | Collect Time: 33.4 min | Train RL Time: 8.4 min | Current Best: 213.19
-----------------------
episode rewards: 223.04 | episode lengths: 249.04
episode rot angle(rad): 11.91
epsode sparse reward: 0.00
success rate (rot>6): 0.6202 (227/366)
best success rate: 0.6614
Terminations: Fall=38 | Drop=13 | Overspeed=109
Agent Steps: 0137M | FPS: 50949.1 | Last FPS: 51432.8 | Collect Time: 35.9 min | Train RL Time: 9.0 min | Current Best: 222.87
-----------------------
episode rewards: 230.67 | episode lengths: 254.57
episode rot angle(rad): 12.27
epsode sparse reward: 0.00
success rate (rot>6): 0.6246 (223/357)
best success rate: 0.6632
Terminations: Fall=44 | Drop=11 | Overspeed=97
Agent Steps: 0147M | FPS: 51021.2 | Last FPS: 51156.9 | Collect Time: 38.4 min | Train RL Time: 9.7 min | Current Best: 230.54
-----------------------
episode rewards: 237.06 | episode lengths: 259.32
episode rot angle(rad): 12.46
epsode sparse reward: 0.00
success rate (rot>6): 0.6122 (251/410)
best success rate: 0.6769
Terminations: Fall=54 | Drop=17 | Overspeed=114
Agent Steps: 0157M | FPS: 51092.1 | Last FPS: 51416.1 | Collect Time: 40.9 min | Train RL Time: 10.3 min | Current Best: 237.24
-----------------------
episode rewards: 235.57 | episode lengths: 255.16
episode rot angle(rad): 12.44
epsode sparse reward: 0.00
success rate (rot>6): 0.5721 (238/416)
best success rate: 0.6769
Terminations: Fall=60 | Drop=24 | Overspeed=118
Agent Steps: 0167M | FPS: 51143.1 | Last FPS: 51067.2 | Collect Time: 43.4 min | Train RL Time: 11.0 min | Current Best: 237.76
-----------------------
episode rewards: 235.16 | episode lengths: 253.27
episode rot angle(rad): 12.46
epsode sparse reward: 0.00
success rate (rot>6): 0.5868 (240/409)
best success rate: 0.6777
Terminations: Fall=65 | Drop=25 | Overspeed=102
Agent Steps: 0177M | FPS: 51188.9 | Last FPS: 52034.8 | Collect Time: 45.9 min | Train RL Time: 11.6 min | Current Best: 237.76
-----------------------
episode rewards: 241.96 | episode lengths: 258.80
episode rot angle(rad): 12.81
epsode sparse reward: 0.00
success rate (rot>6): 0.6731 (280/416)
best success rate: 0.6821
Terminations: Fall=55 | Drop=11 | Overspeed=91
Agent Steps: 0186M | FPS: 51211.8 | Last FPS: 50077.7 | Collect Time: 48.4 min | Train RL Time: 12.2 min | Current Best: 242.35
-----------------------
episode rewards: 246.75 | episode lengths: 262.02
episode rot angle(rad): 13.09
epsode sparse reward: 0.00
success rate (rot>6): 0.6685 (240/359)
best success rate: 0.7236
Terminations: Fall=49 | Drop=10 | Overspeed=75
Agent Steps: 0196M | FPS: 51238.0 | Last FPS: 51444.0 | Collect Time: 50.9 min | Train RL Time: 12.9 min | Current Best: 247.32
-----------------------
episode rewards: 247.13 | episode lengths: 262.63
episode rot angle(rad): 13.01
epsode sparse reward: 0.00
success rate (rot>6): 0.6429 (243/378)
best success rate: 0.7236
Terminations: Fall=50 | Drop=12 | Overspeed=90
Agent Steps: 0206M | FPS: 51254.9 | Last FPS: 52546.5 | Collect Time: 53.5 min | Train RL Time: 13.5 min | Current Best: 247.35
-----------------------
episode rewards: 251.26 | episode lengths: 266.25
episode rot angle(rad): 13.15
epsode sparse reward: 0.00
success rate (rot>6): 0.7006 (241/344)
best success rate: 0.7236
Terminations: Fall=43 | Drop=11 | Overspeed=63
Agent Steps: 0216M | FPS: 51273.3 | Last FPS: 51848.1 | Collect Time: 56.0 min | Train RL Time: 14.2 min | Current Best: 251.07
-----------------------
episode rewards: 253.06 | episode lengths: 267.25
episode rot angle(rad): 13.26
epsode sparse reward: 0.00
success rate (rot>6): 0.6130 (236/385)
best success rate: 0.7236
Terminations: Fall=52 | Drop=9 | Overspeed=100
Agent Steps: 0226M | FPS: 51289.5 | Last FPS: 50965.0 | Collect Time: 58.5 min | Train RL Time: 14.8 min | Current Best: 253.20
-----------------------
episode rewards: 254.77 | episode lengths: 269.72
episode rot angle(rad): 13.37
epsode sparse reward: 0.00
success rate (rot>6): 0.6244 (266/426)
best success rate: 0.7236
Terminations: Fall=49 | Drop=14 | Overspeed=117
Agent Steps: 0236M | FPS: 51310.1 | Last FPS: 51824.3 | Collect Time: 61.0 min | Train RL Time: 15.5 min | Current Best: 255.62
-----------------------
episode rewards: 254.62 | episode lengths: 269.65
episode rot angle(rad): 13.35
epsode sparse reward: 0.00
success rate (rot>6): 0.6898 (258/374)
best success rate: 0.7236
Terminations: Fall=40 | Drop=7 | Overspeed=81
Agent Steps: 0245M | FPS: 51336.5 | Last FPS: 52193.8 | Collect Time: 63.5 min | Train RL Time: 16.1 min | Current Best: 255.62
max steps achieved
Final best reward: 256.42
Final success rate: 0.7236
Final mean rotation angle (rad): 13.4136

OPTUNA_METRICS: reward=256.4234 success_rate=0.7236 mean_rot_angle=13.4136


训练指标:
  Best Reward:         256.4234
  Success Rate:        0.7236
  Mean Rot Angle(rad): 13.4136
  Composite Score:     1670.14
    = 1.0×256.42 + 100.0×0.7236 + 100.0×13.4136

================================================================================
[Optuna Trial 21] 训练完成
================================================================================

                                                                                            [I 2025-11-27 02:30:13,123] Trial 21 finished with value: 1670.1434000000002 and parameters: {'learning_rate': 0.0005211635480812957, 'weight_decay': 3.894708474089607e-05, 'gamma': 0.99, 'tau': 0.9, 'e_clip': 0.2, 'entropy_coef': 0.00394480969053022, 'critic_coef': 1.0, 'kl_threshold': 0.07549844436541986, 'mini_epochs': 5, 'minibatch_size': 8192, 'grad_norm': 1.0, 'angvelClipMin': -0.30117215453131124, 'angvelClipMax': 0.84398973812007, 'angvelPenaltyThresHigh': 0.588424462614536, 'angvelPenaltyThresLow': -0.5706303989452173, 'rotate_reward_scale': 1.6008946764211034, 'obj_linvel_penalty_scale': -0.05172090729859397, 'torque_penalty_scale': -0.014940311850643418, 'hand_pose_consistency_penalty_scale': -0.037639428440861586, 'rotate_penalty_scale': -0.039728463178679646, 'pencil_z_dist_penalty_scale': -1.739381251508974, 'position_penalty_scale': -0.21667635762089307}. Best is trial 19 with value: 1989.8466999999998.
Best trial: 19. Best value: 1989.85:  52%|█████▎    | 21/40 [31:11:51<26:16:12, 4977.49s/it]Best trial: 19. Best value: 1989.85:  52%|█████▎    | 21/40 [31:11:51<26:16:12, 4977.49s/it]Best trial: 19. Best value: 1989.85:  55%|█████▌    | 22/40 [31:11:51<24:44:19, 4947.77s/it]
================================================================================
[Optuna Trial 22] 开始训练
================================================================================
试验参数:
  learning_rate                  = 0.0005173278890984908
  weight_decay                   = 3.6186144915027016e-05
  gamma                          = 0.99
  tau                            = 0.9
  e_clip                         = 0.2
  entropy_coef                   = 0.004093629282951162
  critic_coef                    = 1.0
  kl_threshold                   = 0.07434378304717242
  mini_epochs                    = 5
  minibatch_size                 = 8192
  grad_norm                      = 1.0
  angvelClipMin                  = -0.3090525682099622
  angvelClipMax                  = 0.8521358836065243
  angvelPenaltyThresHigh         = 0.5559839601372798
  angvelPenaltyThresLow          = -0.5651334273913742
  rotate_reward_scale            = 1.6276476789859815
  obj_linvel_penalty_scale       = -0.05168705519721302
  torque_penalty_scale           = -0.012934528508004476
  hand_pose_consistency_penalty_scale = -0.048547662321127394
  rotate_penalty_scale           = -0.018631683190014518
  pencil_z_dist_penalty_scale    = -1.7407383246096735
  position_penalty_scale         = -0.22442562366570332
输出目录: outputs/teacher_reproduce_trial_03/optuna_trial_0022
================================================================================


特权信息 (Privileged Information) 维度配置:
================================================================================
名称                             索引范围            维度       状态
--------------------------------------------------------------------------------
obj_position                   [ 0: 3]         3        [固定]
obj_scale                      [ 3: 4]         1        [固定]
obj_mass                       [ 4: 5]         1        [固定]
obj_friction                   [ 5: 6]         1        [固定]
obj_com                        [ 6: 9]         3        [固定]
--------------------------------------------------------------------------------
obj_orientation                [ 9:13]         4        ✓
obj_angvel                     [13:16]         3        ✓
fingertip_position             [16:31]         15       ✓
obj_restitution                [31:32]         1        ✓
tactile                        [32:47]         15       ✓
--------------------------------------------------------------------------------
总计: 10 项启用, 实际维度 = 47, 缓冲区大小 = 47
================================================================================

RunningMeanStd:  (126,)
RunningMeanStd:  47
RunningMeanStd:  3
RunningMeanStd:  (1,)
-----------------------
episode rewards: 29.79 | episode lengths: 43.51
episode rot angle(rad): 1.66
epsode sparse reward: 0.00
success rate (rot>6): 0.0000 (0/2216)
best success rate: 0.0000
Terminations: Fall=485 | Drop=1111 | Overspeed=620
Agent Steps: 0009M | FPS: 49479.3 | Last FPS: 49816.2 | Collect Time: 2.7 min | Train RL Time: 0.6 min | Current Best: -10000.00
-----------------------
episode rewards: 49.27 | episode lengths: 61.26
episode rot angle(rad): 2.48
epsode sparse reward: 0.00
success rate (rot>6): 0.0000 (0/1562)
best success rate: 0.0000
Terminations: Fall=232 | Drop=973 | Overspeed=357
Agent Steps: 0019M | FPS: 49827.8 | Last FPS: 51268.7 | Collect Time: 5.3 min | Train RL Time: 1.3 min | Current Best: -10000.00
-----------------------
episode rewards: 58.24 | episode lengths: 74.96
episode rot angle(rad): 2.82
epsode sparse reward: 0.00
success rate (rot>6): 0.0000 (0/1350)
best success rate: 0.0000
Terminations: Fall=226 | Drop=851 | Overspeed=273
Agent Steps: 0029M | FPS: 49904.0 | Last FPS: 49783.1 | Collect Time: 7.9 min | Train RL Time: 1.9 min | Current Best: -10000.00
-----------------------
episode rewards: 64.34 | episode lengths: 81.80
episode rot angle(rad): 2.99
epsode sparse reward: 0.00
success rate (rot>6): 0.0000 (0/1145)
best success rate: 0.0019
Terminations: Fall=200 | Drop=703 | Overspeed=242
Agent Steps: 0039M | FPS: 49927.8 | Last FPS: 48790.1 | Collect Time: 10.6 min | Train RL Time: 2.6 min | Current Best: -10000.00
-----------------------
episode rewards: 77.20 | episode lengths: 100.02
episode rot angle(rad): 3.61
epsode sparse reward: 0.00
success rate (rot>6): 0.0747 (65/870)
best success rate: 0.0747
Terminations: Fall=164 | Drop=455 | Overspeed=200
Agent Steps: 0049M | FPS: 49896.0 | Last FPS: 49762.7 | Collect Time: 13.2 min | Train RL Time: 3.2 min | Current Best: -10000.00
-----------------------
episode rewards: 100.24 | episode lengths: 141.69
episode rot angle(rad): 4.90
epsode sparse reward: 0.00
success rate (rot>6): 0.2182 (137/628)
best success rate: 0.2631
Terminations: Fall=115 | Drop=218 | Overspeed=184
Agent Steps: 0059M | FPS: 50027.5 | Last FPS: 49743.3 | Collect Time: 15.8 min | Train RL Time: 3.9 min | Current Best: 99.99
-----------------------
episode rewards: 131.38 | episode lengths: 182.95
episode rot angle(rad): 6.50
epsode sparse reward: 0.00
success rate (rot>6): 0.3583 (191/533)
best success rate: 0.4154
Terminations: Fall=98 | Drop=96 | Overspeed=168
Agent Steps: 0068M | FPS: 50141.1 | Last FPS: 51747.1 | Collect Time: 18.3 min | Train RL Time: 4.5 min | Current Best: 131.29
-----------------------
episode rewards: 170.37 | episode lengths: 219.31
episode rot angle(rad): 8.59
epsode sparse reward: 0.00
success rate (rot>6): 0.4900 (221/451)
best success rate: 0.5518
Terminations: Fall=77 | Drop=38 | Overspeed=139
Agent Steps: 0078M | FPS: 50279.1 | Last FPS: 52600.9 | Collect Time: 20.9 min | Train RL Time: 5.1 min | Current Best: 170.37
-----------------------
episode rewards: 184.83 | episode lengths: 222.86
episode rot angle(rad): 9.66
epsode sparse reward: 0.00
success rate (rot>6): 0.4863 (230/473)
best success rate: 0.6027
Terminations: Fall=80 | Drop=30 | Overspeed=170
Agent Steps: 0088M | FPS: 50473.5 | Last FPS: 51779.9 | Collect Time: 23.4 min | Train RL Time: 5.8 min | Current Best: 187.74
-----------------------
episode rewards: 199.22 | episode lengths: 229.71
episode rot angle(rad): 10.65
epsode sparse reward: 0.00
success rate (rot>6): 0.5646 (236/418)
best success rate: 0.6295
Terminations: Fall=49 | Drop=28 | Overspeed=141
Agent Steps: 0098M | FPS: 50646.1 | Last FPS: 51903.6 | Collect Time: 25.9 min | Train RL Time: 6.4 min | Current Best: 199.49
-----------------------
episode rewards: 207.04 | episode lengths: 231.09
episode rot angle(rad): 11.33
epsode sparse reward: 0.00
success rate (rot>6): 0.6229 (256/411)
best success rate: 0.6295
Terminations: Fall=51 | Drop=18 | Overspeed=123
Agent Steps: 0108M | FPS: 50802.8 | Last FPS: 53560.2 | Collect Time: 28.3 min | Train RL Time: 7.1 min | Current Best: 207.45
-----------------------
episode rewards: 220.08 | episode lengths: 237.48
episode rot angle(rad): 12.45
epsode sparse reward: 0.00
success rate (rot>6): 0.5902 (242/410)
best success rate: 0.6498
Terminations: Fall=63 | Drop=34 | Overspeed=118
Agent Steps: 0118M | FPS: 50939.0 | Last FPS: 51603.6 | Collect Time: 30.8 min | Train RL Time: 7.7 min | Current Best: 220.08
-----------------------
episode rewards: 234.06 | episode lengths: 244.77
episode rot angle(rad): 13.44
epsode sparse reward: 0.00
success rate (rot>6): 0.6388 (237/371)
best success rate: 0.6611
Terminations: Fall=47 | Drop=18 | Overspeed=98
Agent Steps: 0127M | FPS: 51040.5 | Last FPS: 51286.2 | Collect Time: 33.3 min | Train RL Time: 8.4 min | Current Best: 233.77
-----------------------
episode rewards: 246.65 | episode lengths: 250.67
episode rot angle(rad): 14.30
epsode sparse reward: 0.00
success rate (rot>6): 0.6120 (254/415)
best success rate: 0.6768
Terminations: Fall=59 | Drop=27 | Overspeed=116
Agent Steps: 0137M | FPS: 51153.5 | Last FPS: 54083.7 | Collect Time: 35.8 min | Train RL Time: 9.0 min | Current Best: 246.63
-----------------------
episode rewards: 258.24 | episode lengths: 257.01
episode rot angle(rad): 15.08
epsode sparse reward: 0.00
success rate (rot>6): 0.6633 (260/392)
best success rate: 0.7126
Terminations: Fall=49 | Drop=16 | Overspeed=98
Agent Steps: 0147M | FPS: 51259.3 | Last FPS: 52980.5 | Collect Time: 38.2 min | Train RL Time: 9.6 min | Current Best: 257.95
-----------------------
episode rewards: 264.01 | episode lengths: 259.16
episode rot angle(rad): 15.51
epsode sparse reward: 0.00
success rate (rot>6): 0.6296 (238/378)
best success rate: 0.7126
Terminations: Fall=49 | Drop=15 | Overspeed=109
Agent Steps: 0157M | FPS: 51351.0 | Last FPS: 53779.0 | Collect Time: 40.7 min | Train RL Time: 10.3 min | Current Best: 264.17
-----------------------
episode rewards: 269.99 | episode lengths: 261.53
episode rot angle(rad): 15.82
epsode sparse reward: 0.00
success rate (rot>6): 0.6355 (265/417)
best success rate: 0.7126
Terminations: Fall=51 | Drop=14 | Overspeed=125
Agent Steps: 0167M | FPS: 51438.7 | Last FPS: 52618.2 | Collect Time: 43.1 min | Train RL Time: 10.9 min | Current Best: 270.16
-----------------------
episode rewards: 272.56 | episode lengths: 260.14
episode rot angle(rad): 16.18
epsode sparse reward: 0.00
success rate (rot>6): 0.6527 (250/383)
best success rate: 0.7131
Terminations: Fall=40 | Drop=7 | Overspeed=118
Agent Steps: 0177M | FPS: 51520.6 | Last FPS: 53508.8 | Collect Time: 45.6 min | Train RL Time: 11.6 min | Current Best: 272.91
-----------------------
episode rewards: 274.30 | episode lengths: 259.69
episode rot angle(rad): 16.53
epsode sparse reward: 0.00
success rate (rot>6): 0.5942 (224/377)
best success rate: 0.7131
Terminations: Fall=56 | Drop=13 | Overspeed=103
Agent Steps: 0186M | FPS: 51590.4 | Last FPS: 53347.3 | Collect Time: 48.0 min | Train RL Time: 12.2 min | Current Best: 274.67
-----------------------
episode rewards: 279.59 | episode lengths: 263.07
episode rot angle(rad): 16.93
epsode sparse reward: 0.00
success rate (rot>6): 0.6408 (239/373)
best success rate: 0.7245
Terminations: Fall=45 | Drop=15 | Overspeed=103
Agent Steps: 0196M | FPS: 51652.4 | Last FPS: 52290.1 | Collect Time: 50.5 min | Train RL Time: 12.9 min | Current Best: 279.81
-----------------------
episode rewards: 282.57 | episode lengths: 265.28
episode rot angle(rad): 17.08
epsode sparse reward: 0.00
success rate (rot>6): 0.6401 (265/414)
best success rate: 0.7455
Terminations: Fall=54 | Drop=12 | Overspeed=108
Agent Steps: 0206M | FPS: 51707.2 | Last FPS: 53507.5 | Collect Time: 52.9 min | Train RL Time: 13.5 min | Current Best: 283.31
-----------------------
episode rewards: 283.06 | episode lengths: 264.51
episode rot angle(rad): 17.15
epsode sparse reward: 0.00
success rate (rot>6): 0.6853 (257/375)
best success rate: 0.7455
Terminations: Fall=39 | Drop=7 | Overspeed=103
Agent Steps: 0216M | FPS: 51753.8 | Last FPS: 51160.1 | Collect Time: 55.4 min | Train RL Time: 14.2 min | Current Best: 283.51
-----------------------
episode rewards: 291.39 | episode lengths: 271.22
episode rot angle(rad): 17.45
epsode sparse reward: 0.00
success rate (rot>6): 0.6790 (239/352)
best success rate: 0.7455
Terminations: Fall=37 | Drop=10 | Overspeed=90
Agent Steps: 0226M | FPS: 51799.6 | Last FPS: 53586.1 | Collect Time: 57.8 min | Train RL Time: 14.8 min | Current Best: 291.59
-----------------------
episode rewards: 293.43 | episode lengths: 273.12
episode rot angle(rad): 17.57
epsode sparse reward: 0.00
success rate (rot>6): 0.6810 (222/326)
best success rate: 0.7589
Terminations: Fall=37 | Drop=5 | Overspeed=81
Agent Steps: 0236M | FPS: 51842.9 | Last FPS: 51666.4 | Collect Time: 60.3 min | Train RL Time: 15.4 min | Current Best: 293.62
-----------------------
episode rewards: 295.18 | episode lengths: 275.08
episode rot angle(rad): 17.70
epsode sparse reward: 0.00
success rate (rot>6): 0.6346 (224/353)
best success rate: 0.7638
Terminations: Fall=37 | Drop=7 | Overspeed=99
Agent Steps: 0245M | FPS: 51879.5 | Last FPS: 52922.8 | Collect Time: 62.7 min | Train RL Time: 16.1 min | Current Best: 296.12
max steps achieved
Final best reward: 296.12
Final success rate: 0.7638
Final mean rotation angle (rad): 17.5472

OPTUNA_METRICS: reward=296.1165 success_rate=0.7638 mean_rot_angle=17.5472


训练指标:
  Best Reward:         296.1165
  Success Rate:        0.7638
  Mean Rot Angle(rad): 17.5472
  Composite Score:     2127.22
    = 1.0×296.12 + 100.0×0.7638 + 100.0×17.5472

================================================================================
[Optuna Trial 22] 训练完成
================================================================================

                                                                                            [I 2025-11-27 03:50:39,716] Trial 22 finished with value: 2127.2165 and parameters: {'learning_rate': 0.0005173278890984908, 'weight_decay': 3.6186144915027016e-05, 'gamma': 0.99, 'tau': 0.9, 'e_clip': 0.2, 'entropy_coef': 0.004093629282951162, 'critic_coef': 1.0, 'kl_threshold': 0.07434378304717242, 'mini_epochs': 5, 'minibatch_size': 8192, 'grad_norm': 1.0, 'angvelClipMin': -0.3090525682099622, 'angvelClipMax': 0.8521358836065243, 'angvelPenaltyThresHigh': 0.5559839601372798, 'angvelPenaltyThresLow': -0.5651334273913742, 'rotate_reward_scale': 1.6276476789859815, 'obj_linvel_penalty_scale': -0.05168705519721302, 'torque_penalty_scale': -0.012934528508004476, 'hand_pose_consistency_penalty_scale': -0.048547662321127394, 'rotate_penalty_scale': -0.018631683190014518, 'pencil_z_dist_penalty_scale': -1.7407383246096735, 'position_penalty_scale': -0.22442562366570332}. Best is trial 22 with value: 2127.2165.
Best trial: 19. Best value: 1989.85:  55%|█████▌    | 22/40 [32:32:17<24:44:19, 4947.77s/it]Best trial: 22. Best value: 2127.22:  55%|█████▌    | 22/40 [32:32:17<24:44:19, 4947.77s/it]Best trial: 22. Best value: 2127.22:  57%|█████▊    | 23/40 [32:32:17<23:11:33, 4911.41s/it]
================================================================================
[Optuna Trial 23] 开始训练
================================================================================
试验参数:
  learning_rate                  = 0.00027099331075380645
  weight_decay                   = 3.3322782693602744e-05
  gamma                          = 0.99
  tau                            = 0.9
  e_clip                         = 0.2
  entropy_coef                   = 0.0039160288359905895
  critic_coef                    = 1.0
  kl_threshold                   = 0.06651127649108429
  mini_epochs                    = 5
  minibatch_size                 = 8192
  grad_norm                      = 1.0
  angvelClipMin                  = -0.39928031233682987
  angvelClipMax                  = 0.8978573004289967
  angvelPenaltyThresHigh         = 0.504641588896625
  angvelPenaltyThresLow          = -0.529325485136474
  rotate_reward_scale            = 1.6230017507722012
  obj_linvel_penalty_scale       = -0.06035043203815842
  torque_penalty_scale           = -0.012394166277530795
  hand_pose_consistency_penalty_scale = -0.04843118453632991
  rotate_penalty_scale           = -0.016941919005852037
  pencil_z_dist_penalty_scale    = -1.5987043625293997
  position_penalty_scale         = -0.21875401135899103
输出目录: outputs/teacher_reproduce_trial_03/optuna_trial_0023
================================================================================


特权信息 (Privileged Information) 维度配置:
================================================================================
名称                             索引范围            维度       状态
--------------------------------------------------------------------------------
obj_position                   [ 0: 3]         3        [固定]
obj_scale                      [ 3: 4]         1        [固定]
obj_mass                       [ 4: 5]         1        [固定]
obj_friction                   [ 5: 6]         1        [固定]
obj_com                        [ 6: 9]         3        [固定]
--------------------------------------------------------------------------------
obj_orientation                [ 9:13]         4        ✓
obj_angvel                     [13:16]         3        ✓
fingertip_position             [16:31]         15       ✓
obj_restitution                [31:32]         1        ✓
tactile                        [32:47]         15       ✓
--------------------------------------------------------------------------------
总计: 10 项启用, 实际维度 = 47, 缓冲区大小 = 47
================================================================================

RunningMeanStd:  (126,)
RunningMeanStd:  47
RunningMeanStd:  3
RunningMeanStd:  (1,)
-----------------------
episode rewards: 25.77 | episode lengths: 36.11
episode rot angle(rad): 1.30
epsode sparse reward: 0.00
success rate (rot>6): 0.0000 (0/2497)
best success rate: 0.0000
Terminations: Fall=355 | Drop=1411 | Overspeed=731
Agent Steps: 0009M | FPS: 50549.7 | Last FPS: 49963.8 | Collect Time: 2.6 min | Train RL Time: 0.6 min | Current Best: -10000.00
-----------------------
episode rewards: 45.23 | episode lengths: 61.17
episode rot angle(rad): 2.23
epsode sparse reward: 0.00
success rate (rot>6): 0.0000 (0/1470)
best success rate: 0.0000
Terminations: Fall=220 | Drop=695 | Overspeed=555
Agent Steps: 0019M | FPS: 50649.7 | Last FPS: 50632.6 | Collect Time: 5.2 min | Train RL Time: 1.3 min | Current Best: -10000.00
-----------------------
episode rewards: 59.72 | episode lengths: 72.98
episode rot angle(rad): 2.89
epsode sparse reward: 0.00
success rate (rot>6): 0.0000 (0/1473)
best success rate: 0.0000
Terminations: Fall=203 | Drop=755 | Overspeed=515
Agent Steps: 0029M | FPS: 50777.1 | Last FPS: 50625.4 | Collect Time: 7.7 min | Train RL Time: 1.9 min | Current Best: -10000.00
-----------------------
episode rewards: 66.19 | episode lengths: 79.22
episode rot angle(rad): 3.18
epsode sparse reward: 0.00
success rate (rot>6): 0.0000 (0/1270)
best success rate: 0.0000
Terminations: Fall=157 | Drop=634 | Overspeed=479
Agent Steps: 0039M | FPS: 50812.4 | Last FPS: 51070.1 | Collect Time: 10.3 min | Train RL Time: 2.6 min | Current Best: -10000.00
-----------------------
episode rewards: 70.40 | episode lengths: 82.81
episode rot angle(rad): 3.41
epsode sparse reward: 0.00
success rate (rot>6): 0.0000 (0/1072)
best success rate: 0.0000
Terminations: Fall=173 | Drop=476 | Overspeed=423
Agent Steps: 0049M | FPS: 50855.6 | Last FPS: 50483.0 | Collect Time: 12.9 min | Train RL Time: 3.2 min | Current Best: -10000.00
-----------------------
episode rewards: 75.23 | episode lengths: 87.84
episode rot angle(rad): 3.57
epsode sparse reward: 0.00
success rate (rot>6): 0.0000 (0/1054)
best success rate: 0.0000
Terminations: Fall=148 | Drop=560 | Overspeed=346
Agent Steps: 0059M | FPS: 50818.7 | Last FPS: 51718.4 | Collect Time: 15.5 min | Train RL Time: 3.9 min | Current Best: 75.30
-----------------------
episode rewards: 79.62 | episode lengths: 91.29
episode rot angle(rad): 3.76
epsode sparse reward: 0.00
success rate (rot>6): 0.0000 (0/1078)
best success rate: 0.0019
Terminations: Fall=126 | Drop=670 | Overspeed=282
Agent Steps: 0068M | FPS: 50763.9 | Last FPS: 51703.4 | Collect Time: 18.1 min | Train RL Time: 4.5 min | Current Best: 79.97
-----------------------
episode rewards: 82.93 | episode lengths: 97.26
episode rot angle(rad): 3.91
epsode sparse reward: 0.00
success rate (rot>6): 0.0269 (25/930)
best success rate: 0.0311
Terminations: Fall=131 | Drop=518 | Overspeed=274
Agent Steps: 0078M | FPS: 50689.1 | Last FPS: 48725.8 | Collect Time: 20.7 min | Train RL Time: 5.2 min | Current Best: 82.89
-----------------------
episode rewards: 117.19 | episode lengths: 155.83
episode rot angle(rad): 5.54
epsode sparse reward: 0.00
success rate (rot>6): 0.2709 (159/587)
best success rate: 0.2995
Terminations: Fall=93 | Drop=170 | Overspeed=231
Agent Steps: 0088M | FPS: 50645.3 | Last FPS: 50899.0 | Collect Time: 23.3 min | Train RL Time: 5.8 min | Current Best: 116.90
-----------------------
episode rewards: 155.31 | episode lengths: 197.82
episode rot angle(rad): 7.34
epsode sparse reward: 0.00
success rate (rot>6): 0.4189 (199/475)
best success rate: 0.4458
Terminations: Fall=57 | Drop=65 | Overspeed=193
Agent Steps: 0098M | FPS: 50644.1 | Last FPS: 50632.8 | Collect Time: 25.9 min | Train RL Time: 6.4 min | Current Best: 154.95
-----------------------
episode rewards: 173.03 | episode lengths: 210.85
episode rot angle(rad): 8.17
epsode sparse reward: 0.00
success rate (rot>6): 0.4515 (214/474)
best success rate: 0.5307
Terminations: Fall=49 | Drop=49 | Overspeed=200
Agent Steps: 0108M | FPS: 50646.6 | Last FPS: 50869.8 | Collect Time: 28.4 min | Train RL Time: 7.1 min | Current Best: 173.22
-----------------------
episode rewards: 183.39 | episode lengths: 215.76
episode rot angle(rad): 8.75
epsode sparse reward: 0.00
success rate (rot>6): 0.4791 (241/503)
best success rate: 0.5392
Terminations: Fall=67 | Drop=30 | Overspeed=216
Agent Steps: 0118M | FPS: 50661.7 | Last FPS: 51909.8 | Collect Time: 31.0 min | Train RL Time: 7.7 min | Current Best: 183.70
-----------------------
episode rewards: 192.83 | episode lengths: 224.84
episode rot angle(rad): 9.24
epsode sparse reward: 0.00
success rate (rot>6): 0.5128 (240/468)
best success rate: 0.5898
Terminations: Fall=50 | Drop=32 | Overspeed=187
Agent Steps: 0127M | FPS: 50691.2 | Last FPS: 50735.9 | Collect Time: 33.6 min | Train RL Time: 8.4 min | Current Best: 192.82
-----------------------
episode rewards: 201.78 | episode lengths: 230.92
episode rot angle(rad): 9.67
epsode sparse reward: 0.00
success rate (rot>6): 0.5328 (244/458)
best success rate: 0.5986
Terminations: Fall=58 | Drop=21 | Overspeed=186
Agent Steps: 0137M | FPS: 50754.7 | Last FPS: 52131.2 | Collect Time: 36.1 min | Train RL Time: 9.0 min | Current Best: 201.98
-----------------------
episode rewards: 204.23 | episode lengths: 229.82
episode rot angle(rad): 9.89
epsode sparse reward: 0.00
success rate (rot>6): 0.5607 (231/412)
best success rate: 0.5986
Terminations: Fall=37 | Drop=21 | Overspeed=156
Agent Steps: 0147M | FPS: 50832.8 | Last FPS: 53279.8 | Collect Time: 38.6 min | Train RL Time: 9.7 min | Current Best: 204.03
-----------------------
episode rewards: 205.06 | episode lengths: 227.20
episode rot angle(rad): 10.00
epsode sparse reward: 0.00
success rate (rot>6): 0.5369 (211/393)
best success rate: 0.5986
Terminations: Fall=46 | Drop=23 | Overspeed=147
Agent Steps: 0157M | FPS: 50908.6 | Last FPS: 52521.2 | Collect Time: 41.1 min | Train RL Time: 10.3 min | Current Best: 205.19
-----------------------
episode rewards: 211.95 | episode lengths: 232.50
episode rot angle(rad): 10.37
epsode sparse reward: 0.00
success rate (rot>6): 0.5098 (233/457)
best success rate: 0.6062
Terminations: Fall=67 | Drop=30 | Overspeed=176
Agent Steps: 0167M | FPS: 51004.2 | Last FPS: 52414.7 | Collect Time: 43.6 min | Train RL Time: 10.9 min | Current Best: 212.42
-----------------------
episode rewards: 219.32 | episode lengths: 237.09
episode rot angle(rad): 10.75
epsode sparse reward: 0.00
success rate (rot>6): 0.5693 (226/397)
best success rate: 0.6104
Terminations: Fall=32 | Drop=13 | Overspeed=154
Agent Steps: 0177M | FPS: 51107.4 | Last FPS: 53245.0 | Collect Time: 46.0 min | Train RL Time: 11.6 min | Current Best: 219.29
-----------------------
episode rewards: 220.61 | episode lengths: 236.48
episode rot angle(rad): 10.79
epsode sparse reward: 0.00
success rate (rot>6): 0.5615 (219/390)
best success rate: 0.6169
Terminations: Fall=48 | Drop=13 | Overspeed=132
Agent Steps: 0186M | FPS: 51197.6 | Last FPS: 52210.8 | Collect Time: 48.5 min | Train RL Time: 12.2 min | Current Best: 222.21
-----------------------
episode rewards: 229.34 | episode lengths: 243.30
episode rot angle(rad): 11.15
epsode sparse reward: 0.00
success rate (rot>6): 0.5957 (224/376)
best success rate: 0.6511
Terminations: Fall=39 | Drop=13 | Overspeed=136
Agent Steps: 0196M | FPS: 51298.5 | Last FPS: 52644.1 | Collect Time: 50.9 min | Train RL Time: 12.9 min | Current Best: 229.21
-----------------------
episode rewards: 230.07 | episode lengths: 243.38
episode rot angle(rad): 11.26
epsode sparse reward: 0.00
success rate (rot>6): 0.5851 (227/388)
best success rate: 0.6511
Terminations: Fall=49 | Drop=16 | Overspeed=122
Agent Steps: 0206M | FPS: 51391.3 | Last FPS: 54455.3 | Collect Time: 53.3 min | Train RL Time: 13.5 min | Current Best: 230.65
-----------------------
episode rewards: 231.49 | episode lengths: 243.45
episode rot angle(rad): 11.33
epsode sparse reward: 0.00
success rate (rot>6): 0.5345 (217/406)
best success rate: 0.6511
Terminations: Fall=52 | Drop=13 | Overspeed=152
Agent Steps: 0216M | FPS: 51473.9 | Last FPS: 52636.1 | Collect Time: 55.7 min | Train RL Time: 14.2 min | Current Best: 232.00
-----------------------
episode rewards: 235.61 | episode lengths: 246.33
episode rot angle(rad): 11.57
epsode sparse reward: 0.00
success rate (rot>6): 0.5646 (249/441)
best success rate: 0.6596
Terminations: Fall=49 | Drop=12 | Overspeed=161
Agent Steps: 0226M | FPS: 51542.7 | Last FPS: 52208.0 | Collect Time: 58.2 min | Train RL Time: 14.8 min | Current Best: 236.17
-----------------------
episode rewards: 237.71 | episode lengths: 247.57
episode rot angle(rad): 11.65
epsode sparse reward: 0.00
success rate (rot>6): 0.5762 (261/453)
best success rate: 0.6596
Terminations: Fall=47 | Drop=19 | Overspeed=158
Agent Steps: 0236M | FPS: 51612.8 | Last FPS: 53646.5 | Collect Time: 60.6 min | Train RL Time: 15.5 min | Current Best: 237.86
-----------------------
episode rewards: 240.73 | episode lengths: 250.72
episode rot angle(rad): 11.76
epsode sparse reward: 0.00
success rate (rot>6): 0.6190 (247/399)
best success rate: 0.6614
Terminations: Fall=34 | Drop=9 | Overspeed=128
Agent Steps: 0245M | FPS: 51678.6 | Last FPS: 52439.2 | Collect Time: 63.0 min | Train RL Time: 16.1 min | Current Best: 240.55
max steps achieved
Final best reward: 241.68
Final success rate: 0.6614
Final mean rotation angle (rad): 11.7942

OPTUNA_METRICS: reward=241.6801 success_rate=0.6614 mean_rot_angle=11.7942


训练指标:
  Best Reward:         241.6801
  Success Rate:        0.6614
  Mean Rot Angle(rad): 11.7942
  Composite Score:     1487.24
    = 1.0×241.68 + 100.0×0.6614 + 100.0×11.7942

================================================================================
[Optuna Trial 23] 训练完成
================================================================================

                                                                                            [I 2025-11-27 05:11:24,644] Trial 23 finished with value: 1487.2401 and parameters: {'learning_rate': 0.00027099331075380645, 'weight_decay': 3.3322782693602744e-05, 'gamma': 0.99, 'tau': 0.9, 'e_clip': 0.2, 'entropy_coef': 0.0039160288359905895, 'critic_coef': 1.0, 'kl_threshold': 0.06651127649108429, 'mini_epochs': 5, 'minibatch_size': 8192, 'grad_norm': 1.0, 'angvelClipMin': -0.39928031233682987, 'angvelClipMax': 0.8978573004289967, 'angvelPenaltyThresHigh': 0.504641588896625, 'angvelPenaltyThresLow': -0.529325485136474, 'rotate_reward_scale': 1.6230017507722012, 'obj_linvel_penalty_scale': -0.06035043203815842, 'torque_penalty_scale': -0.012394166277530795, 'hand_pose_consistency_penalty_scale': -0.04843118453632991, 'rotate_penalty_scale': -0.016941919005852037, 'pencil_z_dist_penalty_scale': -1.5987043625293997, 'position_penalty_scale': -0.21875401135899103}. Best is trial 22 with value: 2127.2165.
Best trial: 22. Best value: 2127.22:  57%|█████▊    | 23/40 [33:53:02<23:11:33, 4911.41s/it]Best trial: 22. Best value: 2127.22:  57%|█████▊    | 23/40 [33:53:02<23:11:33, 4911.41s/it]Best trial: 22. Best value: 2127.22:  60%|██████    | 24/40 [33:53:02<21:44:23, 4891.46s/it]
================================================================================
[Optuna Trial 24] 开始训练
================================================================================
试验参数:
  learning_rate                  = 0.00037119648978917137
  weight_decay                   = 2.5128481393401972e-05
  gamma                          = 0.99
  tau                            = 0.9
  e_clip                         = 0.2
  entropy_coef                   = 0.005159904491424514
  critic_coef                    = 1.0
  kl_threshold                   = 0.07544830225386692
  mini_epochs                    = 7
  minibatch_size                 = 8192
  grad_norm                      = 1.0
  angvelClipMin                  = -0.3232086863459648
  angvelClipMax                  = 0.854454002855212
  angvelPenaltyThresHigh         = 0.558386809851216
  angvelPenaltyThresLow          = -0.5594484434692013
  rotate_reward_scale            = 1.9361593746535477
  obj_linvel_penalty_scale       = -0.08251537460999804
  torque_penalty_scale           = -0.019849888486207345
  hand_pose_consistency_penalty_scale = -0.054644927145958366
  rotate_penalty_scale           = -0.0020059045091324924
  pencil_z_dist_penalty_scale    = -1.7706294239907967
  position_penalty_scale         = -0.26835488468263397
输出目录: outputs/teacher_reproduce_trial_03/optuna_trial_0024
================================================================================


特权信息 (Privileged Information) 维度配置:
================================================================================
名称                             索引范围            维度       状态
--------------------------------------------------------------------------------
obj_position                   [ 0: 3]         3        [固定]
obj_scale                      [ 3: 4]         1        [固定]
obj_mass                       [ 4: 5]         1        [固定]
obj_friction                   [ 5: 6]         1        [固定]
obj_com                        [ 6: 9]         3        [固定]
--------------------------------------------------------------------------------
obj_orientation                [ 9:13]         4        ✓
obj_angvel                     [13:16]         3        ✓
fingertip_position             [16:31]         15       ✓
obj_restitution                [31:32]         1        ✓
tactile                        [32:47]         15       ✓
--------------------------------------------------------------------------------
总计: 10 项启用, 实际维度 = 47, 缓冲区大小 = 47
================================================================================

RunningMeanStd:  (126,)
RunningMeanStd:  47
RunningMeanStd:  3
RunningMeanStd:  (1,)
-----------------------
episode rewards: 38.00 | episode lengths: 45.50
episode rot angle(rad): 1.69
epsode sparse reward: 0.00
success rate (rot>6): 0.0000 (0/2075)
best success rate: 0.0000
Terminations: Fall=434 | Drop=1050 | Overspeed=591
Agent Steps: 0009M | FPS: 45888.5 | Last FPS: 46379.4 | Collect Time: 2.7 min | Train RL Time: 0.9 min | Current Best: -10000.00
-----------------------
episode rewards: 58.39 | episode lengths: 68.93
episode rot angle(rad): 2.31
epsode sparse reward: 0.00
success rate (rot>6): 0.0000 (0/1401)
best success rate: 0.0000
Terminations: Fall=222 | Drop=833 | Overspeed=346
Agent Steps: 0019M | FPS: 46002.7 | Last FPS: 46248.2 | Collect Time: 5.3 min | Train RL Time: 1.8 min | Current Best: -10000.00
-----------------------
episode rewards: 64.84 | episode lengths: 73.29
episode rot angle(rad): 2.51
epsode sparse reward: 0.00
success rate (rot>6): 0.0000 (0/1316)
best success rate: 0.0000
Terminations: Fall=180 | Drop=812 | Overspeed=324
Agent Steps: 0029M | FPS: 46129.8 | Last FPS: 46798.0 | Collect Time: 8.0 min | Train RL Time: 2.7 min | Current Best: -10000.00
-----------------------
episode rewards: 69.62 | episode lengths: 76.97
episode rot angle(rad): 2.69
epsode sparse reward: 0.00
success rate (rot>6): 0.0000 (0/1228)
best success rate: 0.0000
Terminations: Fall=184 | Drop=772 | Overspeed=272
Agent Steps: 0039M | FPS: 46186.8 | Last FPS: 46514.6 | Collect Time: 10.6 min | Train RL Time: 3.6 min | Current Best: -10000.00
-----------------------
episode rewards: 72.06 | episode lengths: 79.52
episode rot angle(rad): 2.75
epsode sparse reward: 0.00
success rate (rot>6): 0.0000 (0/1244)
best success rate: 0.0000
Terminations: Fall=184 | Drop=791 | Overspeed=269
Agent Steps: 0049M | FPS: 46178.8 | Last FPS: 46679.9 | Collect Time: 13.2 min | Train RL Time: 4.5 min | Current Best: -10000.00
-----------------------
episode rewards: 77.31 | episode lengths: 104.48
episode rot angle(rad): 2.72
epsode sparse reward: 0.00
success rate (rot>6): 0.0000 (0/847)
best success rate: 0.0000
Terminations: Fall=155 | Drop=407 | Overspeed=232
Agent Steps: 0059M | FPS: 46187.0 | Last FPS: 46247.3 | Collect Time: 15.9 min | Train RL Time: 5.4 min | Current Best: 77.12
-----------------------
episode rewards: 107.73 | episode lengths: 165.66
episode rot angle(rad): 2.40
epsode sparse reward: 0.00
success rate (rot>6): 0.0000 (0/594)
best success rate: 0.0000
Terminations: Fall=126 | Drop=92 | Overspeed=200
Agent Steps: 0068M | FPS: 46137.9 | Last FPS: 45355.6 | Collect Time: 18.5 min | Train RL Time: 6.3 min | Current Best: 107.53
-----------------------
episode rewards: 130.94 | episode lengths: 188.61
episode rot angle(rad): 2.27
epsode sparse reward: 0.00
success rate (rot>6): 0.0000 (0/539)
best success rate: 0.0000
Terminations: Fall=90 | Drop=71 | Overspeed=180
Agent Steps: 0078M | FPS: 46084.9 | Last FPS: 45396.2 | Collect Time: 21.2 min | Train RL Time: 7.2 min | Current Best: 130.69
-----------------------
episode rewards: 141.54 | episode lengths: 195.62
episode rot angle(rad): 2.16
epsode sparse reward: 0.00
success rate (rot>6): 0.0000 (0/525)
best success rate: 0.0000
Terminations: Fall=75 | Drop=62 | Overspeed=212
Agent Steps: 0088M | FPS: 46072.6 | Last FPS: 46878.7 | Collect Time: 23.9 min | Train RL Time: 8.1 min | Current Best: 142.37
-----------------------
episode rewards: 143.87 | episode lengths: 192.47
episode rot angle(rad): 2.16
epsode sparse reward: 0.00
success rate (rot>6): 0.0000 (0/532)
best success rate: 0.0038
Terminations: Fall=65 | Drop=61 | Overspeed=229
Agent Steps: 0098M | FPS: 46098.3 | Last FPS: 47038.4 | Collect Time: 26.5 min | Train RL Time: 9.0 min | Current Best: 144.43
-----------------------
episode rewards: 151.13 | episode lengths: 199.34
episode rot angle(rad): 2.28
epsode sparse reward: 0.00
success rate (rot>6): 0.0085 (4/471)
best success rate: 0.0156
Terminations: Fall=85 | Drop=42 | Overspeed=193
Agent Steps: 0108M | FPS: 46091.8 | Last FPS: 45841.9 | Collect Time: 29.2 min | Train RL Time: 9.9 min | Current Best: 152.95
-----------------------
episode rewards: 159.73 | episode lengths: 205.86
episode rot angle(rad): 2.56
epsode sparse reward: 0.00
success rate (rot>6): 0.0404 (20/495)
best success rate: 0.0522
Terminations: Fall=65 | Drop=37 | Overspeed=211
Agent Steps: 0118M | FPS: 46082.7 | Last FPS: 46384.4 | Collect Time: 31.8 min | Train RL Time: 10.8 min | Current Best: 159.65
-----------------------
episode rewards: 167.65 | episode lengths: 211.05
episode rot angle(rad): 3.10
epsode sparse reward: 0.00
success rate (rot>6): 0.0868 (42/484)
best success rate: 0.1109
Terminations: Fall=62 | Drop=30 | Overspeed=208
Agent Steps: 0127M | FPS: 46097.5 | Last FPS: 45841.9 | Collect Time: 34.5 min | Train RL Time: 11.7 min | Current Best: 167.86
-----------------------
episode rewards: 177.58 | episode lengths: 220.26
episode rot angle(rad): 3.54
epsode sparse reward: 0.00
success rate (rot>6): 0.1271 (53/417)
best success rate: 0.1388
Terminations: Fall=59 | Drop=31 | Overspeed=158
Agent Steps: 0137M | FPS: 46122.1 | Last FPS: 45813.3 | Collect Time: 37.1 min | Train RL Time: 12.6 min | Current Best: 177.53
-----------------------
episode rewards: 176.84 | episode lengths: 217.47
episode rot angle(rad): 3.60
epsode sparse reward: 0.00
success rate (rot>6): 0.1155 (50/433)
best success rate: 0.1388
Terminations: Fall=57 | Drop=35 | Overspeed=162
Agent Steps: 0147M | FPS: 46138.3 | Last FPS: 46165.9 | Collect Time: 39.7 min | Train RL Time: 13.5 min | Current Best: 178.71
-----------------------
episode rewards: 184.17 | episode lengths: 224.19
episode rot angle(rad): 3.76
epsode sparse reward: 0.00
success rate (rot>6): 0.1374 (65/473)
best success rate: 0.1574
Terminations: Fall=66 | Drop=30 | Overspeed=187
Agent Steps: 0157M | FPS: 46143.7 | Last FPS: 45800.0 | Collect Time: 42.3 min | Train RL Time: 14.4 min | Current Best: 185.50
-----------------------
episode rewards: 190.54 | episode lengths: 230.34
episode rot angle(rad): 3.91
epsode sparse reward: 0.00
success rate (rot>6): 0.1188 (50/421)
best success rate: 0.1639
Terminations: Fall=58 | Drop=24 | Overspeed=150
Agent Steps: 0167M | FPS: 46141.9 | Last FPS: 45596.4 | Collect Time: 45.0 min | Train RL Time: 15.3 min | Current Best: 190.68
-----------------------
episode rewards: 193.90 | episode lengths: 231.08
episode rot angle(rad): 4.01
epsode sparse reward: 0.00
success rate (rot>6): 0.1443 (59/409)
best success rate: 0.1761
Terminations: Fall=53 | Drop=23 | Overspeed=158
Agent Steps: 0177M | FPS: 46147.5 | Last FPS: 46078.2 | Collect Time: 47.6 min | Train RL Time: 16.2 min | Current Best: 194.13
-----------------------
episode rewards: 197.17 | episode lengths: 233.38
episode rot angle(rad): 4.19
epsode sparse reward: 0.00
success rate (rot>6): 0.1442 (62/430)
best success rate: 0.1761
Terminations: Fall=68 | Drop=36 | Overspeed=143
Agent Steps: 0186M | FPS: 46144.9 | Last FPS: 45625.5 | Collect Time: 50.3 min | Train RL Time: 17.1 min | Current Best: 197.44
-----------------------
episode rewards: 200.80 | episode lengths: 236.85
episode rot angle(rad): 4.33
epsode sparse reward: 0.00
success rate (rot>6): 0.1806 (67/371)
best success rate: 0.2065
Terminations: Fall=52 | Drop=22 | Overspeed=110
Agent Steps: 0196M | FPS: 46140.6 | Last FPS: 46202.7 | Collect Time: 52.9 min | Train RL Time: 18.0 min | Current Best: 201.18
-----------------------
episode rewards: 204.76 | episode lengths: 239.41
episode rot angle(rad): 4.43
epsode sparse reward: 0.00
success rate (rot>6): 0.1875 (69/368)
best success rate: 0.2163
Terminations: Fall=51 | Drop=9 | Overspeed=113
Agent Steps: 0206M | FPS: 46138.0 | Last FPS: 46753.6 | Collect Time: 55.6 min | Train RL Time: 18.8 min | Current Best: 204.66
-----------------------
episode rewards: 209.91 | episode lengths: 243.96
episode rot angle(rad): 4.54
epsode sparse reward: 0.00
success rate (rot>6): 0.1769 (75/424)
best success rate: 0.2222
Terminations: Fall=63 | Drop=17 | Overspeed=151
Agent Steps: 0216M | FPS: 46140.7 | Last FPS: 46856.3 | Collect Time: 58.2 min | Train RL Time: 19.7 min | Current Best: 210.34
-----------------------
episode rewards: 212.51 | episode lengths: 244.90
episode rot angle(rad): 4.64
epsode sparse reward: 0.00
success rate (rot>6): 0.1483 (62/418)
best success rate: 0.2222
Terminations: Fall=64 | Drop=20 | Overspeed=132
Agent Steps: 0226M | FPS: 46149.8 | Last FPS: 46505.0 | Collect Time: 60.8 min | Train RL Time: 20.6 min | Current Best: 212.87
-----------------------
episode rewards: 214.14 | episode lengths: 246.66
episode rot angle(rad): 4.67
epsode sparse reward: 0.00
success rate (rot>6): 0.1769 (72/407)
best success rate: 0.2235
Terminations: Fall=51 | Drop=18 | Overspeed=136
Agent Steps: 0236M | FPS: 46153.2 | Last FPS: 46680.5 | Collect Time: 63.5 min | Train RL Time: 21.5 min | Current Best: 215.01
-----------------------
episode rewards: 217.52 | episode lengths: 249.88
episode rot angle(rad): 4.76
epsode sparse reward: 0.00
success rate (rot>6): 0.2061 (74/359)
best success rate: 0.2342
Terminations: Fall=41 | Drop=8 | Overspeed=127
Agent Steps: 0245M | FPS: 46157.3 | Last FPS: 46287.5 | Collect Time: 66.1 min | Train RL Time: 22.4 min | Current Best: 217.78
max steps achieved
Final best reward: 219.21
Final success rate: 0.2342
Final mean rotation angle (rad): 4.7855

OPTUNA_METRICS: reward=219.2064 success_rate=0.2342 mean_rot_angle=4.7855


训练指标:
  Best Reward:         219.2064
  Success Rate:        0.2342
  Mean Rot Angle(rad): 4.7855
  Composite Score:     721.18
    = 1.0×219.21 + 100.0×0.2342 + 100.0×4.7855

================================================================================
[Optuna Trial 24] 训练完成
================================================================================

                                                                                            [I 2025-11-27 06:41:50,836] Trial 24 finished with value: 721.1764000000001 and parameters: {'learning_rate': 0.00037119648978917137, 'weight_decay': 2.5128481393401972e-05, 'gamma': 0.99, 'tau': 0.9, 'e_clip': 0.2, 'entropy_coef': 0.005159904491424514, 'critic_coef': 1.0, 'kl_threshold': 0.07544830225386692, 'mini_epochs': 7, 'minibatch_size': 8192, 'grad_norm': 1.0, 'angvelClipMin': -0.3232086863459648, 'angvelClipMax': 0.854454002855212, 'angvelPenaltyThresHigh': 0.558386809851216, 'angvelPenaltyThresLow': -0.5594484434692013, 'rotate_reward_scale': 1.9361593746535477, 'obj_linvel_penalty_scale': -0.08251537460999804, 'torque_penalty_scale': -0.019849888486207345, 'hand_pose_consistency_penalty_scale': -0.054644927145958366, 'rotate_penalty_scale': -0.0020059045091324924, 'pencil_z_dist_penalty_scale': -1.7706294239907967, 'position_penalty_scale': -0.26835488468263397}. Best is trial 22 with value: 2127.2165.
Best trial: 22. Best value: 2127.22:  60%|██████    | 24/40 [35:23:28<21:44:23, 4891.46s/it]Best trial: 22. Best value: 2127.22:  60%|██████    | 24/40 [35:23:28<21:44:23, 4891.46s/it]Best trial: 22. Best value: 2127.22:  62%|██████▎   | 25/40 [35:23:28<21:02:58, 5051.90s/it]
================================================================================
[Optuna Trial 25] 开始训练
================================================================================
试验参数:
  learning_rate                  = 0.0005372676696441934
  weight_decay                   = 1.9697924183855544e-05
  gamma                          = 0.99
  tau                            = 0.9
  e_clip                         = 0.2
  entropy_coef                   = 0.00413598337521728
  critic_coef                    = 1.0
  kl_threshold                   = 0.069263121174212
  mini_epochs                    = 8
  minibatch_size                 = 8192
  grad_norm                      = 1.0
  angvelClipMin                  = -0.3493200112907864
  angvelClipMax                  = 0.7803558935612629
  angvelPenaltyThresHigh         = 0.7212957292690539
  angvelPenaltyThresLow          = -0.59022036801381
  rotate_reward_scale            = 2.497794861752639
  obj_linvel_penalty_scale       = -0.07016852340767915
  torque_penalty_scale           = -0.013557718834363918
  hand_pose_consistency_penalty_scale = -0.0541177796682293
  rotate_penalty_scale           = -0.014501899250233489
  pencil_z_dist_penalty_scale    = -1.4879865473009715
  position_penalty_scale         = -0.1834883688562693
输出目录: outputs/teacher_reproduce_trial_03/optuna_trial_0025
================================================================================


特权信息 (Privileged Information) 维度配置:
================================================================================
名称                             索引范围            维度       状态
--------------------------------------------------------------------------------
obj_position                   [ 0: 3]         3        [固定]
obj_scale                      [ 3: 4]         1        [固定]
obj_mass                       [ 4: 5]         1        [固定]
obj_friction                   [ 5: 6]         1        [固定]
obj_com                        [ 6: 9]         3        [固定]
--------------------------------------------------------------------------------
obj_orientation                [ 9:13]         4        ✓
obj_angvel                     [13:16]         3        ✓
fingertip_position             [16:31]         15       ✓
obj_restitution                [31:32]         1        ✓
tactile                        [32:47]         15       ✓
--------------------------------------------------------------------------------
总计: 10 项启用, 实际维度 = 47, 缓冲区大小 = 47
================================================================================

RunningMeanStd:  (126,)
RunningMeanStd:  47
RunningMeanStd:  3
RunningMeanStd:  (1,)
-----------------------
episode rewards: 55.09 | episode lengths: 63.95
episode rot angle(rad): 1.91
epsode sparse reward: 0.00
success rate (rot>6): 0.0000 (0/1447)
best success rate: 0.0000
Terminations: Fall=317 | Drop=878 | Overspeed=250
Agent Steps: 0009M | FPS: 44573.4 | Last FPS: 44426.6 | Collect Time: 2.7 min | Train RL Time: 1.0 min | Current Best: -10000.00
-----------------------
episode rewards: 78.67 | episode lengths: 78.94
episode rot angle(rad): 2.45
epsode sparse reward: 0.00
success rate (rot>6): 0.0000 (0/1120)
best success rate: 0.0000
Terminations: Fall=249 | Drop=682 | Overspeed=188
Agent Steps: 0019M | FPS: 44710.8 | Last FPS: 45056.5 | Collect Time: 5.3 min | Train RL Time: 2.1 min | Current Best: -10000.00
-----------------------
episode rewards: 90.77 | episode lengths: 89.04
episode rot angle(rad): 2.73
epsode sparse reward: 0.00
success rate (rot>6): 0.0000 (0/1107)
best success rate: 0.0000
Terminations: Fall=255 | Drop=674 | Overspeed=176
Agent Steps: 0029M | FPS: 44979.8 | Last FPS: 45699.4 | Collect Time: 7.8 min | Train RL Time: 3.1 min | Current Best: -10000.00
-----------------------
episode rewards: 113.13 | episode lengths: 116.51
episode rot angle(rad): 3.09
epsode sparse reward: 0.00
success rate (rot>6): 0.0115 (9/785)
best success rate: 0.0121
Terminations: Fall=162 | Drop=416 | Overspeed=140
Agent Steps: 0039M | FPS: 45183.4 | Last FPS: 45219.7 | Collect Time: 10.4 min | Train RL Time: 4.1 min | Current Best: -10000.00
-----------------------
episode rewards: 148.72 | episode lengths: 151.28
episode rot angle(rad): 3.64
epsode sparse reward: 0.00
success rate (rot>6): 0.0435 (26/598)
best success rate: 0.0514
Terminations: Fall=142 | Drop=191 | Overspeed=132
Agent Steps: 0049M | FPS: 45327.9 | Last FPS: 45878.0 | Collect Time: 12.9 min | Train RL Time: 5.1 min | Current Best: -10000.00
-----------------------
episode rewards: 177.58 | episode lengths: 178.55
episode rot angle(rad): 4.26
epsode sparse reward: 0.00
success rate (rot>6): 0.1605 (78/486)
best success rate: 0.1748
Terminations: Fall=124 | Drop=103 | Overspeed=119
Agent Steps: 0059M | FPS: 45439.3 | Last FPS: 45755.5 | Collect Time: 15.4 min | Train RL Time: 6.2 min | Current Best: 177.59
-----------------------
episode rewards: 210.60 | episode lengths: 215.83
episode rot angle(rad): 4.74
epsode sparse reward: 0.00
success rate (rot>6): 0.1660 (79/476)
best success rate: 0.2477
Terminations: Fall=115 | Drop=27 | Overspeed=129
Agent Steps: 0068M | FPS: 45473.7 | Last FPS: 46129.6 | Collect Time: 18.0 min | Train RL Time: 7.2 min | Current Best: 210.68
-----------------------
episode rewards: 229.06 | episode lengths: 230.82
episode rot angle(rad): 4.90
epsode sparse reward: 0.00
success rate (rot>6): 0.3019 (112/371)
best success rate: 0.3019
Terminations: Fall=63 | Drop=22 | Overspeed=88
Agent Steps: 0078M | FPS: 45510.1 | Last FPS: 46846.2 | Collect Time: 20.5 min | Train RL Time: 8.2 min | Current Best: 228.77
-----------------------
episode rewards: 246.00 | episode lengths: 238.04
episode rot angle(rad): 5.26
epsode sparse reward: 0.00
success rate (rot>6): 0.3217 (129/401)
best success rate: 0.3217
Terminations: Fall=75 | Drop=21 | Overspeed=108
Agent Steps: 0088M | FPS: 45540.1 | Last FPS: 45859.5 | Collect Time: 23.1 min | Train RL Time: 9.3 min | Current Best: 246.37
-----------------------
episode rewards: 254.42 | episode lengths: 238.37
episode rot angle(rad): 5.68
epsode sparse reward: 0.00
success rate (rot>6): 0.3446 (143/415)
best success rate: 0.3696
Terminations: Fall=63 | Drop=23 | Overspeed=114
Agent Steps: 0098M | FPS: 45574.9 | Last FPS: 45960.3 | Collect Time: 25.6 min | Train RL Time: 10.3 min | Current Best: 254.21
-----------------------
episode rewards: 269.20 | episode lengths: 246.31
episode rot angle(rad): 6.15
epsode sparse reward: 0.00
success rate (rot>6): 0.3833 (156/407)
best success rate: 0.4101
Terminations: Fall=77 | Drop=24 | Overspeed=101
Agent Steps: 0108M | FPS: 45600.5 | Last FPS: 45789.8 | Collect Time: 28.1 min | Train RL Time: 11.3 min | Current Best: 269.31
-----------------------
episode rewards: 272.17 | episode lengths: 246.47
episode rot angle(rad): 6.27
epsode sparse reward: 0.00
success rate (rot>6): 0.4227 (175/414)
best success rate: 0.4365
Terminations: Fall=78 | Drop=20 | Overspeed=87
Agent Steps: 0118M | FPS: 45633.1 | Last FPS: 45732.5 | Collect Time: 30.7 min | Train RL Time: 12.3 min | Current Best: 272.96
-----------------------
episode rewards: 278.29 | episode lengths: 248.93
episode rot angle(rad): 6.40
epsode sparse reward: 0.00
success rate (rot>6): 0.4331 (165/381)
best success rate: 0.4365
Terminations: Fall=64 | Drop=20 | Overspeed=89
Agent Steps: 0127M | FPS: 45653.3 | Last FPS: 46318.7 | Collect Time: 33.2 min | Train RL Time: 13.4 min | Current Best: 278.47
-----------------------
episode rewards: 285.46 | episode lengths: 252.27
episode rot angle(rad): 6.47
epsode sparse reward: 0.00
success rate (rot>6): 0.3938 (139/353)
best success rate: 0.4667
Terminations: Fall=60 | Drop=21 | Overspeed=90
Agent Steps: 0137M | FPS: 45699.3 | Last FPS: 47075.7 | Collect Time: 35.7 min | Train RL Time: 14.4 min | Current Best: 285.45
-----------------------
episode rewards: 293.32 | episode lengths: 254.56
episode rot angle(rad): 6.76
epsode sparse reward: 0.00
success rate (rot>6): 0.4429 (155/350)
best success rate: 0.4667
Terminations: Fall=48 | Drop=10 | Overspeed=95
Agent Steps: 0147M | FPS: 45729.7 | Last FPS: 46735.4 | Collect Time: 38.2 min | Train RL Time: 15.4 min | Current Best: 293.49
-----------------------
episode rewards: 298.90 | episode lengths: 257.62
episode rot angle(rad): 6.95
epsode sparse reward: 0.00
success rate (rot>6): 0.3753 (155/413)
best success rate: 0.4986
Terminations: Fall=60 | Drop=16 | Overspeed=109
Agent Steps: 0157M | FPS: 45748.8 | Last FPS: 46939.0 | Collect Time: 40.7 min | Train RL Time: 16.5 min | Current Best: 300.20
-----------------------
episode rewards: 304.97 | episode lengths: 262.87
episode rot angle(rad): 6.95
epsode sparse reward: 0.00
success rate (rot>6): 0.4116 (170/413)
best success rate: 0.5155
Terminations: Fall=79 | Drop=18 | Overspeed=85
Agent Steps: 0167M | FPS: 45765.9 | Last FPS: 45728.4 | Collect Time: 43.2 min | Train RL Time: 17.5 min | Current Best: 305.36
-----------------------
episode rewards: 309.39 | episode lengths: 263.22
episode rot angle(rad): 7.15
epsode sparse reward: 0.00
success rate (rot>6): 0.4791 (172/359)
best success rate: 0.5155
Terminations: Fall=51 | Drop=13 | Overspeed=87
Agent Steps: 0177M | FPS: 45782.2 | Last FPS: 46841.3 | Collect Time: 45.8 min | Train RL Time: 18.5 min | Current Best: 309.55
-----------------------
episode rewards: 314.39 | episode lengths: 265.83
episode rot angle(rad): 7.26
epsode sparse reward: 0.00
success rate (rot>6): 0.4628 (168/363)
best success rate: 0.5230
Terminations: Fall=59 | Drop=16 | Overspeed=85
Agent Steps: 0186M | FPS: 45800.2 | Last FPS: 46467.7 | Collect Time: 48.3 min | Train RL Time: 19.5 min | Current Best: 314.54
-----------------------
episode rewards: 318.42 | episode lengths: 266.61
episode rot angle(rad): 7.35
epsode sparse reward: 0.00
success rate (rot>6): 0.5215 (182/349)
best success rate: 0.5304
Terminations: Fall=29 | Drop=15 | Overspeed=79
Agent Steps: 0196M | FPS: 45818.9 | Last FPS: 47084.6 | Collect Time: 50.8 min | Train RL Time: 20.6 min | Current Best: 318.36
-----------------------
episode rewards: 323.12 | episode lengths: 267.36
episode rot angle(rad): 7.64
epsode sparse reward: 0.00
success rate (rot>6): 0.5000 (191/382)
best success rate: 0.5405
Terminations: Fall=50 | Drop=13 | Overspeed=77
Agent Steps: 0206M | FPS: 45841.1 | Last FPS: 46777.9 | Collect Time: 53.3 min | Train RL Time: 21.6 min | Current Best: 323.08
-----------------------
episode rewards: 328.12 | episode lengths: 270.61
episode rot angle(rad): 7.86
epsode sparse reward: 0.00
success rate (rot>6): 0.5570 (210/377)
best success rate: 0.6129
Terminations: Fall=42 | Drop=10 | Overspeed=73
Agent Steps: 0216M | FPS: 45856.2 | Last FPS: 46348.0 | Collect Time: 55.8 min | Train RL Time: 22.6 min | Current Best: 328.15
-----------------------
episode rewards: 331.63 | episode lengths: 272.27
episode rot angle(rad): 8.04
epsode sparse reward: 0.00
success rate (rot>6): 0.5497 (199/362)
best success rate: 0.6258
Terminations: Fall=46 | Drop=7 | Overspeed=75
Agent Steps: 0226M | FPS: 45870.0 | Last FPS: 45842.7 | Collect Time: 58.3 min | Train RL Time: 23.7 min | Current Best: 332.65
-----------------------
episode rewards: 333.74 | episode lengths: 272.86
episode rot angle(rad): 8.13
epsode sparse reward: 0.00
success rate (rot>6): 0.5430 (202/372)
best success rate: 0.6258
Terminations: Fall=58 | Drop=4 | Overspeed=80
Agent Steps: 0236M | FPS: 45879.8 | Last FPS: 46884.4 | Collect Time: 60.8 min | Train RL Time: 24.7 min | Current Best: 334.64
-----------------------
episode rewards: 338.43 | episode lengths: 275.53
episode rot angle(rad): 8.32
epsode sparse reward: 0.00
success rate (rot>6): 0.5421 (193/356)
best success rate: 0.6258
Terminations: Fall=48 | Drop=6 | Overspeed=74
Agent Steps: 0245M | FPS: 45891.9 | Last FPS: 45754.2 | Collect Time: 63.3 min | Train RL Time: 25.7 min | Current Best: 338.76
max steps achieved
Final best reward: 339.40
Final success rate: 0.6258
Final mean rotation angle (rad): 8.3377

OPTUNA_METRICS: reward=339.3961 success_rate=0.6258 mean_rot_angle=8.3377


训练指标:
  Best Reward:         339.3961
  Success Rate:        0.6258
  Mean Rot Angle(rad): 8.3377
  Composite Score:     1235.75
    = 1.0×339.40 + 100.0×0.6258 + 100.0×8.3377

================================================================================
[Optuna Trial 25] 训练完成
================================================================================

                                                                                            [I 2025-11-27 08:12:47,278] Trial 25 finished with value: 1235.7460999999998 and parameters: {'learning_rate': 0.0005372676696441934, 'weight_decay': 1.9697924183855544e-05, 'gamma': 0.99, 'tau': 0.9, 'e_clip': 0.2, 'entropy_coef': 0.00413598337521728, 'critic_coef': 1.0, 'kl_threshold': 0.069263121174212, 'mini_epochs': 8, 'minibatch_size': 8192, 'grad_norm': 1.0, 'angvelClipMin': -0.3493200112907864, 'angvelClipMax': 0.7803558935612629, 'angvelPenaltyThresHigh': 0.7212957292690539, 'angvelPenaltyThresLow': -0.59022036801381, 'rotate_reward_scale': 2.497794861752639, 'obj_linvel_penalty_scale': -0.07016852340767915, 'torque_penalty_scale': -0.013557718834363918, 'hand_pose_consistency_penalty_scale': -0.0541177796682293, 'rotate_penalty_scale': -0.014501899250233489, 'pencil_z_dist_penalty_scale': -1.4879865473009715, 'position_penalty_scale': -0.1834883688562693}. Best is trial 22 with value: 2127.2165.
Best trial: 22. Best value: 2127.22:  62%|██████▎   | 25/40 [36:54:25<21:02:58, 5051.90s/it]Best trial: 22. Best value: 2127.22:  62%|██████▎   | 25/40 [36:54:25<21:02:58, 5051.90s/it]Best trial: 22. Best value: 2127.22:  65%|██████▌   | 26/40 [36:54:25<20:07:05, 5173.27s/it]
================================================================================
[Optuna Trial 26] 开始训练
================================================================================
试验参数:
  learning_rate                  = 0.00029767471497501604
  weight_decay                   = 2.7781193398298292e-05
  gamma                          = 0.99
  tau                            = 0.9
  e_clip                         = 0.2
  entropy_coef                   = 0.0032776835332285446
  critic_coef                    = 1.0
  kl_threshold                   = 0.07525887446075527
  mini_epochs                    = 6
  minibatch_size                 = 8192
  grad_norm                      = 1.0
  angvelClipMin                  = -0.3783750648958945
  angvelClipMax                  = 0.728333401564081
  angvelPenaltyThresHigh         = 0.5571047430979033
  angvelPenaltyThresLow          = -0.5286814334388928
  rotate_reward_scale            = 1.382453495269559
  obj_linvel_penalty_scale       = -0.09094812673784675
  torque_penalty_scale           = -0.01742489940549216
  hand_pose_consistency_penalty_scale = -0.046319348700182165
  rotate_penalty_scale           = -0.02428772692511544
  pencil_z_dist_penalty_scale    = -1.8888108344783507
  position_penalty_scale         = -0.24714182007009255
输出目录: outputs/teacher_reproduce_trial_03/optuna_trial_0026
================================================================================


特权信息 (Privileged Information) 维度配置:
================================================================================
名称                             索引范围            维度       状态
--------------------------------------------------------------------------------
obj_position                   [ 0: 3]         3        [固定]
obj_scale                      [ 3: 4]         1        [固定]
obj_mass                       [ 4: 5]         1        [固定]
obj_friction                   [ 5: 6]         1        [固定]
obj_com                        [ 6: 9]         3        [固定]
--------------------------------------------------------------------------------
obj_orientation                [ 9:13]         4        ✓
obj_angvel                     [13:16]         3        ✓
fingertip_position             [16:31]         15       ✓
obj_restitution                [31:32]         1        ✓
tactile                        [32:47]         15       ✓
--------------------------------------------------------------------------------
总计: 10 项启用, 实际维度 = 47, 缓冲区大小 = 47
================================================================================

RunningMeanStd:  (126,)
RunningMeanStd:  47
RunningMeanStd:  3
RunningMeanStd:  (1,)
-----------------------
episode rewards: 19.78 | episode lengths: 43.39
episode rot angle(rad): 1.46
epsode sparse reward: 0.00
success rate (rot>6): 0.0000 (0/2126)
best success rate: 0.0000
Terminations: Fall=382 | Drop=1242 | Overspeed=502
Agent Steps: 0009M | FPS: 48800.4 | Last FPS: 49668.3 | Collect Time: 2.6 min | Train RL Time: 0.8 min | Current Best: -10000.00
-----------------------
episode rewards: 31.31 | episode lengths: 62.17
episode rot angle(rad): 2.27
epsode sparse reward: 0.00
success rate (rot>6): 0.0000 (0/1535)
best success rate: 0.0000
Terminations: Fall=234 | Drop=881 | Overspeed=420
Agent Steps: 0019M | FPS: 48880.6 | Last FPS: 48316.2 | Collect Time: 5.2 min | Train RL Time: 1.5 min | Current Best: -10000.00
-----------------------
episode rewards: 40.32 | episode lengths: 76.19
episode rot angle(rad): 2.94
epsode sparse reward: 0.00
success rate (rot>6): 0.0000 (0/1221)
best success rate: 0.0000
Terminations: Fall=171 | Drop=683 | Overspeed=367
Agent Steps: 0029M | FPS: 48917.6 | Last FPS: 48652.8 | Collect Time: 7.7 min | Train RL Time: 2.3 min | Current Best: -10000.00
-----------------------
episode rewards: 48.21 | episode lengths: 89.28
episode rot angle(rad): 3.41
epsode sparse reward: 0.00
success rate (rot>6): 0.0000 (0/1110)
best success rate: 0.0010
Terminations: Fall=133 | Drop=621 | Overspeed=356
Agent Steps: 0039M | FPS: 48981.0 | Last FPS: 48752.4 | Collect Time: 10.3 min | Train RL Time: 3.1 min | Current Best: -10000.00
-----------------------
episode rewards: 51.88 | episode lengths: 93.92
episode rot angle(rad): 3.59
epsode sparse reward: 0.00
success rate (rot>6): 0.0000 (0/1081)
best success rate: 0.0010
Terminations: Fall=164 | Drop=634 | Overspeed=283
Agent Steps: 0049M | FPS: 48980.3 | Last FPS: 49722.4 | Collect Time: 12.9 min | Train RL Time: 3.9 min | Current Best: -10000.00
-----------------------
episode rewards: 60.91 | episode lengths: 111.29
episode rot angle(rad): 4.34
epsode sparse reward: 0.00
success rate (rot>6): 0.0449 (37/824)
best success rate: 0.0538
Terminations: Fall=136 | Drop=437 | Overspeed=236
Agent Steps: 0059M | FPS: 48985.0 | Last FPS: 49937.5 | Collect Time: 15.4 min | Train RL Time: 4.6 min | Current Best: 60.70
-----------------------
episode rewards: 79.07 | episode lengths: 148.13
episode rot angle(rad): 5.51
epsode sparse reward: 0.00
success rate (rot>6): 0.2808 (162/577)
best success rate: 0.2808
Terminations: Fall=92 | Drop=194 | Overspeed=192
Agent Steps: 0068M | FPS: 48963.8 | Last FPS: 48258.7 | Collect Time: 18.0 min | Train RL Time: 5.4 min | Current Best: 78.60
-----------------------
episode rewards: 106.87 | episode lengths: 191.23
episode rot angle(rad): 7.65
epsode sparse reward: 0.00
success rate (rot>6): 0.3846 (165/429)
best success rate: 0.4572
Terminations: Fall=69 | Drop=62 | Overspeed=182
Agent Steps: 0078M | FPS: 49026.9 | Last FPS: 49504.3 | Collect Time: 20.5 min | Train RL Time: 6.2 min | Current Best: 106.78
-----------------------
episode rewards: 128.87 | episode lengths: 219.41
episode rot angle(rad): 9.22
epsode sparse reward: 0.00
success rate (rot>6): 0.5075 (204/402)
best success rate: 0.5659
Terminations: Fall=58 | Drop=34 | Overspeed=137
Agent Steps: 0088M | FPS: 49090.6 | Last FPS: 49605.1 | Collect Time: 23.1 min | Train RL Time: 6.9 min | Current Best: 128.67
-----------------------
episode rewards: 143.74 | episode lengths: 230.82
episode rot angle(rad): 10.34
epsode sparse reward: 0.00
success rate (rot>6): 0.5182 (228/440)
best success rate: 0.6029
Terminations: Fall=75 | Drop=22 | Overspeed=164
Agent Steps: 0098M | FPS: 49167.6 | Last FPS: 51341.7 | Collect Time: 25.6 min | Train RL Time: 7.7 min | Current Best: 143.86
-----------------------
episode rewards: 150.72 | episode lengths: 235.74
episode rot angle(rad): 11.11
epsode sparse reward: 0.00
success rate (rot>6): 0.5603 (237/423)
best success rate: 0.6401
Terminations: Fall=43 | Drop=21 | Overspeed=160
Agent Steps: 0108M | FPS: 49257.2 | Last FPS: 49763.4 | Collect Time: 28.0 min | Train RL Time: 8.5 min | Current Best: 150.71
-----------------------
episode rewards: 153.76 | episode lengths: 234.93
episode rot angle(rad): 11.55
epsode sparse reward: 0.00
success rate (rot>6): 0.5463 (236/432)
best success rate: 0.6401
Terminations: Fall=64 | Drop=24 | Overspeed=153
Agent Steps: 0118M | FPS: 49344.5 | Last FPS: 49668.9 | Collect Time: 30.5 min | Train RL Time: 9.2 min | Current Best: 153.78
-----------------------
episode rewards: 156.37 | episode lengths: 234.87
episode rot angle(rad): 11.80
epsode sparse reward: 0.00
success rate (rot>6): 0.5605 (241/430)
best success rate: 0.6401
Terminations: Fall=47 | Drop=21 | Overspeed=168
Agent Steps: 0127M | FPS: 49421.2 | Last FPS: 51248.0 | Collect Time: 33.0 min | Train RL Time: 10.0 min | Current Best: 156.67
-----------------------
episode rewards: 161.72 | episode lengths: 240.48
episode rot angle(rad): 12.01
epsode sparse reward: 0.00
success rate (rot>6): 0.5943 (249/419)
best success rate: 0.6448
Terminations: Fall=53 | Drop=9 | Overspeed=157
Agent Steps: 0137M | FPS: 49488.2 | Last FPS: 50319.8 | Collect Time: 35.5 min | Train RL Time: 10.8 min | Current Best: 161.60
-----------------------
episode rewards: 160.66 | episode lengths: 236.83
episode rot angle(rad): 11.87
epsode sparse reward: 0.00
success rate (rot>6): 0.6055 (264/436)
best success rate: 0.6465
Terminations: Fall=41 | Drop=13 | Overspeed=155
Agent Steps: 0147M | FPS: 49555.5 | Last FPS: 49462.7 | Collect Time: 37.9 min | Train RL Time: 11.6 min | Current Best: 162.35
-----------------------
episode rewards: 168.41 | episode lengths: 247.30
episode rot angle(rad): 12.40
epsode sparse reward: 0.00
success rate (rot>6): 0.6486 (264/407)
best success rate: 0.6923
Terminations: Fall=37 | Drop=10 | Overspeed=126
Agent Steps: 0157M | FPS: 49591.4 | Last FPS: 49504.4 | Collect Time: 40.4 min | Train RL Time: 12.3 min | Current Best: 168.08
-----------------------
episode rewards: 171.23 | episode lengths: 247.49
episode rot angle(rad): 12.60
epsode sparse reward: 0.00
success rate (rot>6): 0.5802 (228/393)
best success rate: 0.6923
Terminations: Fall=44 | Drop=17 | Overspeed=136
Agent Steps: 0167M | FPS: 49619.9 | Last FPS: 50318.2 | Collect Time: 42.9 min | Train RL Time: 13.1 min | Current Best: 171.56
-----------------------
episode rewards: 175.17 | episode lengths: 250.78
episode rot angle(rad): 12.87
epsode sparse reward: 0.00
success rate (rot>6): 0.6045 (214/354)
best success rate: 0.6923
Terminations: Fall=32 | Drop=17 | Overspeed=121
Agent Steps: 0177M | FPS: 49648.1 | Last FPS: 50722.3 | Collect Time: 45.4 min | Train RL Time: 13.9 min | Current Best: 175.44
-----------------------
episode rewards: 176.94 | episode lengths: 251.02
episode rot angle(rad): 13.01
epsode sparse reward: 0.00
success rate (rot>6): 0.6230 (228/366)
best success rate: 0.6923
Terminations: Fall=40 | Drop=18 | Overspeed=117
Agent Steps: 0186M | FPS: 49667.9 | Last FPS: 49471.3 | Collect Time: 47.9 min | Train RL Time: 14.6 min | Current Best: 176.98
-----------------------
episode rewards: 177.46 | episode lengths: 251.79
episode rot angle(rad): 12.93
epsode sparse reward: 0.00
success rate (rot>6): 0.5984 (231/386)
best success rate: 0.6923
Terminations: Fall=53 | Drop=19 | Overspeed=113
Agent Steps: 0196M | FPS: 49689.1 | Last FPS: 48430.5 | Collect Time: 50.4 min | Train RL Time: 15.4 min | Current Best: 177.58
-----------------------
episode rewards: 177.16 | episode lengths: 251.95
episode rot angle(rad): 12.80
epsode sparse reward: 0.00
success rate (rot>6): 0.5854 (233/398)
best success rate: 0.6923
Terminations: Fall=59 | Drop=14 | Overspeed=117
Agent Steps: 0206M | FPS: 49715.4 | Last FPS: 50040.6 | Collect Time: 52.9 min | Train RL Time: 16.2 min | Current Best: 177.89
-----------------------
episode rewards: 178.24 | episode lengths: 254.16
episode rot angle(rad): 12.77
epsode sparse reward: 0.00
success rate (rot>6): 0.6128 (258/421)
best success rate: 0.6923
Terminations: Fall=56 | Drop=12 | Overspeed=117
Agent Steps: 0216M | FPS: 49739.3 | Last FPS: 50686.2 | Collect Time: 55.4 min | Train RL Time: 16.9 min | Current Best: 179.52
-----------------------
episode rewards: 178.48 | episode lengths: 254.53
episode rot angle(rad): 12.73
epsode sparse reward: 0.00
success rate (rot>6): 0.6459 (259/401)
best success rate: 0.6923
Terminations: Fall=40 | Drop=13 | Overspeed=112
Agent Steps: 0226M | FPS: 49765.7 | Last FPS: 49456.4 | Collect Time: 57.9 min | Train RL Time: 17.7 min | Current Best: 179.52
-----------------------
episode rewards: 178.39 | episode lengths: 253.40
episode rot angle(rad): 12.78
epsode sparse reward: 0.00
success rate (rot>6): 0.6129 (247/403)
best success rate: 0.6923
Terminations: Fall=42 | Drop=15 | Overspeed=128
Agent Steps: 0236M | FPS: 49785.4 | Last FPS: 50326.2 | Collect Time: 60.3 min | Train RL Time: 18.5 min | Current Best: 179.81
-----------------------
episode rewards: 179.83 | episode lengths: 255.53
episode rot angle(rad): 12.82
epsode sparse reward: 0.00
success rate (rot>6): 0.6247 (253/405)
best success rate: 0.6923
Terminations: Fall=54 | Drop=15 | Overspeed=116
Agent Steps: 0245M | FPS: 49799.9 | Last FPS: 49885.4 | Collect Time: 62.8 min | Train RL Time: 19.3 min | Current Best: 180.46
max steps achieved
Final best reward: 180.46
Final success rate: 0.6923
Final mean rotation angle (rad): 12.7852

OPTUNA_METRICS: reward=180.4577 success_rate=0.6923 mean_rot_angle=12.7852


训练指标:
  Best Reward:         180.4577
  Success Rate:        0.6923
  Mean Rot Angle(rad): 12.7852
  Composite Score:     1528.21
    = 1.0×180.46 + 100.0×0.6923 + 100.0×12.7852

================================================================================
[Optuna Trial 26] 训练完成
================================================================================

                                                                                            [I 2025-11-27 09:36:36,377] Trial 26 finished with value: 1528.2077 and parameters: {'learning_rate': 0.00029767471497501604, 'weight_decay': 2.7781193398298292e-05, 'gamma': 0.99, 'tau': 0.9, 'e_clip': 0.2, 'entropy_coef': 0.0032776835332285446, 'critic_coef': 1.0, 'kl_threshold': 0.07525887446075527, 'mini_epochs': 6, 'minibatch_size': 8192, 'grad_norm': 1.0, 'angvelClipMin': -0.3783750648958945, 'angvelClipMax': 0.728333401564081, 'angvelPenaltyThresHigh': 0.5571047430979033, 'angvelPenaltyThresLow': -0.5286814334388928, 'rotate_reward_scale': 1.382453495269559, 'obj_linvel_penalty_scale': -0.09094812673784675, 'torque_penalty_scale': -0.01742489940549216, 'hand_pose_consistency_penalty_scale': -0.046319348700182165, 'rotate_penalty_scale': -0.02428772692511544, 'pencil_z_dist_penalty_scale': -1.8888108344783507, 'position_penalty_scale': -0.24714182007009255}. Best is trial 22 with value: 2127.2165.
Best trial: 22. Best value: 2127.22:  65%|██████▌   | 26/40 [38:18:14<20:07:05, 5173.27s/it]Best trial: 22. Best value: 2127.22:  65%|██████▌   | 26/40 [38:18:14<20:07:05, 5173.27s/it]Best trial: 22. Best value: 2127.22:  68%|██████▊   | 27/40 [38:18:14<18:31:30, 5130.02s/it]
================================================================================
[Optuna Trial 27] 开始训练
================================================================================
试验参数:
  learning_rate                  = 0.0003894753948873865
  weight_decay                   = 3.506132264037177e-05
  gamma                          = 0.99
  tau                            = 0.9
  e_clip                         = 0.2
  entropy_coef                   = 0.006085187700182281
  critic_coef                    = 1.0
  kl_threshold                   = 0.0653236174789256
  mini_epochs                    = 5
  minibatch_size                 = 8192
  grad_norm                      = 1.0
  angvelClipMin                  = -0.2735705234895129
  angvelClipMax                  = 0.8406624574612603
  angvelPenaltyThresHigh         = 0.6437994867029987
  angvelPenaltyThresLow          = -0.5956873414474199
  rotate_reward_scale            = 1.9086776033350423
  obj_linvel_penalty_scale       = -0.10940399459589054
  torque_penalty_scale           = -0.021405604437440294
  hand_pose_consistency_penalty_scale = -0.041024056180514655
  rotate_penalty_scale           = -0.009478441351342716
  pencil_z_dist_penalty_scale    = -1.6234260412269537
  position_penalty_scale         = -0.2234074032468741
输出目录: outputs/teacher_reproduce_trial_03/optuna_trial_0027
================================================================================


特权信息 (Privileged Information) 维度配置:
================================================================================
名称                             索引范围            维度       状态
--------------------------------------------------------------------------------
obj_position                   [ 0: 3]         3        [固定]
obj_scale                      [ 3: 4]         1        [固定]
obj_mass                       [ 4: 5]         1        [固定]
obj_friction                   [ 5: 6]         1        [固定]
obj_com                        [ 6: 9]         3        [固定]
--------------------------------------------------------------------------------
obj_orientation                [ 9:13]         4        ✓
obj_angvel                     [13:16]         3        ✓
fingertip_position             [16:31]         15       ✓
obj_restitution                [31:32]         1        ✓
tactile                        [32:47]         15       ✓
--------------------------------------------------------------------------------
总计: 10 项启用, 实际维度 = 47, 缓冲区大小 = 47
================================================================================

RunningMeanStd:  (126,)
RunningMeanStd:  47
RunningMeanStd:  3
RunningMeanStd:  (1,)
-----------------------
episode rewards: 37.55 | episode lengths: 65.82
episode rot angle(rad): 1.54
epsode sparse reward: 0.00
success rate (rot>6): 0.0000 (0/1497)
best success rate: 0.0000
Terminations: Fall=271 | Drop=827 | Overspeed=399
Agent Steps: 0009M | FPS: 50130.9 | Last FPS: 50279.5 | Collect Time: 2.6 min | Train RL Time: 0.6 min | Current Best: -10000.00
-----------------------
episode rewards: 70.30 | episode lengths: 135.30
episode rot angle(rad): 2.69
epsode sparse reward: 0.00
success rate (rot>6): 0.0868 (50/576)
best success rate: 0.0868
Terminations: Fall=108 | Drop=105 | Overspeed=192
Agent Steps: 0019M | FPS: 50167.7 | Last FPS: 50374.4 | Collect Time: 5.3 min | Train RL Time: 1.3 min | Current Best: -10000.00
-----------------------
episode rewards: 137.22 | episode lengths: 189.75
episode rot angle(rad): 5.87
epsode sparse reward: 0.00
success rate (rot>6): 0.3930 (191/486)
best success rate: 0.4134
Terminations: Fall=92 | Drop=40 | Overspeed=176
Agent Steps: 0029M | FPS: 50415.5 | Last FPS: 51512.8 | Collect Time: 7.8 min | Train RL Time: 1.9 min | Current Best: -10000.00
-----------------------
episode rewards: 177.99 | episode lengths: 212.32
episode rot angle(rad): 7.84
epsode sparse reward: 0.00
success rate (rot>6): 0.4556 (205/450)
best success rate: 0.4942
Terminations: Fall=77 | Drop=35 | Overspeed=147
Agent Steps: 0039M | FPS: 50615.5 | Last FPS: 51932.0 | Collect Time: 10.4 min | Train RL Time: 2.6 min | Current Best: -10000.00
-----------------------
episode rewards: 200.92 | episode lengths: 225.77
episode rot angle(rad): 8.80
epsode sparse reward: 0.00
success rate (rot>6): 0.5044 (230/456)
best success rate: 0.5556
Terminations: Fall=64 | Drop=32 | Overspeed=162
Agent Steps: 0049M | FPS: 50712.2 | Last FPS: 51309.4 | Collect Time: 12.9 min | Train RL Time: 3.2 min | Current Best: -10000.00
-----------------------
episode rewards: 205.08 | episode lengths: 222.83
episode rot angle(rad): 9.16
epsode sparse reward: 0.00
success rate (rot>6): 0.5077 (231/455)
best success rate: 0.5725
Terminations: Fall=85 | Drop=19 | Overspeed=142
Agent Steps: 0059M | FPS: 50750.8 | Last FPS: 51477.6 | Collect Time: 15.5 min | Train RL Time: 3.9 min | Current Best: 204.85
-----------------------
episode rewards: 206.19 | episode lengths: 220.58
episode rot angle(rad): 9.20
epsode sparse reward: 0.00
success rate (rot>6): 0.4233 (207/489)
best success rate: 0.5725
Terminations: Fall=73 | Drop=51 | Overspeed=182
Agent Steps: 0068M | FPS: 50840.8 | Last FPS: 52007.1 | Collect Time: 18.0 min | Train RL Time: 4.5 min | Current Best: 208.05
-----------------------
episode rewards: 208.70 | episode lengths: 221.65
episode rot angle(rad): 9.38
epsode sparse reward: 0.00
success rate (rot>6): 0.4449 (206/463)
best success rate: 0.5725
Terminations: Fall=75 | Drop=51 | Overspeed=166
Agent Steps: 0078M | FPS: 50936.6 | Last FPS: 52254.4 | Collect Time: 20.6 min | Train RL Time: 5.1 min | Current Best: 209.10
-----------------------
episode rewards: 219.73 | episode lengths: 230.11
episode rot angle(rad): 9.90
epsode sparse reward: 0.00
success rate (rot>6): 0.5277 (219/415)
best success rate: 0.5727
Terminations: Fall=63 | Drop=27 | Overspeed=125
Agent Steps: 0088M | FPS: 51002.1 | Last FPS: 51062.2 | Collect Time: 23.1 min | Train RL Time: 5.8 min | Current Best: 219.64
-----------------------
episode rewards: 222.07 | episode lengths: 229.97
episode rot angle(rad): 9.99
epsode sparse reward: 0.00
success rate (rot>6): 0.4944 (221/447)
best success rate: 0.5738
Terminations: Fall=70 | Drop=30 | Overspeed=150
Agent Steps: 0098M | FPS: 51061.9 | Last FPS: 52101.3 | Collect Time: 25.6 min | Train RL Time: 6.4 min | Current Best: 224.65
-----------------------
episode rewards: 229.05 | episode lengths: 232.16
episode rot angle(rad): 10.33
epsode sparse reward: 0.00
success rate (rot>6): 0.5754 (225/391)
best success rate: 0.6095
Terminations: Fall=45 | Drop=24 | Overspeed=116
Agent Steps: 0108M | FPS: 51100.6 | Last FPS: 51632.2 | Collect Time: 28.1 min | Train RL Time: 7.1 min | Current Best: 228.89
-----------------------
episode rewards: 234.99 | episode lengths: 234.68
episode rot angle(rad): 10.51
epsode sparse reward: 0.00
success rate (rot>6): 0.5772 (243/421)
best success rate: 0.6269
Terminations: Fall=55 | Drop=32 | Overspeed=121
Agent Steps: 0118M | FPS: 51163.6 | Last FPS: 52796.8 | Collect Time: 30.7 min | Train RL Time: 7.7 min | Current Best: 234.99
-----------------------
episode rewards: 239.81 | episode lengths: 236.63
episode rot angle(rad): 10.64
epsode sparse reward: 0.00
success rate (rot>6): 0.5865 (244/416)
best success rate: 0.6269
Terminations: Fall=49 | Drop=24 | Overspeed=119
Agent Steps: 0127M | FPS: 51217.3 | Last FPS: 53450.9 | Collect Time: 33.2 min | Train RL Time: 8.4 min | Current Best: 239.49
-----------------------
episode rewards: 243.87 | episode lengths: 240.30
episode rot angle(rad): 10.62
epsode sparse reward: 0.00
success rate (rot>6): 0.5487 (259/472)
best success rate: 0.6269
Terminations: Fall=75 | Drop=27 | Overspeed=143
Agent Steps: 0137M | FPS: 51308.8 | Last FPS: 52348.5 | Collect Time: 35.6 min | Train RL Time: 9.0 min | Current Best: 244.51
-----------------------
episode rewards: 248.13 | episode lengths: 242.53
episode rot angle(rad): 10.77
epsode sparse reward: 0.00
success rate (rot>6): 0.5787 (250/432)
best success rate: 0.6269
Terminations: Fall=58 | Drop=8 | Overspeed=129
Agent Steps: 0147M | FPS: 51390.0 | Last FPS: 52296.3 | Collect Time: 38.1 min | Train RL Time: 9.7 min | Current Best: 248.79
-----------------------
episode rewards: 252.71 | episode lengths: 245.05
episode rot angle(rad): 11.10
epsode sparse reward: 0.00
success rate (rot>6): 0.5434 (219/403)
best success rate: 0.6273
Terminations: Fall=57 | Drop=15 | Overspeed=130
Agent Steps: 0157M | FPS: 51471.6 | Last FPS: 54023.1 | Collect Time: 40.6 min | Train RL Time: 10.3 min | Current Best: 252.83
-----------------------
episode rewards: 256.16 | episode lengths: 247.11
episode rot angle(rad): 11.29
epsode sparse reward: 0.00
success rate (rot>6): 0.6209 (244/393)
best success rate: 0.6443
Terminations: Fall=53 | Drop=18 | Overspeed=104
Agent Steps: 0167M | FPS: 51540.6 | Last FPS: 53878.7 | Collect Time: 43.0 min | Train RL Time: 10.9 min | Current Best: 255.97
-----------------------
episode rewards: 261.16 | episode lengths: 251.74
episode rot angle(rad): 11.45
epsode sparse reward: 0.00
success rate (rot>6): 0.5778 (208/360)
best success rate: 0.6550
Terminations: Fall=52 | Drop=20 | Overspeed=101
Agent Steps: 0177M | FPS: 51620.0 | Last FPS: 53634.4 | Collect Time: 45.5 min | Train RL Time: 11.6 min | Current Best: 261.65
-----------------------
episode rewards: 258.87 | episode lengths: 251.34
episode rot angle(rad): 11.25
epsode sparse reward: 0.00
success rate (rot>6): 0.5682 (225/396)
best success rate: 0.6550
Terminations: Fall=48 | Drop=25 | Overspeed=119
Agent Steps: 0186M | FPS: 51676.0 | Last FPS: 51534.5 | Collect Time: 47.9 min | Train RL Time: 12.2 min | Current Best: 261.73
-----------------------
episode rewards: 264.78 | episode lengths: 255.23
episode rot angle(rad): 11.52
epsode sparse reward: 0.00
success rate (rot>6): 0.5580 (231/414)
best success rate: 0.6550
Terminations: Fall=63 | Drop=14 | Overspeed=127
Agent Steps: 0196M | FPS: 51743.6 | Last FPS: 53243.2 | Collect Time: 50.3 min | Train RL Time: 12.9 min | Current Best: 265.23
-----------------------
episode rewards: 269.93 | episode lengths: 258.77
episode rot angle(rad): 11.81
epsode sparse reward: 0.00
success rate (rot>6): 0.6280 (233/371)
best success rate: 0.6825
Terminations: Fall=50 | Drop=10 | Overspeed=100
Agent Steps: 0206M | FPS: 51807.0 | Last FPS: 52322.8 | Collect Time: 52.8 min | Train RL Time: 13.5 min | Current Best: 269.89
-----------------------
episode rewards: 273.70 | episode lengths: 259.69
episode rot angle(rad): 12.06
epsode sparse reward: 0.00
success rate (rot>6): 0.6550 (243/371)
best success rate: 0.6872
Terminations: Fall=47 | Drop=11 | Overspeed=94
Agent Steps: 0216M | FPS: 51874.5 | Last FPS: 52077.2 | Collect Time: 55.2 min | Train RL Time: 14.2 min | Current Best: 274.62
-----------------------
episode rewards: 277.00 | episode lengths: 262.15
episode rot angle(rad): 12.22
epsode sparse reward: 0.00
success rate (rot>6): 0.6546 (235/359)
best success rate: 0.7246
Terminations: Fall=40 | Drop=8 | Overspeed=93
Agent Steps: 0226M | FPS: 51941.5 | Last FPS: 54446.4 | Collect Time: 57.6 min | Train RL Time: 14.8 min | Current Best: 277.08
-----------------------
episode rewards: 276.67 | episode lengths: 261.20
episode rot angle(rad): 12.19
epsode sparse reward: 0.00
success rate (rot>6): 0.6081 (225/370)
best success rate: 0.7246
Terminations: Fall=51 | Drop=21 | Overspeed=98
Agent Steps: 0236M | FPS: 51992.5 | Last FPS: 53428.9 | Collect Time: 60.0 min | Train RL Time: 15.4 min | Current Best: 277.37
-----------------------
episode rewards: 279.44 | episode lengths: 263.49
episode rot angle(rad): 12.31
epsode sparse reward: 0.00
success rate (rot>6): 0.6545 (252/385)
best success rate: 0.7246
Terminations: Fall=34 | Drop=18 | Overspeed=109
Agent Steps: 0245M | FPS: 52044.4 | Last FPS: 51997.7 | Collect Time: 62.5 min | Train RL Time: 16.1 min | Current Best: 280.36
max steps achieved
Final best reward: 280.36
Final success rate: 0.7246
Final mean rotation angle (rad): 12.2874

OPTUNA_METRICS: reward=280.3569 success_rate=0.7246 mean_rot_angle=12.2874


训练指标:
  Best Reward:         280.3569
  Success Rate:        0.7246
  Mean Rot Angle(rad): 12.2874
  Composite Score:     1581.56
    = 1.0×280.36 + 100.0×0.7246 + 100.0×12.2874

================================================================================
[Optuna Trial 27] 训练完成
================================================================================

                                                                                            [I 2025-11-27 10:56:47,816] Trial 27 finished with value: 1581.5569 and parameters: {'learning_rate': 0.0003894753948873865, 'weight_decay': 3.506132264037177e-05, 'gamma': 0.99, 'tau': 0.9, 'e_clip': 0.2, 'entropy_coef': 0.006085187700182281, 'critic_coef': 1.0, 'kl_threshold': 0.0653236174789256, 'mini_epochs': 5, 'minibatch_size': 8192, 'grad_norm': 1.0, 'angvelClipMin': -0.2735705234895129, 'angvelClipMax': 0.8406624574612603, 'angvelPenaltyThresHigh': 0.6437994867029987, 'angvelPenaltyThresLow': -0.5956873414474199, 'rotate_reward_scale': 1.9086776033350423, 'obj_linvel_penalty_scale': -0.10940399459589054, 'torque_penalty_scale': -0.021405604437440294, 'hand_pose_consistency_penalty_scale': -0.041024056180514655, 'rotate_penalty_scale': -0.009478441351342716, 'pencil_z_dist_penalty_scale': -1.6234260412269537, 'position_penalty_scale': -0.2234074032468741}. Best is trial 22 with value: 2127.2165.
Best trial: 22. Best value: 2127.22:  68%|██████▊   | 27/40 [39:38:25<18:31:30, 5130.02s/it]Best trial: 22. Best value: 2127.22:  68%|██████▊   | 27/40 [39:38:25<18:31:30, 5130.02s/it]Best trial: 22. Best value: 2127.22:  70%|███████   | 28/40 [39:38:25<16:46:53, 5034.44s/it]
================================================================================
[Optuna Trial 28] 开始训练
================================================================================
试验参数:
  learning_rate                  = 0.0007726785704467984
  weight_decay                   = 1.168463192926491e-05
  gamma                          = 0.99
  tau                            = 0.9
  e_clip                         = 0.2
  entropy_coef                   = 0.004773409992563067
  critic_coef                    = 1.0
  kl_threshold                   = 0.0721461388254116
  mini_epochs                    = 9
  minibatch_size                 = 32768
  grad_norm                      = 1.0
  angvelClipMin                  = -0.33436829217409275
  angvelClipMax                  = 0.8697214445217382
  angvelPenaltyThresHigh         = 0.7820569795188335
  angvelPenaltyThresLow          = -0.5172669863026313
  rotate_reward_scale            = 2.1312325265823677
  obj_linvel_penalty_scale       = -0.0626949623400632
  torque_penalty_scale           = -0.0170322795448825
  hand_pose_consistency_penalty_scale = -0.05611036429193637
  rotate_penalty_scale           = -0.01666155212290459
  pencil_z_dist_penalty_scale    = -1.7196214397093434
  position_penalty_scale         = -0.2735561774823212
输出目录: outputs/teacher_reproduce_trial_03/optuna_trial_0028
================================================================================


特权信息 (Privileged Information) 维度配置:
================================================================================
名称                             索引范围            维度       状态
--------------------------------------------------------------------------------
obj_position                   [ 0: 3]         3        [固定]
obj_scale                      [ 3: 4]         1        [固定]
obj_mass                       [ 4: 5]         1        [固定]
obj_friction                   [ 5: 6]         1        [固定]
obj_com                        [ 6: 9]         3        [固定]
--------------------------------------------------------------------------------
obj_orientation                [ 9:13]         4        ✓
obj_angvel                     [13:16]         3        ✓
fingertip_position             [16:31]         15       ✓
obj_restitution                [31:32]         1        ✓
tactile                        [32:47]         15       ✓
--------------------------------------------------------------------------------
总计: 10 项启用, 实际维度 = 47, 缓冲区大小 = 47
================================================================================

RunningMeanStd:  (126,)
RunningMeanStd:  47
RunningMeanStd:  3
RunningMeanStd:  (1,)
-----------------------
episode rewards: 43.76 | episode lengths: 55.04
episode rot angle(rad): 1.65
epsode sparse reward: 0.00
success rate (rot>6): 0.0000 (0/1608)
best success rate: 0.0000
Terminations: Fall=304 | Drop=1069 | Overspeed=235
Agent Steps: 0009M | FPS: 45248.0 | Last FPS: 45798.5 | Collect Time: 2.6 min | Train RL Time: 1.0 min | Current Best: -10000.00
-----------------------
episode rewards: 67.57 | episode lengths: 71.82
episode rot angle(rad): 2.42
epsode sparse reward: 0.00
success rate (rot>6): 0.0000 (0/1279)
best success rate: 0.0000
Terminations: Fall=195 | Drop=898 | Overspeed=186
Agent Steps: 0019M | FPS: 45340.3 | Last FPS: 45516.9 | Collect Time: 5.2 min | Train RL Time: 2.0 min | Current Best: -10000.00
-----------------------
episode rewards: 84.97 | episode lengths: 85.12
episode rot angle(rad): 3.07
epsode sparse reward: 0.00
success rate (rot>6): 0.0000 (0/1103)
best success rate: 0.0000
Terminations: Fall=182 | Drop=727 | Overspeed=194
Agent Steps: 0029M | FPS: 45526.4 | Last FPS: 46250.3 | Collect Time: 7.8 min | Train RL Time: 3.0 min | Current Best: -10000.00
-----------------------
episode rewards: 103.63 | episode lengths: 102.80
episode rot angle(rad): 3.71
epsode sparse reward: 0.00
success rate (rot>6): 0.0447 (38/851)
best success rate: 0.0489
Terminations: Fall=166 | Drop=550 | Overspeed=116
Agent Steps: 0039M | FPS: 45615.2 | Last FPS: 46766.2 | Collect Time: 10.4 min | Train RL Time: 4.0 min | Current Best: -10000.00
-----------------------
episode rewards: 171.48 | episode lengths: 188.08
episode rot angle(rad): 6.20
epsode sparse reward: 0.00
success rate (rot>6): 0.4098 (168/410)
best success rate: 0.4252
Terminations: Fall=96 | Drop=60 | Overspeed=85
Agent Steps: 0049M | FPS: 45716.4 | Last FPS: 44951.6 | Collect Time: 12.9 min | Train RL Time: 5.0 min | Current Best: -10000.00
-----------------------
episode rewards: 243.77 | episode lengths: 235.74
episode rot angle(rad): 9.09
epsode sparse reward: 0.00
success rate (rot>6): 0.5672 (211/372)
best success rate: 0.6134
Terminations: Fall=72 | Drop=34 | Overspeed=75
Agent Steps: 0059M | FPS: 45857.4 | Last FPS: 47208.0 | Collect Time: 15.4 min | Train RL Time: 6.0 min | Current Best: 243.30
-----------------------
episode rewards: 276.16 | episode lengths: 250.30
episode rot angle(rad): 10.39
epsode sparse reward: 0.00
success rate (rot>6): 0.5757 (213/370)
best success rate: 0.6517
Terminations: Fall=76 | Drop=33 | Overspeed=65
Agent Steps: 0068M | FPS: 46033.4 | Last FPS: 46915.2 | Collect Time: 17.9 min | Train RL Time: 7.0 min | Current Best: 276.22
-----------------------
episode rewards: 281.74 | episode lengths: 249.01
episode rot angle(rad): 10.72
epsode sparse reward: 0.00
success rate (rot>6): 0.5857 (229/391)
best success rate: 0.6517
Terminations: Fall=73 | Drop=29 | Overspeed=86
Agent Steps: 0078M | FPS: 46186.0 | Last FPS: 48851.1 | Collect Time: 20.3 min | Train RL Time: 8.0 min | Current Best: 281.76
-----------------------
episode rewards: 280.40 | episode lengths: 244.70
episode rot angle(rad): 11.02
epsode sparse reward: 0.00
success rate (rot>6): 0.5614 (233/415)
best success rate: 0.6517
Terminations: Fall=75 | Drop=33 | Overspeed=101
Agent Steps: 0088M | FPS: 46321.3 | Last FPS: 47545.5 | Collect Time: 22.8 min | Train RL Time: 9.1 min | Current Best: 283.99
-----------------------
episode rewards: 288.13 | episode lengths: 248.74
episode rot angle(rad): 11.54
epsode sparse reward: 0.00
success rate (rot>6): 0.6097 (239/392)
best success rate: 0.6684
Terminations: Fall=78 | Drop=28 | Overspeed=73
Agent Steps: 0098M | FPS: 46423.0 | Last FPS: 47594.8 | Collect Time: 25.2 min | Train RL Time: 10.1 min | Current Best: 288.95
-----------------------
episode rewards: 292.67 | episode lengths: 252.53
episode rot angle(rad): 11.69
epsode sparse reward: 0.00
success rate (rot>6): 0.6400 (240/375)
best success rate: 0.6684
Terminations: Fall=68 | Drop=26 | Overspeed=70
Agent Steps: 0108M | FPS: 46489.4 | Last FPS: 46731.5 | Collect Time: 27.7 min | Train RL Time: 11.1 min | Current Best: 292.41
-----------------------
episode rewards: 295.69 | episode lengths: 251.11
episode rot angle(rad): 11.91
epsode sparse reward: 0.00
success rate (rot>6): 0.6104 (246/403)
best success rate: 0.6684
Terminations: Fall=72 | Drop=26 | Overspeed=89
Agent Steps: 0118M | FPS: 46535.5 | Last FPS: 46629.5 | Collect Time: 30.1 min | Train RL Time: 12.1 min | Current Best: 296.01
-----------------------
episode rewards: 307.61 | episode lengths: 257.85
episode rot angle(rad): 12.40
epsode sparse reward: 0.00
success rate (rot>6): 0.6230 (238/382)
best success rate: 0.6746
Terminations: Fall=83 | Drop=21 | Overspeed=72
Agent Steps: 0127M | FPS: 46566.0 | Last FPS: 46789.0 | Collect Time: 32.6 min | Train RL Time: 13.1 min | Current Best: 307.93
-----------------------
episode rewards: 311.82 | episode lengths: 260.40
episode rot angle(rad): 12.60
epsode sparse reward: 0.00
success rate (rot>6): 0.6260 (226/361)
best success rate: 0.6960
Terminations: Fall=60 | Drop=20 | Overspeed=80
Agent Steps: 0137M | FPS: 46609.0 | Last FPS: 47661.5 | Collect Time: 35.1 min | Train RL Time: 14.1 min | Current Best: 311.84
-----------------------
episode rewards: 312.75 | episode lengths: 260.12
episode rot angle(rad): 12.81
epsode sparse reward: 0.00
success rate (rot>6): 0.6122 (221/361)
best success rate: 0.6960
Terminations: Fall=51 | Drop=17 | Overspeed=95
Agent Steps: 0147M | FPS: 46649.3 | Last FPS: 46888.4 | Collect Time: 37.5 min | Train RL Time: 15.1 min | Current Best: 314.26
-----------------------
episode rewards: 315.29 | episode lengths: 261.30
episode rot angle(rad): 13.03
epsode sparse reward: 0.00
success rate (rot>6): 0.6285 (225/358)
best success rate: 0.7265
Terminations: Fall=59 | Drop=23 | Overspeed=78
Agent Steps: 0157M | FPS: 46704.5 | Last FPS: 48128.9 | Collect Time: 40.0 min | Train RL Time: 16.1 min | Current Best: 315.69
-----------------------
episode rewards: 317.59 | episode lengths: 261.35
episode rot angle(rad): 13.22
epsode sparse reward: 0.00
success rate (rot>6): 0.6000 (198/330)
best success rate: 0.7265
Terminations: Fall=52 | Drop=24 | Overspeed=82
Agent Steps: 0167M | FPS: 46737.6 | Last FPS: 47668.5 | Collect Time: 42.4 min | Train RL Time: 17.1 min | Current Best: 318.48
-----------------------
episode rewards: 318.93 | episode lengths: 260.44
episode rot angle(rad): 13.35
epsode sparse reward: 0.00
success rate (rot>6): 0.6188 (211/341)
best success rate: 0.7265
Terminations: Fall=67 | Drop=21 | Overspeed=72
Agent Steps: 0177M | FPS: 46775.0 | Last FPS: 48052.6 | Collect Time: 44.9 min | Train RL Time: 18.1 min | Current Best: 319.47
-----------------------
episode rewards: 324.45 | episode lengths: 263.03
episode rot angle(rad): 13.58
epsode sparse reward: 0.00
success rate (rot>6): 0.6455 (224/347)
best success rate: 0.7265
Terminations: Fall=57 | Drop=22 | Overspeed=64
Agent Steps: 0186M | FPS: 46799.5 | Last FPS: 46682.4 | Collect Time: 47.3 min | Train RL Time: 19.1 min | Current Best: 325.25
-----------------------
episode rewards: 334.15 | episode lengths: 269.30
episode rot angle(rad): 14.02
epsode sparse reward: 0.00
success rate (rot>6): 0.6380 (215/337)
best success rate: 0.7265
Terminations: Fall=46 | Drop=20 | Overspeed=74
Agent Steps: 0196M | FPS: 46826.2 | Last FPS: 46976.8 | Collect Time: 49.8 min | Train RL Time: 20.1 min | Current Best: 335.36
-----------------------
episode rewards: 338.94 | episode lengths: 272.44
episode rot angle(rad): 14.12
epsode sparse reward: 0.00
success rate (rot>6): 0.6574 (236/359)
best success rate: 0.7295
Terminations: Fall=59 | Drop=9 | Overspeed=74
Agent Steps: 0206M | FPS: 46850.5 | Last FPS: 47609.3 | Collect Time: 52.2 min | Train RL Time: 21.1 min | Current Best: 339.93
-----------------------
episode rewards: 344.16 | episode lengths: 273.18
episode rot angle(rad): 14.39
epsode sparse reward: 0.00
success rate (rot>6): 0.6676 (235/352)
best success rate: 0.7295
Terminations: Fall=65 | Drop=15 | Overspeed=69
Agent Steps: 0216M | FPS: 46882.6 | Last FPS: 47854.5 | Collect Time: 54.7 min | Train RL Time: 22.1 min | Current Best: 344.36
-----------------------
episode rewards: 351.63 | episode lengths: 277.72
episode rot angle(rad): 14.66
epsode sparse reward: 0.00
success rate (rot>6): 0.6875 (242/352)
best success rate: 0.7377
Terminations: Fall=45 | Drop=18 | Overspeed=68
Agent Steps: 0226M | FPS: 46940.0 | Last FPS: 48746.5 | Collect Time: 57.0 min | Train RL Time: 23.1 min | Current Best: 351.63
-----------------------
episode rewards: 350.66 | episode lengths: 276.38
episode rot angle(rad): 14.61
epsode sparse reward: 0.00
success rate (rot>6): 0.6738 (221/328)
best success rate: 0.7377
Terminations: Fall=56 | Drop=14 | Overspeed=53
Agent Steps: 0236M | FPS: 46998.6 | Last FPS: 48313.2 | Collect Time: 59.4 min | Train RL Time: 24.1 min | Current Best: 352.94
-----------------------
episode rewards: 350.99 | episode lengths: 277.03
episode rot angle(rad): 14.57
epsode sparse reward: 0.00
success rate (rot>6): 0.6580 (229/348)
best success rate: 0.7377
Terminations: Fall=53 | Drop=16 | Overspeed=64
Agent Steps: 0245M | FPS: 47052.5 | Last FPS: 48942.5 | Collect Time: 61.8 min | Train RL Time: 25.1 min | Current Best: 352.96
max steps achieved
Final best reward: 353.99
Final success rate: 0.7492
Final mean rotation angle (rad): 14.6726

OPTUNA_METRICS: reward=353.9936 success_rate=0.7492 mean_rot_angle=14.6726


训练指标:
  Best Reward:         353.9936
  Success Rate:        0.7492
  Mean Rot Angle(rad): 14.6726
  Composite Score:     1896.17
    = 1.0×353.99 + 100.0×0.7492 + 100.0×14.6726

================================================================================
[Optuna Trial 28] 训练完成
================================================================================

                                                                                            [I 2025-11-27 12:25:28,254] Trial 28 finished with value: 1896.1736 and parameters: {'learning_rate': 0.0007726785704467984, 'weight_decay': 1.168463192926491e-05, 'gamma': 0.99, 'tau': 0.9, 'e_clip': 0.2, 'entropy_coef': 0.004773409992563067, 'critic_coef': 1.0, 'kl_threshold': 0.0721461388254116, 'mini_epochs': 9, 'minibatch_size': 32768, 'grad_norm': 1.0, 'angvelClipMin': -0.33436829217409275, 'angvelClipMax': 0.8697214445217382, 'angvelPenaltyThresHigh': 0.7820569795188335, 'angvelPenaltyThresLow': -0.5172669863026313, 'rotate_reward_scale': 2.1312325265823677, 'obj_linvel_penalty_scale': -0.0626949623400632, 'torque_penalty_scale': -0.0170322795448825, 'hand_pose_consistency_penalty_scale': -0.05611036429193637, 'rotate_penalty_scale': -0.01666155212290459, 'pencil_z_dist_penalty_scale': -1.7196214397093434, 'position_penalty_scale': -0.2735561774823212}. Best is trial 22 with value: 2127.2165.
Best trial: 22. Best value: 2127.22:  70%|███████   | 28/40 [41:07:06<16:46:53, 5034.44s/it]Best trial: 22. Best value: 2127.22:  70%|███████   | 28/40 [41:07:06<16:46:53, 5034.44s/it]Best trial: 22. Best value: 2127.22:  72%|███████▎  | 29/40 [41:07:06<15:38:42, 5120.24s/it]
================================================================================
[Optuna Trial 29] 开始训练
================================================================================
试验参数:
  learning_rate                  = 0.0005492869792212327
  weight_decay                   = 4.394349042880424e-05
  gamma                          = 0.985
  tau                            = 0.9
  e_clip                         = 0.2
  entropy_coef                   = 0.00785791802044291
  critic_coef                    = 1.0
  kl_threshold                   = 0.06181539472220755
  mini_epochs                    = 7
  minibatch_size                 = 8192
  grad_norm                      = 2.0
  angvelClipMin                  = -0.28973202168050805
  angvelClipMax                  = 0.787244279262077
  angvelPenaltyThresHigh         = 0.8680762132393631
  angvelPenaltyThresLow          = -0.746954093226848
  rotate_reward_scale            = 1.7000029618852488
  obj_linvel_penalty_scale       = -0.12013421261115362
  torque_penalty_scale           = -0.01370528553225089
  hand_pose_consistency_penalty_scale = -0.05166278127609159
  rotate_penalty_scale           = -0.021385969115351545
  pencil_z_dist_penalty_scale    = -1.9045469224087677
  position_penalty_scale         = -0.19584581481703403
输出目录: outputs/teacher_reproduce_trial_03/optuna_trial_0029
================================================================================


特权信息 (Privileged Information) 维度配置:
================================================================================
名称                             索引范围            维度       状态
--------------------------------------------------------------------------------
obj_position                   [ 0: 3]         3        [固定]
obj_scale                      [ 3: 4]         1        [固定]
obj_mass                       [ 4: 5]         1        [固定]
obj_friction                   [ 5: 6]         1        [固定]
obj_com                        [ 6: 9]         3        [固定]
--------------------------------------------------------------------------------
obj_orientation                [ 9:13]         4        ✓
obj_angvel                     [13:16]         3        ✓
fingertip_position             [16:31]         15       ✓
obj_restitution                [31:32]         1        ✓
tactile                        [32:47]         15       ✓
--------------------------------------------------------------------------------
总计: 10 项启用, 实际维度 = 47, 缓冲区大小 = 47
================================================================================

RunningMeanStd:  (126,)
RunningMeanStd:  47
RunningMeanStd:  3
RunningMeanStd:  (1,)
-----------------------
episode rewards: 32.27 | episode lengths: 47.88
episode rot angle(rad): 1.97
epsode sparse reward: 0.00
success rate (rot>6): 0.0000 (0/1855)
best success rate: 0.0000
Terminations: Fall=465 | Drop=1182 | Overspeed=208
Agent Steps: 0009M | FPS: 46111.6 | Last FPS: 46818.3 | Collect Time: 2.7 min | Train RL Time: 0.9 min | Current Best: -10000.00
-----------------------
episode rewards: 46.76 | episode lengths: 67.07
episode rot angle(rad): 2.58
epsode sparse reward: 0.00
success rate (rot>6): 0.0000 (0/1432)
best success rate: 0.0000
Terminations: Fall=336 | Drop=959 | Overspeed=136
Agent Steps: 0019M | FPS: 46340.2 | Last FPS: 47439.9 | Collect Time: 5.3 min | Train RL Time: 1.8 min | Current Best: -10000.00
-----------------------
episode rewards: 54.41 | episode lengths: 77.55
episode rot angle(rad): 3.01
epsode sparse reward: 0.00
success rate (rot>6): 0.0000 (0/1139)
best success rate: 0.0000
Terminations: Fall=229 | Drop=769 | Overspeed=141
Agent Steps: 0029M | FPS: 46542.2 | Last FPS: 46313.2 | Collect Time: 7.9 min | Train RL Time: 2.7 min | Current Best: -10000.00
-----------------------
episode rewards: 60.19 | episode lengths: 86.36
episode rot angle(rad): 3.29
epsode sparse reward: 0.00
success rate (rot>6): 0.0000 (0/1135)
best success rate: 0.0009
Terminations: Fall=299 | Drop=704 | Overspeed=132
Agent Steps: 0039M | FPS: 46585.5 | Last FPS: 47427.5 | Collect Time: 10.5 min | Train RL Time: 3.6 min | Current Best: -10000.00
-----------------------
episode rewards: 62.33 | episode lengths: 85.23
episode rot angle(rad): 3.36
epsode sparse reward: 0.00
success rate (rot>6): 0.0000 (0/1116)
best success rate: 0.0009
Terminations: Fall=284 | Drop=678 | Overspeed=154
Agent Steps: 0049M | FPS: 46618.1 | Last FPS: 47459.8 | Collect Time: 13.1 min | Train RL Time: 4.5 min | Current Best: -10000.00
-----------------------
episode rewards: 71.78 | episode lengths: 101.48
episode rot angle(rad): 3.78
epsode sparse reward: 0.00
success rate (rot>6): 0.0085 (8/945)
best success rate: 0.0103
Terminations: Fall=216 | Drop=605 | Overspeed=119
Agent Steps: 0059M | FPS: 46569.3 | Last FPS: 46200.0 | Collect Time: 15.7 min | Train RL Time: 5.4 min | Current Best: 71.55
-----------------------
episode rewards: 81.30 | episode lengths: 114.43
episode rot angle(rad): 4.30
epsode sparse reward: 0.00
success rate (rot>6): 0.0297 (26/876)
best success rate: 0.0372
Terminations: Fall=227 | Drop=495 | Overspeed=137
Agent Steps: 0068M | FPS: 46530.9 | Last FPS: 46495.9 | Collect Time: 18.3 min | Train RL Time: 6.3 min | Current Best: 81.25
-----------------------
episode rewards: 94.65 | episode lengths: 139.19
episode rot angle(rad): 4.89
epsode sparse reward: 0.00
success rate (rot>6): 0.0963 (49/509)
best success rate: 0.1053
Terminations: Fall=154 | Drop=192 | Overspeed=93
Agent Steps: 0078M | FPS: 46533.3 | Last FPS: 46847.7 | Collect Time: 20.9 min | Train RL Time: 7.2 min | Current Best: 94.30
-----------------------
episode rewards: 129.06 | episode lengths: 202.51
episode rot angle(rad): 5.74
epsode sparse reward: 0.00
success rate (rot>6): 0.1317 (66/501)
best success rate: 0.1781
Terminations: Fall=135 | Drop=89 | Overspeed=109
Agent Steps: 0088M | FPS: 46519.6 | Last FPS: 46921.6 | Collect Time: 23.6 min | Train RL Time: 8.1 min | Current Best: 128.99
-----------------------
episode rewards: 145.15 | episode lengths: 219.70
episode rot angle(rad): 6.06
epsode sparse reward: 0.00
success rate (rot>6): 0.1593 (68/427)
best success rate: 0.2081
Terminations: Fall=88 | Drop=54 | Overspeed=104
Agent Steps: 0098M | FPS: 46501.7 | Last FPS: 46509.4 | Collect Time: 26.2 min | Train RL Time: 9.0 min | Current Best: 144.99
-----------------------
episode rewards: 152.04 | episode lengths: 221.17
episode rot angle(rad): 6.10
epsode sparse reward: 0.00
success rate (rot>6): 0.1508 (68/451)
best success rate: 0.2081
Terminations: Fall=114 | Drop=49 | Overspeed=96
Agent Steps: 0108M | FPS: 46487.7 | Last FPS: 47224.8 | Collect Time: 28.8 min | Train RL Time: 9.9 min | Current Best: 151.98
-----------------------
episode rewards: 157.29 | episode lengths: 225.95
episode rot angle(rad): 6.19
epsode sparse reward: 0.00
success rate (rot>6): 0.1547 (67/433)
best success rate: 0.2132
Terminations: Fall=102 | Drop=47 | Overspeed=91
Agent Steps: 0118M | FPS: 46478.3 | Last FPS: 46742.4 | Collect Time: 31.5 min | Train RL Time: 10.8 min | Current Best: 158.19
-----------------------
episode rewards: 166.50 | episode lengths: 236.07
episode rot angle(rad): 6.47
epsode sparse reward: 0.00
success rate (rot>6): 0.2217 (94/424)
best success rate: 0.2268
Terminations: Fall=75 | Drop=59 | Overspeed=73
Agent Steps: 0127M | FPS: 46462.5 | Last FPS: 46696.2 | Collect Time: 34.1 min | Train RL Time: 11.7 min | Current Best: 166.13
-----------------------
episode rewards: 168.61 | episode lengths: 234.73
episode rot angle(rad): 6.59
epsode sparse reward: 0.00
success rate (rot>6): 0.2039 (95/466)
best success rate: 0.2285
Terminations: Fall=97 | Drop=56 | Overspeed=89
Agent Steps: 0137M | FPS: 46450.5 | Last FPS: 47112.6 | Collect Time: 36.7 min | Train RL Time: 12.6 min | Current Best: 170.05
-----------------------
episode rewards: 172.41 | episode lengths: 236.29
episode rot angle(rad): 6.76
epsode sparse reward: 0.00
success rate (rot>6): 0.2048 (86/420)
best success rate: 0.2440
Terminations: Fall=86 | Drop=65 | Overspeed=71
Agent Steps: 0147M | FPS: 46442.7 | Last FPS: 45951.2 | Collect Time: 39.4 min | Train RL Time: 13.5 min | Current Best: 172.60
-----------------------
episode rewards: 172.76 | episode lengths: 235.32
episode rot angle(rad): 6.78
epsode sparse reward: 0.00
success rate (rot>6): 0.1905 (84/441)
best success rate: 0.2440
Terminations: Fall=95 | Drop=71 | Overspeed=64
Agent Steps: 0157M | FPS: 46416.4 | Last FPS: 45056.0 | Collect Time: 42.0 min | Train RL Time: 14.4 min | Current Best: 173.20
-----------------------
episode rewards: 174.34 | episode lengths: 234.17
episode rot angle(rad): 7.01
epsode sparse reward: 0.00
success rate (rot>6): 0.1945 (92/473)
best success rate: 0.2440
Terminations: Fall=97 | Drop=87 | Overspeed=88
Agent Steps: 0167M | FPS: 46405.1 | Last FPS: 45848.9 | Collect Time: 44.6 min | Train RL Time: 15.3 min | Current Best: 174.40
-----------------------
episode rewards: 172.23 | episode lengths: 230.27
episode rot angle(rad): 7.10
epsode sparse reward: 0.00
success rate (rot>6): 0.2304 (91/395)
best success rate: 0.2473
Terminations: Fall=100 | Drop=36 | Overspeed=66
Agent Steps: 0177M | FPS: 46398.5 | Last FPS: 46178.6 | Collect Time: 47.3 min | Train RL Time: 16.2 min | Current Best: 174.40
-----------------------
episode rewards: 175.09 | episode lengths: 234.80
episode rot angle(rad): 7.19
epsode sparse reward: 0.00
success rate (rot>6): 0.2164 (87/402)
best success rate: 0.2473
Terminations: Fall=85 | Drop=50 | Overspeed=55
Agent Steps: 0186M | FPS: 46387.8 | Last FPS: 45233.4 | Collect Time: 49.9 min | Train RL Time: 17.1 min | Current Best: 174.87
-----------------------
episode rewards: 181.95 | episode lengths: 243.66
episode rot angle(rad): 7.33
epsode sparse reward: 0.00
success rate (rot>6): 0.2094 (76/363)
best success rate: 0.2554
Terminations: Fall=66 | Drop=48 | Overspeed=51
Agent Steps: 0196M | FPS: 46380.4 | Last FPS: 47165.5 | Collect Time: 52.6 min | Train RL Time: 17.9 min | Current Best: 181.99
-----------------------
episode rewards: 187.24 | episode lengths: 251.39
episode rot angle(rad): 7.54
epsode sparse reward: 0.00
success rate (rot>6): 0.2897 (113/390)
best success rate: 0.3032
Terminations: Fall=84 | Drop=46 | Overspeed=56
Agent Steps: 0206M | FPS: 46373.2 | Last FPS: 45339.2 | Collect Time: 55.2 min | Train RL Time: 18.8 min | Current Best: 187.19
-----------------------
episode rewards: 191.54 | episode lengths: 257.40
episode rot angle(rad): 7.68
epsode sparse reward: 0.00
success rate (rot>6): 0.2698 (99/367)
best success rate: 0.3066
Terminations: Fall=72 | Drop=50 | Overspeed=51
Agent Steps: 0216M | FPS: 46367.9 | Last FPS: 45463.2 | Collect Time: 57.8 min | Train RL Time: 19.7 min | Current Best: 191.42
-----------------------
episode rewards: 193.18 | episode lengths: 258.96
episode rot angle(rad): 7.75
epsode sparse reward: 0.00
success rate (rot>6): 0.2465 (88/357)
best success rate: 0.3096
Terminations: Fall=64 | Drop=37 | Overspeed=62
Agent Steps: 0226M | FPS: 46371.6 | Last FPS: 46317.9 | Collect Time: 60.5 min | Train RL Time: 20.6 min | Current Best: 193.44
-----------------------
episode rewards: 194.93 | episode lengths: 261.31
episode rot angle(rad): 7.82
epsode sparse reward: 0.00
success rate (rot>6): 0.2473 (92/372)
best success rate: 0.3096
Terminations: Fall=69 | Drop=29 | Overspeed=57
Agent Steps: 0236M | FPS: 46368.1 | Last FPS: 45513.5 | Collect Time: 63.1 min | Train RL Time: 21.5 min | Current Best: 195.09
-----------------------
episode rewards: 196.61 | episode lengths: 263.84
episode rot angle(rad): 7.90
epsode sparse reward: 0.00
success rate (rot>6): 0.2745 (98/357)
best success rate: 0.3154
Terminations: Fall=60 | Drop=32 | Overspeed=57
Agent Steps: 0245M | FPS: 46368.3 | Last FPS: 45986.2 | Collect Time: 65.7 min | Train RL Time: 22.4 min | Current Best: 196.95
max steps achieved
Final best reward: 197.10
Final success rate: 0.3154
Final mean rotation angle (rad): 7.8601

OPTUNA_METRICS: reward=197.1009 success_rate=0.3154 mean_rot_angle=7.8601


训练指标:
  Best Reward:         197.1009
  Success Rate:        0.3154
  Mean Rot Angle(rad): 7.8601
  Composite Score:     1014.65
    = 1.0×197.10 + 100.0×0.3154 + 100.0×7.8601

================================================================================
[Optuna Trial 29] 训练完成
================================================================================

                                                                                            [I 2025-11-27 13:55:29,501] Trial 29 finished with value: 1014.6509 and parameters: {'learning_rate': 0.0005492869792212327, 'weight_decay': 4.394349042880424e-05, 'gamma': 0.985, 'tau': 0.9, 'e_clip': 0.2, 'entropy_coef': 0.00785791802044291, 'critic_coef': 1.0, 'kl_threshold': 0.06181539472220755, 'mini_epochs': 7, 'minibatch_size': 8192, 'grad_norm': 2.0, 'angvelClipMin': -0.28973202168050805, 'angvelClipMax': 0.787244279262077, 'angvelPenaltyThresHigh': 0.8680762132393631, 'angvelPenaltyThresLow': -0.746954093226848, 'rotate_reward_scale': 1.7000029618852488, 'obj_linvel_penalty_scale': -0.12013421261115362, 'torque_penalty_scale': -0.01370528553225089, 'hand_pose_consistency_penalty_scale': -0.05166278127609159, 'rotate_penalty_scale': -0.021385969115351545, 'pencil_z_dist_penalty_scale': -1.9045469224087677, 'position_penalty_scale': -0.19584581481703403}. Best is trial 22 with value: 2127.2165.
Best trial: 22. Best value: 2127.22:  72%|███████▎  | 29/40 [42:37:07<15:38:42, 5120.24s/it]Best trial: 22. Best value: 2127.22:  72%|███████▎  | 29/40 [42:37:07<15:38:42, 5120.24s/it]Best trial: 22. Best value: 2127.22:  75%|███████▌  | 30/40 [42:37:07<14:27:25, 5204.55s/it]
================================================================================
[Optuna Trial 30] 开始训练
================================================================================
试验参数:
  learning_rate                  = 0.0002641261541960606
  weight_decay                   = 2.015804991265142e-05
  gamma                          = 0.99
  tau                            = 0.85
  e_clip                         = 0.3
  entropy_coef                   = 0.002936632056062525
  critic_coef                    = 1.0
  kl_threshold                   = 0.07789939726301337
  mini_epochs                    = 6
  minibatch_size                 = 8192
  grad_norm                      = 1.0
  angvelClipMin                  = -0.3085439192631396
  angvelClipMax                  = 0.6718992955790234
  angvelPenaltyThresHigh         = 0.9380125258102066
  angvelPenaltyThresLow          = -0.6588749759029012
  rotate_reward_scale            = 1.8499144762168784
  obj_linvel_penalty_scale       = -0.07850323381195626
  torque_penalty_scale           = -0.026307842540250405
  hand_pose_consistency_penalty_scale = -0.04740214567274622
  rotate_penalty_scale           = -0.004579865299829613
  pencil_z_dist_penalty_scale    = -1.549439929603244
  position_penalty_scale         = -0.15673811927277298
输出目录: outputs/teacher_reproduce_trial_03/optuna_trial_0030
================================================================================


特权信息 (Privileged Information) 维度配置:
================================================================================
名称                             索引范围            维度       状态
--------------------------------------------------------------------------------
obj_position                   [ 0: 3]         3        [固定]
obj_scale                      [ 3: 4]         1        [固定]
obj_mass                       [ 4: 5]         1        [固定]
obj_friction                   [ 5: 6]         1        [固定]
obj_com                        [ 6: 9]         3        [固定]
--------------------------------------------------------------------------------
obj_orientation                [ 9:13]         4        ✓
obj_angvel                     [13:16]         3        ✓
fingertip_position             [16:31]         15       ✓
obj_restitution                [31:32]         1        ✓
tactile                        [32:47]         15       ✓
--------------------------------------------------------------------------------
总计: 10 项启用, 实际维度 = 47, 缓冲区大小 = 47
================================================================================

RunningMeanStd:  (126,)
RunningMeanStd:  47
RunningMeanStd:  3
RunningMeanStd:  (1,)
-----------------------
episode rewards: 31.10 | episode lengths: 47.57
episode rot angle(rad): 1.63
epsode sparse reward: 0.00
success rate (rot>6): 0.0000 (0/1966)
best success rate: 0.0000
Terminations: Fall=432 | Drop=1378 | Overspeed=155
Agent Steps: 0009M | FPS: 48649.9 | Last FPS: 47940.5 | Collect Time: 2.6 min | Train RL Time: 0.8 min | Current Best: -10000.00
-----------------------
episode rewards: 47.57 | episode lengths: 67.81
episode rot angle(rad): 2.32
epsode sparse reward: 0.00
success rate (rot>6): 0.0000 (0/1346)
best success rate: 0.0000
Terminations: Fall=343 | Drop=892 | Overspeed=110
Agent Steps: 0019M | FPS: 48825.5 | Last FPS: 49077.9 | Collect Time: 5.2 min | Train RL Time: 1.5 min | Current Best: -10000.00
-----------------------
episode rewards: 57.40 | episode lengths: 77.23
episode rot angle(rad): 2.64
epsode sparse reward: 0.00
success rate (rot>6): 0.0000 (0/1250)
best success rate: 0.0000
Terminations: Fall=299 | Drop=842 | Overspeed=109
Agent Steps: 0029M | FPS: 48987.4 | Last FPS: 49780.4 | Collect Time: 7.7 min | Train RL Time: 2.3 min | Current Best: -10000.00
-----------------------
episode rewards: 62.22 | episode lengths: 81.97
episode rot angle(rad): 2.88
epsode sparse reward: 0.00
success rate (rot>6): 0.0000 (0/1187)
best success rate: 0.0000
Terminations: Fall=268 | Drop=827 | Overspeed=92
Agent Steps: 0039M | FPS: 49024.4 | Last FPS: 49165.3 | Collect Time: 10.3 min | Train RL Time: 3.1 min | Current Best: -10000.00
-----------------------
episode rewards: 68.46 | episode lengths: 89.96
episode rot angle(rad): 3.04
epsode sparse reward: 0.00
success rate (rot>6): 0.0000 (0/1014)
best success rate: 0.0000
Terminations: Fall=263 | Drop=666 | Overspeed=85
Agent Steps: 0049M | FPS: 49151.1 | Last FPS: 50926.6 | Collect Time: 12.8 min | Train RL Time: 3.9 min | Current Best: -10000.00
-----------------------
episode rewards: 70.51 | episode lengths: 89.90
episode rot angle(rad): 3.11
epsode sparse reward: 0.00
success rate (rot>6): 0.0000 (0/988)
best success rate: 0.0009
Terminations: Fall=225 | Drop=687 | Overspeed=75
Agent Steps: 0059M | FPS: 49203.1 | Last FPS: 49083.6 | Collect Time: 15.3 min | Train RL Time: 4.6 min | Current Best: 70.50
-----------------------
episode rewards: 74.82 | episode lengths: 96.28
episode rot angle(rad): 3.22
epsode sparse reward: 0.00
success rate (rot>6): 0.0000 (0/1036)
best success rate: 0.0020
Terminations: Fall=237 | Drop=727 | Overspeed=72
Agent Steps: 0068M | FPS: 49271.7 | Last FPS: 49520.0 | Collect Time: 17.8 min | Train RL Time: 5.4 min | Current Best: 75.41
-----------------------
episode rewards: 76.30 | episode lengths: 95.94
episode rot angle(rad): 3.33
epsode sparse reward: 0.00
success rate (rot>6): 0.0010 (1/979)
best success rate: 0.0030
Terminations: Fall=222 | Drop=686 | Overspeed=71
Agent Steps: 0078M | FPS: 49235.3 | Last FPS: 50167.9 | Collect Time: 20.4 min | Train RL Time: 6.2 min | Current Best: 76.88
-----------------------
episode rewards: 76.38 | episode lengths: 95.34
episode rot angle(rad): 3.35
epsode sparse reward: 0.00
success rate (rot>6): 0.0000 (0/1054)
best success rate: 0.0030
Terminations: Fall=238 | Drop=718 | Overspeed=98
Agent Steps: 0088M | FPS: 49290.4 | Last FPS: 50211.5 | Collect Time: 22.9 min | Train RL Time: 7.0 min | Current Best: 76.98
-----------------------
episode rewards: 79.53 | episode lengths: 98.21
episode rot angle(rad): 3.50
epsode sparse reward: 0.00
success rate (rot>6): 0.0000 (0/999)
best success rate: 0.0030
Terminations: Fall=216 | Drop=688 | Overspeed=95
Agent Steps: 0098M | FPS: 49289.2 | Last FPS: 50423.7 | Collect Time: 25.4 min | Train RL Time: 7.8 min | Current Best: 79.46
-----------------------
episode rewards: 84.39 | episode lengths: 105.95
episode rot angle(rad): 3.64
epsode sparse reward: 0.00
success rate (rot>6): 0.0000 (0/913)
best success rate: 0.0031
Terminations: Fall=203 | Drop=650 | Overspeed=60
Agent Steps: 0108M | FPS: 49373.6 | Last FPS: 48325.7 | Collect Time: 27.9 min | Train RL Time: 8.5 min | Current Best: 84.30
-----------------------
episode rewards: 90.14 | episode lengths: 112.82
episode rot angle(rad): 3.94
epsode sparse reward: 0.00
success rate (rot>6): 0.0048 (4/840)
best success rate: 0.0061
Terminations: Fall=187 | Drop=580 | Overspeed=73
Agent Steps: 0118M | FPS: 49339.4 | Last FPS: 49883.7 | Collect Time: 30.5 min | Train RL Time: 9.3 min | Current Best: 90.05
-----------------------
episode rewards: 92.43 | episode lengths: 116.00
episode rot angle(rad): 4.07
epsode sparse reward: 0.00
success rate (rot>6): 0.0086 (7/818)
best success rate: 0.0108
Terminations: Fall=189 | Drop=558 | Overspeed=69
Agent Steps: 0127M | FPS: 49359.3 | Last FPS: 51113.6 | Collect Time: 33.0 min | Train RL Time: 10.1 min | Current Best: 92.41
-----------------------
episode rewards: 96.31 | episode lengths: 118.50
episode rot angle(rad): 4.26
epsode sparse reward: 0.00
success rate (rot>6): 0.0236 (19/805)
best success rate: 0.0264
Terminations: Fall=192 | Drop=521 | Overspeed=82
Agent Steps: 0137M | FPS: 49459.7 | Last FPS: 50789.2 | Collect Time: 35.4 min | Train RL Time: 10.9 min | Current Best: 96.35
-----------------------
episode rewards: 101.21 | episode lengths: 126.55
episode rot angle(rad): 4.50
epsode sparse reward: 0.00
success rate (rot>6): 0.0385 (29/754)
best success rate: 0.0564
Terminations: Fall=158 | Drop=519 | Overspeed=61
Agent Steps: 0147M | FPS: 49538.0 | Last FPS: 50442.3 | Collect Time: 37.9 min | Train RL Time: 11.6 min | Current Best: 101.28
-----------------------
episode rewards: 105.68 | episode lengths: 132.27
episode rot angle(rad): 4.81
epsode sparse reward: 0.00
success rate (rot>6): 0.0935 (68/727)
best success rate: 0.0935
Terminations: Fall=151 | Drop=469 | Overspeed=58
Agent Steps: 0157M | FPS: 49588.2 | Last FPS: 50426.2 | Collect Time: 40.4 min | Train RL Time: 12.4 min | Current Best: 105.44
-----------------------
episode rewards: 108.97 | episode lengths: 137.74
episode rot angle(rad): 5.00
epsode sparse reward: 0.00
success rate (rot>6): 0.0712 (51/716)
best success rate: 0.0935
Terminations: Fall=182 | Drop=430 | Overspeed=76
Agent Steps: 0167M | FPS: 49620.6 | Last FPS: 48520.2 | Collect Time: 42.9 min | Train RL Time: 13.2 min | Current Best: 109.25
-----------------------
episode rewards: 113.45 | episode lengths: 144.13
episode rot angle(rad): 5.27
epsode sparse reward: 0.00
success rate (rot>6): 0.0974 (70/719)
best success rate: 0.1265
Terminations: Fall=205 | Drop=388 | Overspeed=87
Agent Steps: 0177M | FPS: 49645.0 | Last FPS: 49860.8 | Collect Time: 45.3 min | Train RL Time: 13.9 min | Current Best: 113.38
-----------------------
episode rewards: 116.94 | episode lengths: 148.95
episode rot angle(rad): 5.48
epsode sparse reward: 0.00
success rate (rot>6): 0.1172 (75/640)
best success rate: 0.1511
Terminations: Fall=157 | Drop=363 | Overspeed=71
Agent Steps: 0186M | FPS: 49667.2 | Last FPS: 49207.2 | Collect Time: 47.8 min | Train RL Time: 14.7 min | Current Best: 117.18
-----------------------
episode rewards: 121.80 | episode lengths: 154.97
episode rot angle(rad): 5.71
epsode sparse reward: 0.00
success rate (rot>6): 0.1214 (80/659)
best success rate: 0.1749
Terminations: Fall=185 | Drop=352 | Overspeed=80
Agent Steps: 0196M | FPS: 49704.2 | Last FPS: 50103.2 | Collect Time: 50.3 min | Train RL Time: 15.5 min | Current Best: 122.11
-----------------------
episode rewards: 122.99 | episode lengths: 155.72
episode rot angle(rad): 5.84
epsode sparse reward: 0.00
success rate (rot>6): 0.1687 (97/575)
best success rate: 0.2093
Terminations: Fall=175 | Drop=285 | Overspeed=64
Agent Steps: 0206M | FPS: 49734.6 | Last FPS: 51574.3 | Collect Time: 52.8 min | Train RL Time: 16.2 min | Current Best: 124.43
-----------------------
episode rewards: 126.86 | episode lengths: 160.55
episode rot angle(rad): 6.02
epsode sparse reward: 0.00
success rate (rot>6): 0.1812 (108/596)
best success rate: 0.2093
Terminations: Fall=151 | Drop=298 | Overspeed=82
Agent Steps: 0216M | FPS: 49770.2 | Last FPS: 49627.4 | Collect Time: 55.3 min | Train RL Time: 17.0 min | Current Best: 127.31
-----------------------
episode rewards: 128.04 | episode lengths: 162.62
episode rot angle(rad): 6.12
epsode sparse reward: 0.00
success rate (rot>6): 0.1592 (96/603)
best success rate: 0.2204
Terminations: Fall=171 | Drop=297 | Overspeed=75
Agent Steps: 0226M | FPS: 49804.3 | Last FPS: 50506.9 | Collect Time: 57.7 min | Train RL Time: 17.8 min | Current Best: 128.49
-----------------------
episode rewards: 127.32 | episode lengths: 163.56
episode rot angle(rad): 6.12
epsode sparse reward: 0.00
success rate (rot>6): 0.1707 (106/621)
best success rate: 0.2204
Terminations: Fall=185 | Drop=312 | Overspeed=70
Agent Steps: 0236M | FPS: 49836.9 | Last FPS: 51238.4 | Collect Time: 60.2 min | Train RL Time: 18.5 min | Current Best: 129.45
-----------------------
episode rewards: 126.26 | episode lengths: 162.99
episode rot angle(rad): 6.09
epsode sparse reward: 0.00
success rate (rot>6): 0.1582 (97/613)
best success rate: 0.2204
Terminations: Fall=144 | Drop=339 | Overspeed=82
Agent Steps: 0245M | FPS: 49861.3 | Last FPS: 50336.7 | Collect Time: 62.7 min | Train RL Time: 19.3 min | Current Best: 129.45
max steps achieved
Final best reward: 129.45
Final success rate: 0.2204
Final mean rotation angle (rad): 6.0632

OPTUNA_METRICS: reward=129.4523 success_rate=0.2204 mean_rot_angle=6.0632


训练指标:
  Best Reward:         129.4523
  Success Rate:        0.2204
  Mean Rot Angle(rad): 6.0632
  Composite Score:     757.81
    = 1.0×129.45 + 100.0×0.2204 + 100.0×6.0632

================================================================================
[Optuna Trial 30] 训练完成
================================================================================

                                                                                            [I 2025-11-27 15:19:12,342] Trial 30 finished with value: 757.8123 and parameters: {'learning_rate': 0.0002641261541960606, 'weight_decay': 2.015804991265142e-05, 'gamma': 0.99, 'tau': 0.85, 'e_clip': 0.3, 'entropy_coef': 0.002936632056062525, 'critic_coef': 1.0, 'kl_threshold': 0.07789939726301337, 'mini_epochs': 6, 'minibatch_size': 8192, 'grad_norm': 1.0, 'angvelClipMin': -0.3085439192631396, 'angvelClipMax': 0.6718992955790234, 'angvelPenaltyThresHigh': 0.9380125258102066, 'angvelPenaltyThresLow': -0.6588749759029012, 'rotate_reward_scale': 1.8499144762168784, 'obj_linvel_penalty_scale': -0.07850323381195626, 'torque_penalty_scale': -0.026307842540250405, 'hand_pose_consistency_penalty_scale': -0.04740214567274622, 'rotate_penalty_scale': -0.004579865299829613, 'pencil_z_dist_penalty_scale': -1.549439929603244, 'position_penalty_scale': -0.15673811927277298}. Best is trial 22 with value: 2127.2165.
Best trial: 22. Best value: 2127.22:  75%|███████▌  | 30/40 [44:00:50<14:27:25, 5204.55s/it]Best trial: 22. Best value: 2127.22:  75%|███████▌  | 30/40 [44:00:50<14:27:25, 5204.55s/it]Best trial: 22. Best value: 2127.22:  78%|███████▊  | 31/40 [44:00:50<12:52:30, 5150.03s/it]
================================================================================
[Optuna Trial 31] 开始训练
================================================================================
试验参数:
  learning_rate                  = 0.0008119992327498062
  weight_decay                   = 1.166734464783078e-05
  gamma                          = 0.99
  tau                            = 0.9
  e_clip                         = 0.2
  entropy_coef                   = 0.004841106998005078
  critic_coef                    = 1.0
  kl_threshold                   = 0.07234030738648545
  mini_epochs                    = 9
  minibatch_size                 = 32768
  grad_norm                      = 1.0
  angvelClipMin                  = -0.33998725632183047
  angvelClipMax                  = 0.8705117762031814
  angvelPenaltyThresHigh         = 0.8152917881984265
  angvelPenaltyThresLow          = -0.5182009833839466
  rotate_reward_scale            = 2.138121623701705
  obj_linvel_penalty_scale       = -0.05972896429818943
  torque_penalty_scale           = -0.01593811097868162
  hand_pose_consistency_penalty_scale = -0.056691174875164216
  rotate_penalty_scale           = -0.014233239594316091
  pencil_z_dist_penalty_scale    = -1.689101728054405
  position_penalty_scale         = -0.2822301294790327
输出目录: outputs/teacher_reproduce_trial_03/optuna_trial_0031
================================================================================


特权信息 (Privileged Information) 维度配置:
================================================================================
名称                             索引范围            维度       状态
--------------------------------------------------------------------------------
obj_position                   [ 0: 3]         3        [固定]
obj_scale                      [ 3: 4]         1        [固定]
obj_mass                       [ 4: 5]         1        [固定]
obj_friction                   [ 5: 6]         1        [固定]
obj_com                        [ 6: 9]         3        [固定]
--------------------------------------------------------------------------------
obj_orientation                [ 9:13]         4        ✓
obj_angvel                     [13:16]         3        ✓
fingertip_position             [16:31]         15       ✓
obj_restitution                [31:32]         1        ✓
tactile                        [32:47]         15       ✓
--------------------------------------------------------------------------------
总计: 10 项启用, 实际维度 = 47, 缓冲区大小 = 47
================================================================================

RunningMeanStd:  (126,)
RunningMeanStd:  47
RunningMeanStd:  3
RunningMeanStd:  (1,)
-----------------------
episode rewards: 47.48 | episode lengths: 52.13
episode rot angle(rad): 1.89
epsode sparse reward: 0.00
success rate (rot>6): 0.0000 (0/1833)
best success rate: 0.0000
Terminations: Fall=408 | Drop=1216 | Overspeed=209
Agent Steps: 0009M | FPS: 45078.6 | Last FPS: 44602.9 | Collect Time: 2.6 min | Train RL Time: 1.0 min | Current Best: -10000.00
-----------------------
episode rewards: 70.74 | episode lengths: 76.81
episode rot angle(rad): 2.46
epsode sparse reward: 0.00
success rate (rot>6): 0.0000 (0/1355)
best success rate: 0.0000
Terminations: Fall=245 | Drop=937 | Overspeed=173
Agent Steps: 0019M | FPS: 45136.4 | Last FPS: 46739.8 | Collect Time: 5.2 min | Train RL Time: 2.0 min | Current Best: -10000.00
-----------------------
episode rewards: 81.15 | episode lengths: 88.24
episode rot angle(rad): 2.73
epsode sparse reward: 0.00
success rate (rot>6): 0.0000 (0/1106)
best success rate: 0.0000
Terminations: Fall=215 | Drop=768 | Overspeed=122
Agent Steps: 0029M | FPS: 45521.0 | Last FPS: 45385.7 | Collect Time: 7.8 min | Train RL Time: 3.0 min | Current Best: -10000.00
-----------------------
episode rewards: 91.27 | episode lengths: 108.11
episode rot angle(rad): 2.81
epsode sparse reward: 0.00
success rate (rot>6): 0.0000 (0/776)
best success rate: 0.0000
Terminations: Fall=177 | Drop=486 | Overspeed=79
Agent Steps: 0039M | FPS: 45407.7 | Last FPS: 37508.1 | Collect Time: 10.4 min | Train RL Time: 4.1 min | Current Best: -10000.00
-----------------------
episode rewards: 148.34 | episode lengths: 186.86
episode rot angle(rad): 2.06
epsode sparse reward: 0.00
success rate (rot>6): 0.0000 (0/423)
best success rate: 0.0000
Terminations: Fall=84 | Drop=92 | Overspeed=48
Agent Steps: 0049M | FPS: 45451.8 | Last FPS: 44703.2 | Collect Time: 12.9 min | Train RL Time: 5.1 min | Current Best: -10000.00
-----------------------
episode rewards: 190.09 | episode lengths: 224.39
episode rot angle(rad): 1.74
epsode sparse reward: 0.00
success rate (rot>6): 0.0000 (0/408)
best success rate: 0.0000
Terminations: Fall=63 | Drop=83 | Overspeed=57
Agent Steps: 0059M | FPS: 45433.2 | Last FPS: 35471.0 | Collect Time: 15.5 min | Train RL Time: 6.2 min | Current Best: 189.93
-----------------------
episode rewards: 196.26 | episode lengths: 225.82
episode rot angle(rad): 1.73
epsode sparse reward: 0.00
success rate (rot>6): 0.0000 (0/419)
best success rate: 0.0000
Terminations: Fall=75 | Drop=103 | Overspeed=51
Agent Steps: 0068M | FPS: 43994.9 | Last FPS: 38181.8 | Collect Time: 18.7 min | Train RL Time: 7.3 min | Current Best: 196.65
-----------------------
episode rewards: 200.89 | episode lengths: 229.63
episode rot angle(rad): 1.62
epsode sparse reward: 0.00
success rate (rot>6): 0.0000 (0/430)
best success rate: 0.0000
Terminations: Fall=85 | Drop=79 | Overspeed=66
Agent Steps: 0078M | FPS: 43018.0 | Last FPS: 37238.3 | Collect Time: 21.9 min | Train RL Time: 8.5 min | Current Best: 201.13
-----------------------
episode rewards: 208.73 | episode lengths: 236.27
episode rot angle(rad): 1.53
epsode sparse reward: 0.00
success rate (rot>6): 0.0000 (0/408)
best success rate: 0.0000
Terminations: Fall=72 | Drop=64 | Overspeed=50
Agent Steps: 0088M | FPS: 42272.8 | Last FPS: 35084.3 | Collect Time: 25.1 min | Train RL Time: 9.7 min | Current Best: 208.55
-----------------------
episode rewards: 218.16 | episode lengths: 245.13
episode rot angle(rad): 1.49
epsode sparse reward: 0.00
success rate (rot>6): 0.0000 (0/405)
best success rate: 0.0051
Terminations: Fall=68 | Drop=47 | Overspeed=51
Agent Steps: 0098M | FPS: 41726.9 | Last FPS: 38287.1 | Collect Time: 28.3 min | Train RL Time: 10.9 min | Current Best: 217.87
-----------------------
episode rewards: 225.65 | episode lengths: 251.78
episode rot angle(rad): 1.52
epsode sparse reward: 0.00
success rate (rot>6): 0.0000 (0/398)
best success rate: 0.0051
Terminations: Fall=63 | Drop=43 | Overspeed=52
Agent Steps: 0108M | FPS: 41308.4 | Last FPS: 38703.6 | Collect Time: 31.5 min | Train RL Time: 12.1 min | Current Best: 225.65
-----------------------
episode rewards: 231.26 | episode lengths: 256.56
episode rot angle(rad): 1.57
epsode sparse reward: 0.00
success rate (rot>6): 0.0000 (0/387)
best success rate: 0.0077
Terminations: Fall=64 | Drop=43 | Overspeed=51
Agent Steps: 0118M | FPS: 40970.8 | Last FPS: 36218.7 | Collect Time: 34.7 min | Train RL Time: 13.2 min | Current Best: 231.19
-----------------------
episode rewards: 232.15 | episode lengths: 257.31
episode rot angle(rad): 1.57
epsode sparse reward: 0.00
success rate (rot>6): 0.0000 (0/356)
best success rate: 0.0081
Terminations: Fall=62 | Drop=39 | Overspeed=39
Agent Steps: 0127M | FPS: 40683.9 | Last FPS: 38852.6 | Collect Time: 37.9 min | Train RL Time: 14.4 min | Current Best: 232.20
-----------------------
episode rewards: 233.85 | episode lengths: 257.98
episode rot angle(rad): 1.58
epsode sparse reward: 0.00
success rate (rot>6): 0.0026 (1/390)
best success rate: 0.0084
Terminations: Fall=85 | Drop=43 | Overspeed=55
Agent Steps: 0137M | FPS: 40351.9 | Last FPS: 38010.8 | Collect Time: 41.2 min | Train RL Time: 15.6 min | Current Best: 234.77
-----------------------
episode rewards: 235.95 | episode lengths: 260.05
episode rot angle(rad): 1.52
epsode sparse reward: 0.00
success rate (rot>6): 0.0027 (1/364)
best success rate: 0.0105
Terminations: Fall=60 | Drop=42 | Overspeed=49
Agent Steps: 0147M | FPS: 40157.1 | Last FPS: 38437.8 | Collect Time: 44.3 min | Train RL Time: 16.8 min | Current Best: 236.36
-----------------------
episode rewards: 235.92 | episode lengths: 260.46
episode rot angle(rad): 1.48
epsode sparse reward: 0.00
success rate (rot>6): 0.0026 (1/382)
best success rate: 0.0105
Terminations: Fall=62 | Drop=42 | Overspeed=59
Agent Steps: 0157M | FPS: 39972.0 | Last FPS: 36968.2 | Collect Time: 47.5 min | Train RL Time: 18.0 min | Current Best: 237.71
-----------------------
episode rewards: 230.84 | episode lengths: 256.13
episode rot angle(rad): 1.35
epsode sparse reward: 0.00
success rate (rot>6): 0.0000 (0/373)
best success rate: 0.0105
Terminations: Fall=51 | Drop=50 | Overspeed=46
Agent Steps: 0167M | FPS: 39773.6 | Last FPS: 35733.1 | Collect Time: 50.7 min | Train RL Time: 19.2 min | Current Best: 237.71
-----------------------
episode rewards: 234.64 | episode lengths: 259.92
episode rot angle(rad): 1.35
epsode sparse reward: 0.00
success rate (rot>6): 0.0000 (0/394)
best success rate: 0.0105
Terminations: Fall=61 | Drop=55 | Overspeed=45
Agent Steps: 0177M | FPS: 40105.6 | Last FPS: 47934.3 | Collect Time: 53.2 min | Train RL Time: 20.2 min | Current Best: 237.71
-----------------------
episode rewards: 237.93 | episode lengths: 261.86
episode rot angle(rad): 1.30
epsode sparse reward: 0.00
success rate (rot>6): 0.0000 (0/369)
best success rate: 0.0105
Terminations: Fall=54 | Drop=37 | Overspeed=45
Agent Steps: 0186M | FPS: 40421.0 | Last FPS: 46610.3 | Collect Time: 55.7 min | Train RL Time: 21.2 min | Current Best: 238.20
-----------------------
episode rewards: 241.15 | episode lengths: 264.08
episode rot angle(rad): 1.33
epsode sparse reward: 0.00
success rate (rot>6): 0.0057 (2/351)
best success rate: 0.0130
Terminations: Fall=46 | Drop=42 | Overspeed=43
Agent Steps: 0196M | FPS: 40682.0 | Last FPS: 46431.5 | Collect Time: 58.2 min | Train RL Time: 22.2 min | Current Best: 241.93
-----------------------
episode rewards: 244.24 | episode lengths: 266.63
episode rot angle(rad): 1.36
epsode sparse reward: 0.00
success rate (rot>6): 0.0028 (1/363)
best success rate: 0.0143
Terminations: Fall=68 | Drop=44 | Overspeed=52
Agent Steps: 0206M | FPS: 40947.2 | Last FPS: 46642.8 | Collect Time: 60.6 min | Train RL Time: 23.3 min | Current Best: 245.40
-----------------------
episode rewards: 245.80 | episode lengths: 267.79
episode rot angle(rad): 1.37
epsode sparse reward: 0.00
success rate (rot>6): 0.0087 (3/345)
best success rate: 0.0148
Terminations: Fall=44 | Drop=36 | Overspeed=49
Agent Steps: 0216M | FPS: 41198.6 | Last FPS: 47192.3 | Collect Time: 63.1 min | Train RL Time: 24.3 min | Current Best: 247.06
-----------------------
episode rewards: 246.85 | episode lengths: 268.62
episode rot angle(rad): 1.36
epsode sparse reward: 0.00
success rate (rot>6): 0.0000 (0/350)
best success rate: 0.0209
Terminations: Fall=55 | Drop=40 | Overspeed=43
Agent Steps: 0226M | FPS: 41425.4 | Last FPS: 46768.5 | Collect Time: 65.6 min | Train RL Time: 25.3 min | Current Best: 248.79
-----------------------
episode rewards: 249.13 | episode lengths: 271.52
episode rot angle(rad): 1.35
epsode sparse reward: 0.00
success rate (rot>6): 0.0026 (1/387)
best success rate: 0.0209
Terminations: Fall=70 | Drop=40 | Overspeed=48
Agent Steps: 0236M | FPS: 41624.4 | Last FPS: 44773.0 | Collect Time: 68.0 min | Train RL Time: 26.3 min | Current Best: 250.12
-----------------------
episode rewards: 249.10 | episode lengths: 271.52
episode rot angle(rad): 1.35
epsode sparse reward: 0.00
success rate (rot>6): 0.0057 (2/350)
best success rate: 0.0209
Terminations: Fall=48 | Drop=42 | Overspeed=46
Agent Steps: 0245M | FPS: 41817.3 | Last FPS: 47036.5 | Collect Time: 70.5 min | Train RL Time: 27.3 min | Current Best: 250.12
max steps achieved
Final best reward: 250.12
Final success rate: 0.0209
Final mean rotation angle (rad): 1.3280

OPTUNA_METRICS: reward=250.1158 success_rate=0.0209 mean_rot_angle=1.3280


训练指标:
  Best Reward:         250.1158
  Success Rate:        0.0209
  Mean Rot Angle(rad): 1.3280
  Composite Score:     385.01
    = 1.0×250.12 + 100.0×0.0209 + 100.0×1.3280

================================================================================
[Optuna Trial 31] 训练完成
================================================================================

                                                                                            [I 2025-11-27 16:58:49,321] Trial 31 finished with value: 385.0058 and parameters: {'learning_rate': 0.0008119992327498062, 'weight_decay': 1.166734464783078e-05, 'gamma': 0.99, 'tau': 0.9, 'e_clip': 0.2, 'entropy_coef': 0.004841106998005078, 'critic_coef': 1.0, 'kl_threshold': 0.07234030738648545, 'mini_epochs': 9, 'minibatch_size': 32768, 'grad_norm': 1.0, 'angvelClipMin': -0.33998725632183047, 'angvelClipMax': 0.8705117762031814, 'angvelPenaltyThresHigh': 0.8152917881984265, 'angvelPenaltyThresLow': -0.5182009833839466, 'rotate_reward_scale': 2.138121623701705, 'obj_linvel_penalty_scale': -0.05972896429818943, 'torque_penalty_scale': -0.01593811097868162, 'hand_pose_consistency_penalty_scale': -0.056691174875164216, 'rotate_penalty_scale': -0.014233239594316091, 'pencil_z_dist_penalty_scale': -1.689101728054405, 'position_penalty_scale': -0.2822301294790327}. Best is trial 22 with value: 2127.2165.
Best trial: 22. Best value: 2127.22:  78%|███████▊  | 31/40 [45:40:27<12:52:30, 5150.03s/it]Best trial: 22. Best value: 2127.22:  78%|███████▊  | 31/40 [45:40:27<12:52:30, 5150.03s/it]Best trial: 22. Best value: 2127.22:  80%|████████  | 32/40 [45:40:27<11:59:44, 5398.12s/it]
================================================================================
[Optuna Trial 32] 开始训练
================================================================================
试验参数:
  learning_rate                  = 0.0009316295245163532
  weight_decay                   = 1.1611430871798469e-05
  gamma                          = 0.99
  tau                            = 0.9
  e_clip                         = 0.2
  entropy_coef                   = 0.004343909283664774
  critic_coef                    = 1.0
  kl_threshold                   = 0.0679307443050983
  mini_epochs                    = 10
  minibatch_size                 = 32768
  grad_norm                      = 1.0
  angvelClipMin                  = -0.3310890030507192
  angvelClipMax                  = 0.8753417034129759
  angvelPenaltyThresHigh         = 0.7899862697923086
  angvelPenaltyThresLow          = -0.555769915885682
  rotate_reward_scale            = 2.2522221506359426
  obj_linvel_penalty_scale       = -0.050067630927543336
  torque_penalty_scale           = -0.010477959687116505
  hand_pose_consistency_penalty_scale = -0.05293769335579116
  rotate_penalty_scale           = -0.02975350459040421
  pencil_z_dist_penalty_scale    = -1.7677047605622689
  position_penalty_scale         = -0.2707209181009776
输出目录: outputs/teacher_reproduce_trial_03/optuna_trial_0032
================================================================================


特权信息 (Privileged Information) 维度配置:
================================================================================
名称                             索引范围            维度       状态
--------------------------------------------------------------------------------
obj_position                   [ 0: 3]         3        [固定]
obj_scale                      [ 3: 4]         1        [固定]
obj_mass                       [ 4: 5]         1        [固定]
obj_friction                   [ 5: 6]         1        [固定]
obj_com                        [ 6: 9]         3        [固定]
--------------------------------------------------------------------------------
obj_orientation                [ 9:13]         4        ✓
obj_angvel                     [13:16]         3        ✓
fingertip_position             [16:31]         15       ✓
obj_restitution                [31:32]         1        ✓
tactile                        [32:47]         15       ✓
--------------------------------------------------------------------------------
总计: 10 项启用, 实际维度 = 47, 缓冲区大小 = 47
================================================================================

RunningMeanStd:  (126,)
RunningMeanStd:  47
RunningMeanStd:  3
RunningMeanStd:  (1,)
-----------------------
episode rewards: 49.58 | episode lengths: 55.06
episode rot angle(rad): 1.74
epsode sparse reward: 0.00
success rate (rot>6): 0.0000 (0/1682)
best success rate: 0.0000
Terminations: Fall=306 | Drop=1088 | Overspeed=288
Agent Steps: 0009M | FPS: 44103.5 | Last FPS: 43682.0 | Collect Time: 2.6 min | Train RL Time: 1.1 min | Current Best: -10000.00
-----------------------
episode rewards: 87.61 | episode lengths: 79.75
episode rot angle(rad): 3.14
epsode sparse reward: 0.00
success rate (rot>6): 0.0000 (0/1090)
best success rate: 0.0000
Terminations: Fall=203 | Drop=742 | Overspeed=145
Agent Steps: 0019M | FPS: 44257.4 | Last FPS: 44710.3 | Collect Time: 5.2 min | Train RL Time: 2.2 min | Current Best: -10000.00
-----------------------
episode rewards: 103.03 | episode lengths: 87.39
episode rot angle(rad): 3.67
epsode sparse reward: 0.00
success rate (rot>6): 0.0000 (0/1020)
best success rate: 0.0000
Terminations: Fall=174 | Drop=682 | Overspeed=164
Agent Steps: 0029M | FPS: 44295.2 | Last FPS: 44666.9 | Collect Time: 7.7 min | Train RL Time: 3.4 min | Current Best: -10000.00
-----------------------
episode rewards: 121.31 | episode lengths: 102.15
episode rot angle(rad): 4.24
epsode sparse reward: 0.00
success rate (rot>6): 0.0023 (2/868)
best success rate: 0.0106
Terminations: Fall=136 | Drop=627 | Overspeed=104
Agent Steps: 0039M | FPS: 44387.7 | Last FPS: 45081.7 | Collect Time: 10.3 min | Train RL Time: 4.5 min | Current Best: -10000.00
-----------------------
episode rewards: 149.59 | episode lengths: 142.24
episode rot angle(rad): 5.17
epsode sparse reward: 0.00
success rate (rot>6): 0.2297 (99/431)
best success rate: 0.2297
Terminations: Fall=98 | Drop=182 | Overspeed=73
Agent Steps: 0049M | FPS: 44492.0 | Last FPS: 44888.3 | Collect Time: 12.8 min | Train RL Time: 5.6 min | Current Best: -10000.00
-----------------------
episode rewards: 226.53 | episode lengths: 215.48
episode rot angle(rad): 8.07
epsode sparse reward: 0.00
success rate (rot>6): 0.5297 (187/353)
best success rate: 0.5297
Terminations: Fall=76 | Drop=45 | Overspeed=75
Agent Steps: 0059M | FPS: 44680.8 | Last FPS: 46635.7 | Collect Time: 15.3 min | Train RL Time: 6.7 min | Current Best: 225.74
-----------------------
episode rewards: 284.60 | episode lengths: 247.26
episode rot angle(rad): 10.37
epsode sparse reward: 0.00
success rate (rot>6): 0.6179 (228/369)
best success rate: 0.6286
Terminations: Fall=69 | Drop=35 | Overspeed=67
Agent Steps: 0068M | FPS: 44826.5 | Last FPS: 46200.2 | Collect Time: 17.7 min | Train RL Time: 7.8 min | Current Best: 284.03
-----------------------
episode rewards: 314.45 | episode lengths: 258.60
episode rot angle(rad): 11.54
epsode sparse reward: 0.00
success rate (rot>6): 0.5891 (238/404)
best success rate: 0.6787
Terminations: Fall=82 | Drop=32 | Overspeed=83
Agent Steps: 0078M | FPS: 44960.2 | Last FPS: 45921.5 | Collect Time: 20.2 min | Train RL Time: 9.0 min | Current Best: 314.39
-----------------------
episode rewards: 322.43 | episode lengths: 256.73
episode rot angle(rad): 11.98
epsode sparse reward: 0.00
success rate (rot>6): 0.5751 (199/346)
best success rate: 0.6787
Terminations: Fall=59 | Drop=32 | Overspeed=73
Agent Steps: 0088M | FPS: 45084.7 | Last FPS: 46284.0 | Collect Time: 22.6 min | Train RL Time: 10.1 min | Current Best: 322.52
-----------------------
episode rewards: 332.16 | episode lengths: 261.23
episode rot angle(rad): 12.16
epsode sparse reward: 0.00
success rate (rot>6): 0.6474 (224/346)
best success rate: 0.6787
Terminations: Fall=60 | Drop=26 | Overspeed=61
Agent Steps: 0098M | FPS: 45185.8 | Last FPS: 45925.4 | Collect Time: 25.0 min | Train RL Time: 11.2 min | Current Best: 332.40
-----------------------
episode rewards: 339.41 | episode lengths: 263.55
episode rot angle(rad): 12.47
epsode sparse reward: 0.00
success rate (rot>6): 0.6336 (230/363)
best success rate: 0.6863
Terminations: Fall=69 | Drop=33 | Overspeed=60
Agent Steps: 0108M | FPS: 45169.7 | Last FPS: 43058.8 | Collect Time: 27.5 min | Train RL Time: 12.3 min | Current Best: 339.52
-----------------------
episode rewards: 348.72 | episode lengths: 268.38
episode rot angle(rad): 12.85
epsode sparse reward: 0.00
success rate (rot>6): 0.5963 (223/374)
best success rate: 0.7065
Terminations: Fall=73 | Drop=39 | Overspeed=79
Agent Steps: 0118M | FPS: 45137.6 | Last FPS: 45484.8 | Collect Time: 30.0 min | Train RL Time: 13.5 min | Current Best: 349.21
-----------------------
episode rewards: 351.33 | episode lengths: 267.13
episode rot angle(rad): 12.96
epsode sparse reward: 0.00
success rate (rot>6): 0.6359 (227/357)
best success rate: 0.7065
Terminations: Fall=56 | Drop=24 | Overspeed=76
Agent Steps: 0127M | FPS: 45205.2 | Last FPS: 45915.3 | Collect Time: 32.5 min | Train RL Time: 14.6 min | Current Best: 351.45
-----------------------
episode rewards: 360.65 | episode lengths: 270.82
episode rot angle(rad): 13.42
epsode sparse reward: 0.00
success rate (rot>6): 0.6719 (256/381)
best success rate: 0.7198
Terminations: Fall=69 | Drop=24 | Overspeed=62
Agent Steps: 0137M | FPS: 45299.7 | Last FPS: 46458.4 | Collect Time: 34.9 min | Train RL Time: 15.7 min | Current Best: 360.53
-----------------------
episode rewards: 358.02 | episode lengths: 265.95
episode rot angle(rad): 13.48
epsode sparse reward: 0.00
success rate (rot>6): 0.6233 (225/361)
best success rate: 0.7198
Terminations: Fall=75 | Drop=26 | Overspeed=66
Agent Steps: 0147M | FPS: 45384.9 | Last FPS: 47029.2 | Collect Time: 37.2 min | Train RL Time: 16.8 min | Current Best: 360.65
-----------------------
episode rewards: 369.08 | episode lengths: 271.99
episode rot angle(rad): 13.98
epsode sparse reward: 0.00
success rate (rot>6): 0.6746 (228/338)
best success rate: 0.7198
Terminations: Fall=52 | Drop=23 | Overspeed=63
Agent Steps: 0157M | FPS: 45457.9 | Last FPS: 46313.4 | Collect Time: 39.6 min | Train RL Time: 18.0 min | Current Best: 369.38
-----------------------
episode rewards: 370.40 | episode lengths: 272.07
episode rot angle(rad): 14.23
epsode sparse reward: 0.00
success rate (rot>6): 0.6723 (240/357)
best success rate: 0.7381
Terminations: Fall=66 | Drop=20 | Overspeed=63
Agent Steps: 0167M | FPS: 45515.4 | Last FPS: 47043.4 | Collect Time: 42.0 min | Train RL Time: 19.1 min | Current Best: 370.34
-----------------------
episode rewards: 370.82 | episode lengths: 270.95
episode rot angle(rad): 14.26
epsode sparse reward: 0.00
success rate (rot>6): 0.6434 (240/373)
best success rate: 0.7381
Terminations: Fall=71 | Drop=28 | Overspeed=66
Agent Steps: 0177M | FPS: 45579.3 | Last FPS: 46521.1 | Collect Time: 44.4 min | Train RL Time: 20.2 min | Current Best: 374.75
-----------------------
episode rewards: 374.13 | episode lengths: 272.54
episode rot angle(rad): 14.32
epsode sparse reward: 0.00
success rate (rot>6): 0.7232 (256/354)
best success rate: 0.7381
Terminations: Fall=57 | Drop=18 | Overspeed=52
Agent Steps: 0186M | FPS: 45644.1 | Last FPS: 47288.9 | Collect Time: 46.8 min | Train RL Time: 21.3 min | Current Best: 374.75
-----------------------
episode rewards: 380.38 | episode lengths: 275.28
episode rot angle(rad): 14.55
epsode sparse reward: 0.00
success rate (rot>6): 0.7200 (234/325)
best success rate: 0.7381
Terminations: Fall=44 | Drop=15 | Overspeed=54
Agent Steps: 0196M | FPS: 45718.1 | Last FPS: 47458.7 | Collect Time: 49.2 min | Train RL Time: 22.4 min | Current Best: 380.05
-----------------------
episode rewards: 383.69 | episode lengths: 276.33
episode rot angle(rad): 14.72
epsode sparse reward: 0.00
success rate (rot>6): 0.6809 (239/351)
best success rate: 0.7448
Terminations: Fall=55 | Drop=23 | Overspeed=67
Agent Steps: 0206M | FPS: 45783.2 | Last FPS: 47651.8 | Collect Time: 51.5 min | Train RL Time: 23.5 min | Current Best: 384.43
-----------------------
episode rewards: 384.39 | episode lengths: 275.68
episode rot angle(rad): 14.75
epsode sparse reward: 0.00
success rate (rot>6): 0.6889 (248/360)
best success rate: 0.7448
Terminations: Fall=56 | Drop=20 | Overspeed=55
Agent Steps: 0216M | FPS: 45842.9 | Last FPS: 46717.7 | Collect Time: 53.9 min | Train RL Time: 24.7 min | Current Best: 385.39
-----------------------
episode rewards: 387.62 | episode lengths: 277.61
episode rot angle(rad): 14.93
epsode sparse reward: 0.00
success rate (rot>6): 0.7043 (243/345)
best success rate: 0.7448
Terminations: Fall=58 | Drop=17 | Overspeed=51
Agent Steps: 0226M | FPS: 45897.4 | Last FPS: 47115.9 | Collect Time: 56.2 min | Train RL Time: 25.8 min | Current Best: 387.49
-----------------------
episode rewards: 394.43 | episode lengths: 279.93
episode rot angle(rad): 15.19
epsode sparse reward: 0.00
success rate (rot>6): 0.6824 (232/340)
best success rate: 0.7600
Terminations: Fall=53 | Drop=25 | Overspeed=58
Agent Steps: 0236M | FPS: 45951.6 | Last FPS: 46984.6 | Collect Time: 58.6 min | Train RL Time: 26.9 min | Current Best: 394.94
-----------------------
episode rewards: 396.17 | episode lengths: 281.63
episode rot angle(rad): 15.22
epsode sparse reward: 0.00
success rate (rot>6): 0.7359 (248/337)
best success rate: 0.7843
Terminations: Fall=45 | Drop=16 | Overspeed=59
Agent Steps: 0245M | FPS: 46001.0 | Last FPS: 48058.5 | Collect Time: 60.9 min | Train RL Time: 28.0 min | Current Best: 396.79
max steps achieved
Final best reward: 396.79
Final success rate: 0.7843
Final mean rotation angle (rad): 15.1827

OPTUNA_METRICS: reward=396.7911 success_rate=0.7843 mean_rot_angle=15.1827


训练指标:
  Best Reward:         396.7911
  Success Rate:        0.7843
  Mean Rot Angle(rad): 15.1827
  Composite Score:     1993.49
    = 1.0×396.79 + 100.0×0.7843 + 100.0×15.1827

================================================================================
[Optuna Trial 32] 训练完成
================================================================================

                                                                                            [I 2025-11-27 18:29:31,430] Trial 32 finished with value: 1993.4911 and parameters: {'learning_rate': 0.0009316295245163532, 'weight_decay': 1.1611430871798469e-05, 'gamma': 0.99, 'tau': 0.9, 'e_clip': 0.2, 'entropy_coef': 0.004343909283664774, 'critic_coef': 1.0, 'kl_threshold': 0.0679307443050983, 'mini_epochs': 10, 'minibatch_size': 32768, 'grad_norm': 1.0, 'angvelClipMin': -0.3310890030507192, 'angvelClipMax': 0.8753417034129759, 'angvelPenaltyThresHigh': 0.7899862697923086, 'angvelPenaltyThresLow': -0.555769915885682, 'rotate_reward_scale': 2.2522221506359426, 'obj_linvel_penalty_scale': -0.050067630927543336, 'torque_penalty_scale': -0.010477959687116505, 'hand_pose_consistency_penalty_scale': -0.05293769335579116, 'rotate_penalty_scale': -0.02975350459040421, 'pencil_z_dist_penalty_scale': -1.7677047605622689, 'position_penalty_scale': -0.2707209181009776}. Best is trial 22 with value: 2127.2165.
Best trial: 22. Best value: 2127.22:  80%|████████  | 32/40 [47:11:09<11:59:44, 5398.12s/it]Best trial: 22. Best value: 2127.22:  80%|████████  | 32/40 [47:11:09<11:59:44, 5398.12s/it]Best trial: 22. Best value: 2127.22:  82%|████████▎ | 33/40 [47:11:09<10:31:19, 5411.32s/it]
================================================================================
[Optuna Trial 33] 开始训练
================================================================================
试验参数:
  learning_rate                  = 0.000914535398459934
  weight_decay                   = 1.1474123903274351e-05
  gamma                          = 0.99
  tau                            = 0.9
  e_clip                         = 0.2
  entropy_coef                   = 0.004352442038537941
  critic_coef                    = 1.0
  kl_threshold                   = 0.06913094073573148
  mini_epochs                    = 10
  minibatch_size                 = 32768
  grad_norm                      = 1.0
  angvelClipMin                  = -0.3646771385672685
  angvelClipMax                  = 0.8161144791809225
  angvelPenaltyThresHigh         = 0.7642324452788917
  angvelPenaltyThresLow          = -0.5650401539988859
  rotate_reward_scale            = 1.6800685458280404
  obj_linvel_penalty_scale       = -0.0518521844791133
  torque_penalty_scale           = -0.010329365666945091
  hand_pose_consistency_penalty_scale = -0.04435604543315958
  rotate_penalty_scale           = -0.04682841231381582
  pencil_z_dist_penalty_scale    = -1.7962597428127587
  position_penalty_scale         = -0.2574865721263718
输出目录: outputs/teacher_reproduce_trial_03/optuna_trial_0033
================================================================================


特权信息 (Privileged Information) 维度配置:
================================================================================
名称                             索引范围            维度       状态
--------------------------------------------------------------------------------
obj_position                   [ 0: 3]         3        [固定]
obj_scale                      [ 3: 4]         1        [固定]
obj_mass                       [ 4: 5]         1        [固定]
obj_friction                   [ 5: 6]         1        [固定]
obj_com                        [ 6: 9]         3        [固定]
--------------------------------------------------------------------------------
obj_orientation                [ 9:13]         4        ✓
obj_angvel                     [13:16]         3        ✓
fingertip_position             [16:31]         15       ✓
obj_restitution                [31:32]         1        ✓
tactile                        [32:47]         15       ✓
--------------------------------------------------------------------------------
总计: 10 项启用, 实际维度 = 47, 缓冲区大小 = 47
================================================================================

RunningMeanStd:  (126,)
RunningMeanStd:  47
RunningMeanStd:  3
RunningMeanStd:  (1,)
-----------------------
episode rewards: 33.48 | episode lengths: 54.00
episode rot angle(rad): 1.79
epsode sparse reward: 0.00
success rate (rot>6): 0.0000 (0/1575)
best success rate: 0.0000
Terminations: Fall=326 | Drop=1069 | Overspeed=180
Agent Steps: 0009M | FPS: 44525.8 | Last FPS: 45220.1 | Collect Time: 2.6 min | Train RL Time: 1.1 min | Current Best: -10000.00
-----------------------
episode rewards: 50.02 | episode lengths: 69.66
episode rot angle(rad): 2.41
epsode sparse reward: 0.00
success rate (rot>6): 0.0000 (0/1268)
best success rate: 0.0000
Terminations: Fall=275 | Drop=855 | Overspeed=138
Agent Steps: 0019M | FPS: 44876.1 | Last FPS: 45053.0 | Collect Time: 5.1 min | Train RL Time: 2.2 min | Current Best: -10000.00
-----------------------
episode rewards: 58.83 | episode lengths: 85.65
episode rot angle(rad): 2.71
epsode sparse reward: 0.00
success rate (rot>6): 0.0000 (0/1243)
best success rate: 0.0000
Terminations: Fall=235 | Drop=863 | Overspeed=144
Agent Steps: 0029M | FPS: 44927.9 | Last FPS: 44518.1 | Collect Time: 7.6 min | Train RL Time: 3.3 min | Current Best: -10000.00
-----------------------
episode rewards: 64.97 | episode lengths: 92.59
episode rot angle(rad): 2.97
epsode sparse reward: 0.00
success rate (rot>6): 0.0000 (0/1018)
best success rate: 0.0000
Terminations: Fall=183 | Drop=718 | Overspeed=117
Agent Steps: 0039M | FPS: 44868.7 | Last FPS: 45047.6 | Collect Time: 10.1 min | Train RL Time: 4.5 min | Current Best: -10000.00
-----------------------
episode rewards: 71.60 | episode lengths: 99.74
episode rot angle(rad): 3.29
epsode sparse reward: 0.00
success rate (rot>6): 0.0205 (19/929)
best success rate: 0.0271
Terminations: Fall=159 | Drop=647 | Overspeed=111
Agent Steps: 0049M | FPS: 44791.7 | Last FPS: 43976.2 | Collect Time: 12.7 min | Train RL Time: 5.6 min | Current Best: -10000.00
-----------------------
episode rewards: 91.55 | episode lengths: 133.50
episode rot angle(rad): 4.23
epsode sparse reward: 0.00
success rate (rot>6): 0.1203 (80/665)
best success rate: 0.1521
Terminations: Fall=116 | Drop=365 | Overspeed=87
Agent Steps: 0059M | FPS: 44732.4 | Last FPS: 44102.3 | Collect Time: 15.3 min | Train RL Time: 6.7 min | Current Best: 91.22
-----------------------
episode rewards: 111.16 | episode lengths: 160.38
episode rot angle(rad): 5.17
epsode sparse reward: 0.00
success rate (rot>6): 0.1779 (111/624)
best success rate: 0.2266
Terminations: Fall=124 | Drop=300 | Overspeed=84
Agent Steps: 0068M | FPS: 44732.6 | Last FPS: 45629.0 | Collect Time: 17.8 min | Train RL Time: 7.8 min | Current Best: 111.06
-----------------------
episode rewards: 131.59 | episode lengths: 180.40
episode rot angle(rad): 6.18
epsode sparse reward: 0.00
success rate (rot>6): 0.3358 (178/530)
best success rate: 0.3446
Terminations: Fall=108 | Drop=167 | Overspeed=79
Agent Steps: 0078M | FPS: 44760.6 | Last FPS: 45505.6 | Collect Time: 20.3 min | Train RL Time: 8.9 min | Current Best: 131.14
-----------------------
episode rewards: 150.23 | episode lengths: 200.67
episode rot angle(rad): 7.23
epsode sparse reward: 0.00
success rate (rot>6): 0.4009 (182/454)
best success rate: 0.4636
Terminations: Fall=80 | Drop=118 | Overspeed=75
Agent Steps: 0088M | FPS: 44784.3 | Last FPS: 44758.5 | Collect Time: 22.8 min | Train RL Time: 10.0 min | Current Best: 149.84
-----------------------
episode rewards: 184.84 | episode lengths: 238.47
episode rot angle(rad): 9.13
epsode sparse reward: 0.00
success rate (rot>6): 0.5725 (229/400)
best success rate: 0.6027
Terminations: Fall=70 | Drop=40 | Overspeed=86
Agent Steps: 0098M | FPS: 44843.3 | Last FPS: 45711.8 | Collect Time: 25.3 min | Train RL Time: 11.2 min | Current Best: 184.60
-----------------------
episode rewards: 201.35 | episode lengths: 250.09
episode rot angle(rad): 10.22
epsode sparse reward: 0.00
success rate (rot>6): 0.5690 (202/355)
best success rate: 0.6378
Terminations: Fall=74 | Drop=31 | Overspeed=68
Agent Steps: 0108M | FPS: 36580.3 | Last FPS: 43889.9 | Collect Time: 36.9 min | Train RL Time: 12.3 min | Current Best: 201.30
-----------------------
episode rewards: 209.36 | episode lengths: 253.28
episode rot angle(rad): 10.58
epsode sparse reward: 0.00
success rate (rot>6): 0.5945 (217/365)
best success rate: 0.6701
Terminations: Fall=84 | Drop=28 | Overspeed=52
Agent Steps: 0118M | FPS: 37175.7 | Last FPS: 45864.8 | Collect Time: 39.4 min | Train RL Time: 13.4 min | Current Best: 209.36
-----------------------
episode rewards: 223.25 | episode lengths: 262.46
episode rot angle(rad): 11.23
epsode sparse reward: 0.00
success rate (rot>6): 0.6314 (233/369)
best success rate: 0.6701
Terminations: Fall=66 | Drop=24 | Overspeed=63
Agent Steps: 0127M | FPS: 37702.5 | Last FPS: 45849.6 | Collect Time: 41.9 min | Train RL Time: 14.5 min | Current Best: 223.36
-----------------------
episode rewards: 231.40 | episode lengths: 266.29
episode rot angle(rad): 11.71
epsode sparse reward: 0.00
success rate (rot>6): 0.6529 (222/340)
best success rate: 0.7040
Terminations: Fall=64 | Drop=19 | Overspeed=50
Agent Steps: 0137M | FPS: 38158.1 | Last FPS: 45652.3 | Collect Time: 44.4 min | Train RL Time: 15.7 min | Current Best: 231.28
-----------------------
episode rewards: 239.91 | episode lengths: 271.19
episode rot angle(rad): 12.06
epsode sparse reward: 0.00
success rate (rot>6): 0.6590 (228/346)
best success rate: 0.7574
Terminations: Fall=55 | Drop=15 | Overspeed=59
Agent Steps: 0147M | FPS: 38527.3 | Last FPS: 45251.3 | Collect Time: 46.9 min | Train RL Time: 16.8 min | Current Best: 239.81
-----------------------
episode rewards: 242.72 | episode lengths: 271.15
episode rot angle(rad): 12.30
epsode sparse reward: 0.00
success rate (rot>6): 0.5941 (202/340)
best success rate: 0.7574
Terminations: Fall=66 | Drop=19 | Overspeed=61
Agent Steps: 0157M | FPS: 38890.3 | Last FPS: 46071.8 | Collect Time: 49.3 min | Train RL Time: 18.0 min | Current Best: 243.11
-----------------------
episode rewards: 246.19 | episode lengths: 272.17
episode rot angle(rad): 12.51
epsode sparse reward: 0.00
success rate (rot>6): 0.6152 (227/369)
best success rate: 0.7574
Terminations: Fall=55 | Drop=25 | Overspeed=83
Agent Steps: 0167M | FPS: 39220.7 | Last FPS: 44154.9 | Collect Time: 51.8 min | Train RL Time: 19.1 min | Current Best: 246.62
-----------------------
episode rewards: 248.98 | episode lengths: 273.28
episode rot angle(rad): 12.61
epsode sparse reward: 0.00
success rate (rot>6): 0.6676 (229/343)
best success rate: 0.7574
Terminations: Fall=54 | Drop=23 | Overspeed=50
Agent Steps: 0177M | FPS: 39522.8 | Last FPS: 44653.1 | Collect Time: 54.3 min | Train RL Time: 20.3 min | Current Best: 248.91
-----------------------
episode rewards: 250.21 | episode lengths: 273.34
episode rot angle(rad): 12.57
epsode sparse reward: 0.00
success rate (rot>6): 0.6667 (234/351)
best success rate: 0.7574
Terminations: Fall=54 | Drop=16 | Overspeed=61
Agent Steps: 0186M | FPS: 39760.1 | Last FPS: 44173.6 | Collect Time: 56.8 min | Train RL Time: 21.4 min | Current Best: 250.91
-----------------------
episode rewards: 252.39 | episode lengths: 275.13
episode rot angle(rad): 12.64
epsode sparse reward: 0.00
success rate (rot>6): 0.6343 (222/350)
best success rate: 0.7574
Terminations: Fall=54 | Drop=22 | Overspeed=66
Agent Steps: 0196M | FPS: 39996.6 | Last FPS: 45204.9 | Collect Time: 59.3 min | Train RL Time: 22.5 min | Current Best: 253.13
-----------------------
episode rewards: 253.17 | episode lengths: 274.47
episode rot angle(rad): 12.71
epsode sparse reward: 0.00
success rate (rot>6): 0.6506 (216/332)
best success rate: 0.7574
Terminations: Fall=56 | Drop=17 | Overspeed=54
Agent Steps: 0206M | FPS: 40206.7 | Last FPS: 46555.3 | Collect Time: 61.8 min | Train RL Time: 23.7 min | Current Best: 254.96
-----------------------
episode rewards: 253.80 | episode lengths: 274.76
episode rot angle(rad): 12.75
epsode sparse reward: 0.00
success rate (rot>6): 0.6476 (226/349)
best success rate: 0.7574
Terminations: Fall=59 | Drop=14 | Overspeed=68
Agent Steps: 0216M | FPS: 40396.5 | Last FPS: 43806.9 | Collect Time: 64.3 min | Train RL Time: 24.8 min | Current Best: 254.96
-----------------------
episode rewards: 254.75 | episode lengths: 275.63
episode rot angle(rad): 12.79
epsode sparse reward: 0.00
success rate (rot>6): 0.6785 (230/339)
best success rate: 0.7574
Terminations: Fall=43 | Drop=23 | Overspeed=65
Agent Steps: 0226M | FPS: 40596.7 | Last FPS: 46087.7 | Collect Time: 66.7 min | Train RL Time: 26.0 min | Current Best: 255.91
-----------------------
episode rewards: 255.63 | episode lengths: 276.88
episode rot angle(rad): 12.88
epsode sparse reward: 0.00
success rate (rot>6): 0.6474 (224/346)
best success rate: 0.7574
Terminations: Fall=61 | Drop=17 | Overspeed=58
Agent Steps: 0236M | FPS: 40795.3 | Last FPS: 45582.5 | Collect Time: 69.2 min | Train RL Time: 27.1 min | Current Best: 255.91
-----------------------
episode rewards: 255.03 | episode lengths: 276.34
episode rot angle(rad): 12.90
epsode sparse reward: 0.00
success rate (rot>6): 0.6880 (258/375)
best success rate: 0.7574
Terminations: Fall=52 | Drop=23 | Overspeed=69
Agent Steps: 0245M | FPS: 40983.7 | Last FPS: 45481.5 | Collect Time: 71.6 min | Train RL Time: 28.2 min | Current Best: 256.29
max steps achieved
Final best reward: 256.29
Final success rate: 0.7574
Final mean rotation angle (rad): 12.9279

OPTUNA_METRICS: reward=256.2931 success_rate=0.7574 mean_rot_angle=12.9279


训练指标:
  Best Reward:         256.2931
  Success Rate:        0.7574
  Mean Rot Angle(rad): 12.9279
  Composite Score:     1624.82
    = 1.0×256.29 + 100.0×0.7574 + 100.0×12.9279

================================================================================
[Optuna Trial 33] 训练完成
================================================================================

                                                                                            [I 2025-11-27 20:11:09,239] Trial 33 finished with value: 1624.8231 and parameters: {'learning_rate': 0.000914535398459934, 'weight_decay': 1.1474123903274351e-05, 'gamma': 0.99, 'tau': 0.9, 'e_clip': 0.2, 'entropy_coef': 0.004352442038537941, 'critic_coef': 1.0, 'kl_threshold': 0.06913094073573148, 'mini_epochs': 10, 'minibatch_size': 32768, 'grad_norm': 1.0, 'angvelClipMin': -0.3646771385672685, 'angvelClipMax': 0.8161144791809225, 'angvelPenaltyThresHigh': 0.7642324452788917, 'angvelPenaltyThresLow': -0.5650401539988859, 'rotate_reward_scale': 1.6800685458280404, 'obj_linvel_penalty_scale': -0.0518521844791133, 'torque_penalty_scale': -0.010329365666945091, 'hand_pose_consistency_penalty_scale': -0.04435604543315958, 'rotate_penalty_scale': -0.04682841231381582, 'pencil_z_dist_penalty_scale': -1.7962597428127587, 'position_penalty_scale': -0.2574865721263718}. Best is trial 22 with value: 2127.2165.
Best trial: 22. Best value: 2127.22:  82%|████████▎ | 33/40 [48:52:47<10:31:19, 5411.32s/it]Best trial: 22. Best value: 2127.22:  82%|████████▎ | 33/40 [48:52:47<10:31:19, 5411.32s/it]Best trial: 22. Best value: 2127.22:  85%|████████▌ | 34/40 [48:52:47<9:21:43, 5617.27s/it] 
================================================================================
[Optuna Trial 34] 开始训练
================================================================================
试验参数:
  learning_rate                  = 0.0009651150382476451
  weight_decay                   = 1.4374450616091375e-05
  gamma                          = 0.985
  tau                            = 0.9
  e_clip                         = 0.2
  entropy_coef                   = 0.005291410407156006
  critic_coef                    = 2.0
  kl_threshold                   = 0.06700393950178861
  mini_epochs                    = 10
  minibatch_size                 = 32768
  grad_norm                      = 1.0
  angvelClipMin                  = -0.29546152436256096
  angvelClipMax                  = 0.8373467387798998
  angvelPenaltyThresHigh         = 0.679782224724718
  angvelPenaltyThresLow          = -0.5524543863293202
  rotate_reward_scale            = 2.2249805939366722
  obj_linvel_penalty_scale       = -0.06897425603372546
  torque_penalty_scale           = -0.012525508527181083
  hand_pose_consistency_penalty_scale = -0.05075851380344662
  rotate_penalty_scale           = -0.030632463207526203
  pencil_z_dist_penalty_scale    = -1.8486288753646611
  position_penalty_scale         = -0.28985842244375426
输出目录: outputs/teacher_reproduce_trial_03/optuna_trial_0034
================================================================================


特权信息 (Privileged Information) 维度配置:
================================================================================
名称                             索引范围            维度       状态
--------------------------------------------------------------------------------
obj_position                   [ 0: 3]         3        [固定]
obj_scale                      [ 3: 4]         1        [固定]
obj_mass                       [ 4: 5]         1        [固定]
obj_friction                   [ 5: 6]         1        [固定]
obj_com                        [ 6: 9]         3        [固定]
--------------------------------------------------------------------------------
obj_orientation                [ 9:13]         4        ✓
obj_angvel                     [13:16]         3        ✓
fingertip_position             [16:31]         15       ✓
obj_restitution                [31:32]         1        ✓
tactile                        [32:47]         15       ✓
--------------------------------------------------------------------------------
总计: 10 项启用, 实际维度 = 47, 缓冲区大小 = 47
================================================================================

RunningMeanStd:  (126,)
RunningMeanStd:  47
RunningMeanStd:  3
RunningMeanStd:  (1,)
-----------------------
episode rewards: 49.61 | episode lengths: 52.67
episode rot angle(rad): 1.95
epsode sparse reward: 0.00
success rate (rot>6): 0.0000 (0/1753)
best success rate: 0.0000
Terminations: Fall=294 | Drop=1085 | Overspeed=373
Agent Steps: 0009M | FPS: 43524.7 | Last FPS: 41652.8 | Collect Time: 2.6 min | Train RL Time: 1.2 min | Current Best: -10000.00
-----------------------
episode rewards: 70.75 | episode lengths: 69.05
episode rot angle(rad): 2.59
epsode sparse reward: 0.00
success rate (rot>6): 0.0000 (0/1328)
best success rate: 0.0000
Terminations: Fall=228 | Drop=881 | Overspeed=219
Agent Steps: 0019M | FPS: 43486.1 | Last FPS: 42398.3 | Collect Time: 5.2 min | Train RL Time: 2.3 min | Current Best: -10000.00
-----------------------
episode rewards: 77.01 | episode lengths: 70.89
episode rot angle(rad): 2.79
epsode sparse reward: 0.00
success rate (rot>6): 0.0000 (0/1292)
best success rate: 0.0000
Terminations: Fall=198 | Drop=893 | Overspeed=201
Agent Steps: 0029M | FPS: 43639.6 | Last FPS: 43393.1 | Collect Time: 7.8 min | Train RL Time: 3.4 min | Current Best: -10000.00
-----------------------
episode rewards: 88.61 | episode lengths: 82.34
episode rot angle(rad): 3.23
epsode sparse reward: 0.00
success rate (rot>6): 0.0099 (11/1112)
best success rate: 0.0150
Terminations: Fall=158 | Drop=776 | Overspeed=171
Agent Steps: 0039M | FPS: 43665.5 | Last FPS: 42322.1 | Collect Time: 10.5 min | Train RL Time: 4.6 min | Current Best: -10000.00
-----------------------
episode rewards: 129.42 | episode lengths: 121.71
episode rot angle(rad): 4.67
epsode sparse reward: 0.00
success rate (rot>6): 0.1651 (122/739)
best success rate: 0.1724
Terminations: Fall=119 | Drop=395 | Overspeed=114
Agent Steps: 0049M | FPS: 43722.5 | Last FPS: 44581.0 | Collect Time: 13.0 min | Train RL Time: 5.7 min | Current Best: -10000.00
-----------------------
episode rewards: 167.89 | episode lengths: 154.45
episode rot angle(rad): 6.11
epsode sparse reward: 0.00
success rate (rot>6): 0.2439 (151/619)
best success rate: 0.2868
Terminations: Fall=109 | Drop=259 | Overspeed=129
Agent Steps: 0059M | FPS: 43771.9 | Last FPS: 44101.4 | Collect Time: 15.6 min | Train RL Time: 6.8 min | Current Best: 167.66
-----------------------
episode rewards: 223.33 | episode lengths: 197.00
episode rot angle(rad): 8.47
epsode sparse reward: 0.00
success rate (rot>6): 0.4801 (217/452)
best success rate: 0.5011
Terminations: Fall=84 | Drop=73 | Overspeed=124
Agent Steps: 0068M | FPS: 43336.2 | Last FPS: 35508.3 | Collect Time: 18.4 min | Train RL Time: 8.0 min | Current Best: 222.61
-----------------------
episode rewards: 266.15 | episode lengths: 224.73
episode rot angle(rad): 10.29
epsode sparse reward: 0.00
success rate (rot>6): 0.5351 (244/456)
best success rate: 0.5812
Terminations: Fall=87 | Drop=30 | Overspeed=134
Agent Steps: 0078M | FPS: 42369.7 | Last FPS: 35675.9 | Collect Time: 21.6 min | Train RL Time: 9.3 min | Current Best: 265.91
-----------------------
episode rewards: 285.64 | episode lengths: 233.62
episode rot angle(rad): 11.25
epsode sparse reward: 0.00
success rate (rot>6): 0.6034 (245/406)
best success rate: 0.6215
Terminations: Fall=69 | Drop=23 | Overspeed=101
Agent Steps: 0088M | FPS: 41681.3 | Last FPS: 36427.0 | Collect Time: 24.8 min | Train RL Time: 10.5 min | Current Best: 285.01
-----------------------
episode rewards: 299.60 | episode lengths: 239.53
episode rot angle(rad): 11.72
epsode sparse reward: 0.00
success rate (rot>6): 0.5636 (248/440)
best success rate: 0.6510
Terminations: Fall=80 | Drop=29 | Overspeed=111
Agent Steps: 0098M | FPS: 41462.6 | Last FPS: 45609.0 | Collect Time: 27.8 min | Train RL Time: 11.7 min | Current Best: 299.85
-----------------------
episode rewards: 303.99 | episode lengths: 240.18
episode rot angle(rad): 11.87
epsode sparse reward: 0.00
success rate (rot>6): 0.5794 (259/447)
best success rate: 0.6510
Terminations: Fall=72 | Drop=28 | Overspeed=110
Agent Steps: 0108M | FPS: 41743.2 | Last FPS: 44499.5 | Collect Time: 30.3 min | Train RL Time: 12.8 min | Current Best: 303.84
-----------------------
episode rewards: 310.82 | episode lengths: 243.65
episode rot angle(rad): 12.00
epsode sparse reward: 0.00
success rate (rot>6): 0.6207 (252/406)
best success rate: 0.6626
Terminations: Fall=68 | Drop=20 | Overspeed=101
Agent Steps: 0118M | FPS: 41883.3 | Last FPS: 44669.3 | Collect Time: 32.9 min | Train RL Time: 14.0 min | Current Best: 312.22
-----------------------
episode rewards: 309.92 | episode lengths: 240.91
episode rot angle(rad): 12.07
epsode sparse reward: 0.00
success rate (rot>6): 0.6040 (244/404)
best success rate: 0.6626
Terminations: Fall=67 | Drop=27 | Overspeed=98
Agent Steps: 0127M | FPS: 41992.4 | Last FPS: 44579.7 | Collect Time: 35.5 min | Train RL Time: 15.1 min | Current Best: 314.72
-----------------------
episode rewards: 314.65 | episode lengths: 242.45
episode rot angle(rad): 12.42
epsode sparse reward: 0.00
success rate (rot>6): 0.5818 (224/385)
best success rate: 0.6626
Terminations: Fall=66 | Drop=27 | Overspeed=101
Agent Steps: 0137M | FPS: 42184.5 | Last FPS: 44980.0 | Collect Time: 38.0 min | Train RL Time: 16.3 min | Current Best: 315.08
-----------------------
episode rewards: 315.75 | episode lengths: 242.17
episode rot angle(rad): 12.52
epsode sparse reward: 0.00
success rate (rot>6): 0.6096 (228/374)
best success rate: 0.6626
Terminations: Fall=60 | Drop=24 | Overspeed=96
Agent Steps: 0147M | FPS: 42368.0 | Last FPS: 45176.8 | Collect Time: 40.6 min | Train RL Time: 17.4 min | Current Best: 316.61
-----------------------
episode rewards: 320.73 | episode lengths: 244.75
episode rot angle(rad): 12.73
epsode sparse reward: 0.00
success rate (rot>6): 0.6234 (245/393)
best success rate: 0.6743
Terminations: Fall=66 | Drop=26 | Overspeed=88
Agent Steps: 0157M | FPS: 42526.4 | Last FPS: 44962.7 | Collect Time: 43.1 min | Train RL Time: 18.5 min | Current Best: 320.37
-----------------------
episode rewards: 327.43 | episode lengths: 248.01
episode rot angle(rad): 12.90
epsode sparse reward: 0.00
success rate (rot>6): 0.6235 (265/425)
best success rate: 0.6743
Terminations: Fall=64 | Drop=31 | Overspeed=100
Agent Steps: 0167M | FPS: 42668.7 | Last FPS: 44988.9 | Collect Time: 45.6 min | Train RL Time: 19.6 min | Current Best: 328.03
-----------------------
episode rewards: 329.55 | episode lengths: 247.60
episode rot angle(rad): 13.04
epsode sparse reward: 0.00
success rate (rot>6): 0.5655 (246/435)
best success rate: 0.6743
Terminations: Fall=82 | Drop=39 | Overspeed=104
Agent Steps: 0177M | FPS: 42778.2 | Last FPS: 45438.4 | Collect Time: 48.1 min | Train RL Time: 20.8 min | Current Best: 334.21
-----------------------
episode rewards: 334.32 | episode lengths: 250.27
episode rot angle(rad): 13.34
epsode sparse reward: 0.00
success rate (rot>6): 0.6300 (235/373)
best success rate: 0.6788
Terminations: Fall=53 | Drop=25 | Overspeed=92
Agent Steps: 0186M | FPS: 42891.9 | Last FPS: 44794.2 | Collect Time: 50.6 min | Train RL Time: 21.9 min | Current Best: 334.21
-----------------------
episode rewards: 340.49 | episode lengths: 253.56
episode rot angle(rad): 13.58
epsode sparse reward: 0.00
success rate (rot>6): 0.6408 (239/373)
best success rate: 0.6905
Terminations: Fall=48 | Drop=22 | Overspeed=97
Agent Steps: 0196M | FPS: 42994.9 | Last FPS: 46027.4 | Collect Time: 53.1 min | Train RL Time: 23.0 min | Current Best: 340.36
-----------------------
episode rewards: 348.98 | episode lengths: 257.79
episode rot angle(rad): 13.86
epsode sparse reward: 0.00
success rate (rot>6): 0.6770 (241/356)
best success rate: 0.7057
Terminations: Fall=40 | Drop=24 | Overspeed=78
Agent Steps: 0206M | FPS: 43088.2 | Last FPS: 44593.2 | Collect Time: 55.6 min | Train RL Time: 24.1 min | Current Best: 348.57
-----------------------
episode rewards: 355.78 | episode lengths: 261.20
episode rot angle(rad): 14.10
epsode sparse reward: 0.00
success rate (rot>6): 0.6596 (219/332)
best success rate: 0.7057
Terminations: Fall=43 | Drop=18 | Overspeed=78
Agent Steps: 0216M | FPS: 43170.1 | Last FPS: 45055.2 | Collect Time: 58.1 min | Train RL Time: 25.3 min | Current Best: 355.70
-----------------------
episode rewards: 360.50 | episode lengths: 263.32
episode rot angle(rad): 14.30
epsode sparse reward: 0.00
success rate (rot>6): 0.6411 (259/404)
best success rate: 0.7057
Terminations: Fall=65 | Drop=15 | Overspeed=97
Agent Steps: 0226M | FPS: 43248.6 | Last FPS: 44793.3 | Collect Time: 60.6 min | Train RL Time: 26.4 min | Current Best: 360.78
-----------------------
episode rewards: 365.14 | episode lengths: 265.58
episode rot angle(rad): 14.51
epsode sparse reward: 0.00
success rate (rot>6): 0.7147 (238/333)
best success rate: 0.7322
Terminations: Fall=25 | Drop=17 | Overspeed=83
Agent Steps: 0236M | FPS: 43324.6 | Last FPS: 45013.8 | Collect Time: 63.1 min | Train RL Time: 27.5 min | Current Best: 364.80
-----------------------
episode rewards: 372.34 | episode lengths: 270.22
episode rot angle(rad): 14.81
epsode sparse reward: 0.00
success rate (rot>6): 0.6964 (250/359)
best success rate: 0.7493
Terminations: Fall=40 | Drop=14 | Overspeed=85
Agent Steps: 0245M | FPS: 43390.1 | Last FPS: 44845.7 | Collect Time: 65.7 min | Train RL Time: 28.6 min | Current Best: 372.10
max steps achieved
Final best reward: 372.85
Final success rate: 0.7493
Final mean rotation angle (rad): 14.7793

OPTUNA_METRICS: reward=372.8504 success_rate=0.7493 mean_rot_angle=14.7793


训练指标:
  Best Reward:         372.8504
  Success Rate:        0.7493
  Mean Rot Angle(rad): 14.7793
  Composite Score:     1925.71
    = 1.0×372.85 + 100.0×0.7493 + 100.0×14.7793

================================================================================
[Optuna Trial 34] 训练完成
================================================================================

                                                                                           [I 2025-11-27 21:47:17,357] Trial 34 finished with value: 1925.7104 and parameters: {'learning_rate': 0.0009651150382476451, 'weight_decay': 1.4374450616091375e-05, 'gamma': 0.985, 'tau': 0.9, 'e_clip': 0.2, 'entropy_coef': 0.005291410407156006, 'critic_coef': 2.0, 'kl_threshold': 0.06700393950178861, 'mini_epochs': 10, 'minibatch_size': 32768, 'grad_norm': 1.0, 'angvelClipMin': -0.29546152436256096, 'angvelClipMax': 0.8373467387798998, 'angvelPenaltyThresHigh': 0.679782224724718, 'angvelPenaltyThresLow': -0.5524543863293202, 'rotate_reward_scale': 2.2249805939366722, 'obj_linvel_penalty_scale': -0.06897425603372546, 'torque_penalty_scale': -0.012525508527181083, 'hand_pose_consistency_penalty_scale': -0.05075851380344662, 'rotate_penalty_scale': -0.030632463207526203, 'pencil_z_dist_penalty_scale': -1.8486288753646611, 'position_penalty_scale': -0.28985842244375426}. Best is trial 22 with value: 2127.2165.
Best trial: 22. Best value: 2127.22:  85%|████████▌ | 34/40 [50:28:55<9:21:43, 5617.27s/it]Best trial: 22. Best value: 2127.22:  85%|████████▌ | 34/40 [50:28:55<9:21:43, 5617.27s/it]Best trial: 22. Best value: 2127.22:  88%|████████▊ | 35/40 [50:28:55<7:51:52, 5662.52s/it]
================================================================================
[Optuna Trial 35] 开始训练
================================================================================
试验参数:
  learning_rate                  = 0.0009787729420533756
  weight_decay                   = 1.4873409618128999e-05
  gamma                          = 0.985
  tau                            = 0.9
  e_clip                         = 0.2
  entropy_coef                   = 0.006083653933456494
  critic_coef                    = 2.0
  kl_threshold                   = 0.06747250879818514
  mini_epochs                    = 10
  minibatch_size                 = 32768
  grad_norm                      = 1.0
  angvelClipMin                  = -0.30217408359020437
  angvelClipMax                  = 0.8328885553198654
  angvelPenaltyThresHigh         = 0.6807173434907272
  angvelPenaltyThresLow          = -0.5477041683805584
  rotate_reward_scale            = 2.2579366374716683
  obj_linvel_penalty_scale       = -0.0715875986853368
  torque_penalty_scale           = -0.012740221006400222
  hand_pose_consistency_penalty_scale = -0.05943102084589053
  rotate_penalty_scale           = -0.09869846527869233
  pencil_z_dist_penalty_scale    = -1.9806247610504752
  position_penalty_scale         = -0.2312175374411676
输出目录: outputs/teacher_reproduce_trial_03/optuna_trial_0035
================================================================================


特权信息 (Privileged Information) 维度配置:
================================================================================
名称                             索引范围            维度       状态
--------------------------------------------------------------------------------
obj_position                   [ 0: 3]         3        [固定]
obj_scale                      [ 3: 4]         1        [固定]
obj_mass                       [ 4: 5]         1        [固定]
obj_friction                   [ 5: 6]         1        [固定]
obj_com                        [ 6: 9]         3        [固定]
--------------------------------------------------------------------------------
obj_orientation                [ 9:13]         4        ✓
obj_angvel                     [13:16]         3        ✓
fingertip_position             [16:31]         15       ✓
obj_restitution                [31:32]         1        ✓
tactile                        [32:47]         15       ✓
--------------------------------------------------------------------------------
总计: 10 项启用, 实际维度 = 47, 缓冲区大小 = 47
================================================================================

RunningMeanStd:  (126,)
RunningMeanStd:  47
RunningMeanStd:  3
RunningMeanStd:  (1,)
-----------------------
episode rewards: 40.83 | episode lengths: 45.66
episode rot angle(rad): 1.62
epsode sparse reward: 0.00
success rate (rot>6): 0.0000 (0/1844)
best success rate: 0.0000
Terminations: Fall=409 | Drop=1135 | Overspeed=300
Agent Steps: 0009M | FPS: 43575.6 | Last FPS: 44151.3 | Collect Time: 2.7 min | Train RL Time: 1.1 min | Current Best: -10000.00
-----------------------
episode rewards: 63.72 | episode lengths: 65.84
episode rot angle(rad): 2.42
epsode sparse reward: 0.00
success rate (rot>6): 0.0000 (0/1420)
best success rate: 0.0000
Terminations: Fall=290 | Drop=874 | Overspeed=256
Agent Steps: 0019M | FPS: 43590.6 | Last FPS: 44500.4 | Collect Time: 5.3 min | Train RL Time: 2.2 min | Current Best: -10000.00
-----------------------
episode rewards: 106.18 | episode lengths: 111.67
episode rot angle(rad): 3.98
epsode sparse reward: 0.00
success rate (rot>6): 0.1764 (115/652)
best success rate: 0.1764
Terminations: Fall=160 | Drop=242 | Overspeed=163
Agent Steps: 0029M | FPS: 43701.7 | Last FPS: 44698.3 | Collect Time: 7.9 min | Train RL Time: 3.4 min | Current Best: -10000.00
-----------------------
episode rewards: 224.89 | episode lengths: 204.72
episode rot angle(rad): 8.88
epsode sparse reward: 0.00
success rate (rot>6): 0.5679 (255/449)
best success rate: 0.5798
Terminations: Fall=84 | Drop=40 | Overspeed=117
Agent Steps: 0039M | FPS: 43948.3 | Last FPS: 45185.9 | Collect Time: 10.4 min | Train RL Time: 4.5 min | Current Best: -10000.00
-----------------------
episode rewards: 283.96 | episode lengths: 238.73
episode rot angle(rad): 11.36
epsode sparse reward: 0.00
success rate (rot>6): 0.5804 (249/429)
best success rate: 0.6732
Terminations: Fall=78 | Drop=26 | Overspeed=107
Agent Steps: 0049M | FPS: 44175.2 | Last FPS: 45041.6 | Collect Time: 13.0 min | Train RL Time: 5.6 min | Current Best: -10000.00
-----------------------
episode rewards: 307.50 | episode lengths: 247.86
episode rot angle(rad): 12.46
epsode sparse reward: 0.00
success rate (rot>6): 0.6263 (243/388)
best success rate: 0.6795
Terminations: Fall=65 | Drop=19 | Overspeed=86
Agent Steps: 0059M | FPS: 44367.9 | Last FPS: 44769.8 | Collect Time: 15.4 min | Train RL Time: 6.7 min | Current Best: 307.09
-----------------------
episode rewards: 310.75 | episode lengths: 245.75
episode rot angle(rad): 12.85
epsode sparse reward: 0.00
success rate (rot>6): 0.5640 (207/367)
best success rate: 0.6795
Terminations: Fall=72 | Drop=22 | Overspeed=94
Agent Steps: 0068M | FPS: 44515.8 | Last FPS: 44193.5 | Collect Time: 17.9 min | Train RL Time: 7.8 min | Current Best: 311.09
-----------------------
episode rewards: 313.28 | episode lengths: 246.35
episode rot angle(rad): 13.20
epsode sparse reward: 0.00
success rate (rot>6): 0.6185 (214/346)
best success rate: 0.6804
Terminations: Fall=62 | Drop=22 | Overspeed=96
Agent Steps: 0078M | FPS: 44658.5 | Last FPS: 45650.8 | Collect Time: 20.4 min | Train RL Time: 9.0 min | Current Best: 315.16
-----------------------
episode rewards: 310.14 | episode lengths: 242.05
episode rot angle(rad): 13.21
epsode sparse reward: 0.00
success rate (rot>6): 0.5630 (219/389)
best success rate: 0.6804
Terminations: Fall=89 | Drop=18 | Overspeed=109
Agent Steps: 0088M | FPS: 44774.4 | Last FPS: 44667.3 | Collect Time: 22.8 min | Train RL Time: 10.1 min | Current Best: 315.16
-----------------------
episode rewards: 311.40 | episode lengths: 242.30
episode rot angle(rad): 13.45
epsode sparse reward: 0.00
success rate (rot>6): 0.5574 (233/418)
best success rate: 0.6804
Terminations: Fall=74 | Drop=33 | Overspeed=126
Agent Steps: 0098M | FPS: 44845.2 | Last FPS: 45302.0 | Collect Time: 25.3 min | Train RL Time: 11.2 min | Current Best: 315.16
-----------------------
episode rewards: 315.42 | episode lengths: 245.87
episode rot angle(rad): 13.60
epsode sparse reward: 0.00
success rate (rot>6): 0.5901 (262/444)
best success rate: 0.6804
Terminations: Fall=80 | Drop=29 | Overspeed=121
Agent Steps: 0108M | FPS: 44911.0 | Last FPS: 46259.2 | Collect Time: 27.8 min | Train RL Time: 12.3 min | Current Best: 315.95
-----------------------
episode rewards: 315.57 | episode lengths: 243.72
episode rot angle(rad): 13.68
epsode sparse reward: 0.00
success rate (rot>6): 0.6405 (269/420)
best success rate: 0.6804
Terminations: Fall=61 | Drop=21 | Overspeed=118
Agent Steps: 0118M | FPS: 44965.8 | Last FPS: 46298.7 | Collect Time: 30.2 min | Train RL Time: 13.4 min | Current Best: 316.15
-----------------------
episode rewards: 313.70 | episode lengths: 241.03
episode rot angle(rad): 13.75
epsode sparse reward: 0.00
success rate (rot>6): 0.5823 (244/419)
best success rate: 0.6804
Terminations: Fall=80 | Drop=20 | Overspeed=130
Agent Steps: 0127M | FPS: 45025.1 | Last FPS: 44961.0 | Collect Time: 32.7 min | Train RL Time: 14.6 min | Current Best: 316.15
-----------------------
episode rewards: 315.51 | episode lengths: 240.86
episode rot angle(rad): 13.93
epsode sparse reward: 0.00
success rate (rot>6): 0.6574 (261/397)
best success rate: 0.6804
Terminations: Fall=65 | Drop=18 | Overspeed=102
Agent Steps: 0137M | FPS: 45080.4 | Last FPS: 45614.3 | Collect Time: 35.1 min | Train RL Time: 15.7 min | Current Best: 317.99
-----------------------
episode rewards: 319.87 | episode lengths: 243.20
episode rot angle(rad): 14.15
epsode sparse reward: 0.00
success rate (rot>6): 0.5752 (241/419)
best success rate: 0.6974
Terminations: Fall=72 | Drop=16 | Overspeed=138
Agent Steps: 0147M | FPS: 45131.8 | Last FPS: 45380.4 | Collect Time: 37.6 min | Train RL Time: 16.8 min | Current Best: 320.29
-----------------------
episode rewards: 326.03 | episode lengths: 247.04
episode rot angle(rad): 14.43
epsode sparse reward: 0.00
success rate (rot>6): 0.5995 (247/412)
best success rate: 0.6974
Terminations: Fall=65 | Drop=22 | Overspeed=119
Agent Steps: 0157M | FPS: 45188.2 | Last FPS: 46656.1 | Collect Time: 40.0 min | Train RL Time: 17.9 min | Current Best: 326.21
-----------------------
episode rewards: 331.05 | episode lengths: 249.99
episode rot angle(rad): 14.53
epsode sparse reward: 0.00
success rate (rot>6): 0.5851 (244/417)
best success rate: 0.6987
Terminations: Fall=88 | Drop=11 | Overspeed=113
Agent Steps: 0167M | FPS: 45252.8 | Last FPS: 46359.1 | Collect Time: 42.4 min | Train RL Time: 19.1 min | Current Best: 331.39
-----------------------
episode rewards: 332.17 | episode lengths: 249.42
episode rot angle(rad): 14.71
epsode sparse reward: 0.00
success rate (rot>6): 0.6725 (269/400)
best success rate: 0.6987
Terminations: Fall=72 | Drop=9 | Overspeed=97
Agent Steps: 0177M | FPS: 45310.0 | Last FPS: 45760.2 | Collect Time: 44.8 min | Train RL Time: 20.2 min | Current Best: 332.68
-----------------------
episode rewards: 336.22 | episode lengths: 251.40
episode rot angle(rad): 14.95
epsode sparse reward: 0.00
success rate (rot>6): 0.6353 (270/425)
best success rate: 0.6987
Terminations: Fall=79 | Drop=17 | Overspeed=116
Agent Steps: 0186M | FPS: 45354.0 | Last FPS: 46015.3 | Collect Time: 47.3 min | Train RL Time: 21.3 min | Current Best: 336.28
-----------------------
episode rewards: 339.75 | episode lengths: 252.98
episode rot angle(rad): 15.10
epsode sparse reward: 0.00
success rate (rot>6): 0.6346 (257/405)
best success rate: 0.7143
Terminations: Fall=71 | Drop=18 | Overspeed=94
Agent Steps: 0196M | FPS: 45397.9 | Last FPS: 46104.1 | Collect Time: 49.7 min | Train RL Time: 22.4 min | Current Best: 341.06
-----------------------
episode rewards: 342.16 | episode lengths: 254.10
episode rot angle(rad): 15.20
epsode sparse reward: 0.00
success rate (rot>6): 0.6253 (242/387)
best success rate: 0.7143
Terminations: Fall=62 | Drop=23 | Overspeed=105
Agent Steps: 0206M | FPS: 45436.3 | Last FPS: 45361.0 | Collect Time: 52.1 min | Train RL Time: 23.5 min | Current Best: 342.80
-----------------------
episode rewards: 341.01 | episode lengths: 253.05
episode rot angle(rad): 15.15
epsode sparse reward: 0.00
success rate (rot>6): 0.6410 (275/429)
best success rate: 0.7249
Terminations: Fall=77 | Drop=16 | Overspeed=108
Agent Steps: 0216M | FPS: 45478.4 | Last FPS: 45986.0 | Collect Time: 54.5 min | Train RL Time: 24.7 min | Current Best: 344.22
-----------------------
episode rewards: 345.82 | episode lengths: 255.99
episode rot angle(rad): 15.38
epsode sparse reward: 0.00
success rate (rot>6): 0.6072 (269/443)
best success rate: 0.7249
Terminations: Fall=73 | Drop=10 | Overspeed=142
Agent Steps: 0226M | FPS: 45521.5 | Last FPS: 46876.9 | Collect Time: 56.9 min | Train RL Time: 25.8 min | Current Best: 346.70
-----------------------
episode rewards: 349.56 | episode lengths: 258.27
episode rot angle(rad): 15.62
epsode sparse reward: 0.00
success rate (rot>6): 0.6370 (258/405)
best success rate: 0.7249
Terminations: Fall=64 | Drop=15 | Overspeed=118
Agent Steps: 0236M | FPS: 45562.6 | Last FPS: 45801.8 | Collect Time: 59.3 min | Train RL Time: 26.9 min | Current Best: 350.46
-----------------------
episode rewards: 352.05 | episode lengths: 259.94
episode rot angle(rad): 15.63
epsode sparse reward: 0.00
success rate (rot>6): 0.6719 (258/384)
best success rate: 0.7456
Terminations: Fall=57 | Drop=10 | Overspeed=96
Agent Steps: 0245M | FPS: 45594.2 | Last FPS: 46633.0 | Collect Time: 61.7 min | Train RL Time: 28.0 min | Current Best: 352.69
max steps achieved
Final best reward: 354.22
Final success rate: 0.7456
Final mean rotation angle (rad): 15.6855

OPTUNA_METRICS: reward=354.2222 success_rate=0.7456 mean_rot_angle=15.6855


训练指标:
  Best Reward:         354.2222
  Success Rate:        0.7456
  Mean Rot Angle(rad): 15.6855
  Composite Score:     1997.33
    = 1.0×354.22 + 100.0×0.7456 + 100.0×15.6855

================================================================================
[Optuna Trial 35] 训练完成
================================================================================

                                                                                           [I 2025-11-27 23:18:48,350] Trial 35 finished with value: 1997.3321999999998 and parameters: {'learning_rate': 0.0009787729420533756, 'weight_decay': 1.4873409618128999e-05, 'gamma': 0.985, 'tau': 0.9, 'e_clip': 0.2, 'entropy_coef': 0.006083653933456494, 'critic_coef': 2.0, 'kl_threshold': 0.06747250879818514, 'mini_epochs': 10, 'minibatch_size': 32768, 'grad_norm': 1.0, 'angvelClipMin': -0.30217408359020437, 'angvelClipMax': 0.8328885553198654, 'angvelPenaltyThresHigh': 0.6807173434907272, 'angvelPenaltyThresLow': -0.5477041683805584, 'rotate_reward_scale': 2.2579366374716683, 'obj_linvel_penalty_scale': -0.0715875986853368, 'torque_penalty_scale': -0.012740221006400222, 'hand_pose_consistency_penalty_scale': -0.05943102084589053, 'rotate_penalty_scale': -0.09869846527869233, 'pencil_z_dist_penalty_scale': -1.9806247610504752, 'position_penalty_scale': -0.2312175374411676}. Best is trial 22 with value: 2127.2165.
Best trial: 22. Best value: 2127.22:  88%|████████▊ | 35/40 [52:00:26<7:51:52, 5662.52s/it]Best trial: 22. Best value: 2127.22:  88%|████████▊ | 35/40 [52:00:26<7:51:52, 5662.52s/it]Best trial: 22. Best value: 2127.22:  90%|█████████ | 36/40 [52:00:26<6:14:04, 5611.06s/it]
================================================================================
[Optuna Trial 36] 开始训练
================================================================================
试验参数:
  learning_rate                  = 0.0009775107947894307
  weight_decay                   = 3.147465988106824e-05
  gamma                          = 0.985
  tau                            = 0.9
  e_clip                         = 0.2
  entropy_coef                   = 0.006283522621339675
  critic_coef                    = 2.0
  kl_threshold                   = 0.031302917984743155
  mini_epochs                    = 10
  minibatch_size                 = 32768
  grad_norm                      = 1.0
  angvelClipMin                  = -0.3438277150023127
  angvelClipMax                  = 0.5931246692845614
  angvelPenaltyThresHigh         = 0.6283030657248079
  angvelPenaltyThresLow          = -0.6226803906094831
  rotate_reward_scale            = 2.488006177511166
  obj_linvel_penalty_scale       = -0.0741794709669336
  torque_penalty_scale           = -0.014449807410674498
  hand_pose_consistency_penalty_scale = -0.059772059516561456
  rotate_penalty_scale           = -0.09548655347481808
  pencil_z_dist_penalty_scale    = -1.998975261586983
  position_penalty_scale         = -0.23075076441129064
输出目录: outputs/teacher_reproduce_trial_03/optuna_trial_0036
================================================================================


特权信息 (Privileged Information) 维度配置:
================================================================================
名称                             索引范围            维度       状态
--------------------------------------------------------------------------------
obj_position                   [ 0: 3]         3        [固定]
obj_scale                      [ 3: 4]         1        [固定]
obj_mass                       [ 4: 5]         1        [固定]
obj_friction                   [ 5: 6]         1        [固定]
obj_com                        [ 6: 9]         3        [固定]
--------------------------------------------------------------------------------
obj_orientation                [ 9:13]         4        ✓
obj_angvel                     [13:16]         3        ✓
fingertip_position             [16:31]         15       ✓
obj_restitution                [31:32]         1        ✓
tactile                        [32:47]         15       ✓
--------------------------------------------------------------------------------
总计: 10 项启用, 实际维度 = 47, 缓冲区大小 = 47
================================================================================

RunningMeanStd:  (126,)
RunningMeanStd:  47
RunningMeanStd:  3
RunningMeanStd:  (1,)
-----------------------
episode rewards: 34.21 | episode lengths: 44.58
episode rot angle(rad): 1.45
epsode sparse reward: 0.00
success rate (rot>6): 0.0000 (0/2050)
best success rate: 0.0000
Terminations: Fall=303 | Drop=1380 | Overspeed=367
Agent Steps: 0009M | FPS: 43987.8 | Last FPS: 44321.0 | Collect Time: 2.6 min | Train RL Time: 1.1 min | Current Best: -10000.00
-----------------------
episode rewards: 49.95 | episode lengths: 63.55
episode rot angle(rad): 1.97
epsode sparse reward: 0.00
success rate (rot>6): 0.0000 (0/1408)
best success rate: 0.0000
Terminations: Fall=168 | Drop=949 | Overspeed=291
Agent Steps: 0019M | FPS: 43837.5 | Last FPS: 43660.8 | Collect Time: 5.2 min | Train RL Time: 2.2 min | Current Best: -10000.00
-----------------------
episode rewards: 58.19 | episode lengths: 69.71
episode rot angle(rad): 2.20
epsode sparse reward: 0.00
success rate (rot>6): 0.0000 (0/1432)
best success rate: 0.0000
Terminations: Fall=182 | Drop=954 | Overspeed=296
Agent Steps: 0029M | FPS: 43750.8 | Last FPS: 43551.9 | Collect Time: 7.9 min | Train RL Time: 3.4 min | Current Best: -10000.00
-----------------------
episode rewards: 64.14 | episode lengths: 74.73
episode rot angle(rad): 2.39
epsode sparse reward: 0.00
success rate (rot>6): 0.0000 (0/1319)
best success rate: 0.0000
Terminations: Fall=138 | Drop=890 | Overspeed=291
Agent Steps: 0039M | FPS: 43678.8 | Last FPS: 43599.0 | Collect Time: 10.5 min | Train RL Time: 4.5 min | Current Best: -10000.00
-----------------------
episode rewards: 67.31 | episode lengths: 77.72
episode rot angle(rad): 2.51
epsode sparse reward: 0.00
success rate (rot>6): 0.0000 (0/1297)
best success rate: 0.0000
Terminations: Fall=148 | Drop=799 | Overspeed=350
Agent Steps: 0049M | FPS: 43693.2 | Last FPS: 44236.5 | Collect Time: 13.1 min | Train RL Time: 5.6 min | Current Best: -10000.00
-----------------------
episode rewards: 69.65 | episode lengths: 81.33
episode rot angle(rad): 2.59
epsode sparse reward: 0.00
success rate (rot>6): 0.0000 (0/1140)
best success rate: 0.0009
Terminations: Fall=156 | Drop=724 | Overspeed=260
Agent Steps: 0059M | FPS: 43732.0 | Last FPS: 44686.3 | Collect Time: 15.7 min | Train RL Time: 6.7 min | Current Best: 69.71
-----------------------
episode rewards: 82.31 | episode lengths: 101.60
episode rot angle(rad): 3.05
epsode sparse reward: 0.00
success rate (rot>6): 0.0388 (34/876)
best success rate: 0.0552
Terminations: Fall=149 | Drop=504 | Overspeed=197
Agent Steps: 0068M | FPS: 43755.6 | Last FPS: 43378.0 | Collect Time: 18.3 min | Train RL Time: 7.9 min | Current Best: 82.24
-----------------------
episode rewards: 107.17 | episode lengths: 132.77
episode rot angle(rad): 4.05
epsode sparse reward: 0.00
success rate (rot>6): 0.1279 (88/688)
best success rate: 0.1452
Terminations: Fall=129 | Drop=310 | Overspeed=148
Agent Steps: 0078M | FPS: 43786.3 | Last FPS: 44895.6 | Collect Time: 20.9 min | Train RL Time: 9.0 min | Current Best: 106.97
-----------------------
episode rewards: 131.18 | episode lengths: 156.71
episode rot angle(rad): 5.05
epsode sparse reward: 0.00
success rate (rot>6): 0.2302 (131/569)
best success rate: 0.2371
Terminations: Fall=92 | Drop=217 | Overspeed=123
Agent Steps: 0088M | FPS: 43872.3 | Last FPS: 44583.5 | Collect Time: 23.5 min | Train RL Time: 10.1 min | Current Best: 130.86
-----------------------
episode rewards: 142.93 | episode lengths: 164.80
episode rot angle(rad): 5.57
epsode sparse reward: 0.00
success rate (rot>6): 0.2747 (161/586)
best success rate: 0.2747
Terminations: Fall=90 | Drop=203 | Overspeed=135
Agent Steps: 0098M | FPS: 43970.2 | Last FPS: 45000.3 | Collect Time: 26.0 min | Train RL Time: 11.2 min | Current Best: 142.73
-----------------------
episode rewards: 157.22 | episode lengths: 178.77
episode rot angle(rad): 6.18
epsode sparse reward: 0.00
success rate (rot>6): 0.2709 (152/561)
best success rate: 0.3252
Terminations: Fall=87 | Drop=179 | Overspeed=135
Agent Steps: 0108M | FPS: 44040.3 | Last FPS: 44831.8 | Collect Time: 28.5 min | Train RL Time: 12.3 min | Current Best: 157.32
-----------------------
episode rewards: 163.57 | episode lengths: 183.66
episode rot angle(rad): 6.49
epsode sparse reward: 0.00
success rate (rot>6): 0.2949 (161/546)
best success rate: 0.3483
Terminations: Fall=78 | Drop=169 | Overspeed=138
Agent Steps: 0118M | FPS: 44112.8 | Last FPS: 44332.8 | Collect Time: 31.1 min | Train RL Time: 13.5 min | Current Best: 163.56
-----------------------
episode rewards: 172.89 | episode lengths: 190.16
episode rot angle(rad): 6.92
epsode sparse reward: 0.00
success rate (rot>6): 0.3521 (175/497)
best success rate: 0.3966
Terminations: Fall=70 | Drop=142 | Overspeed=122
Agent Steps: 0127M | FPS: 44180.8 | Last FPS: 45075.6 | Collect Time: 33.6 min | Train RL Time: 14.6 min | Current Best: 172.74
-----------------------
episode rewards: 178.15 | episode lengths: 193.77
episode rot angle(rad): 7.18
epsode sparse reward: 0.00
success rate (rot>6): 0.3570 (181/507)
best success rate: 0.4120
Terminations: Fall=71 | Drop=148 | Overspeed=117
Agent Steps: 0137M | FPS: 44245.6 | Last FPS: 44811.7 | Collect Time: 36.1 min | Train RL Time: 15.7 min | Current Best: 178.35
-----------------------
episode rewards: 187.33 | episode lengths: 202.31
episode rot angle(rad): 7.60
epsode sparse reward: 0.00
success rate (rot>6): 0.3702 (191/516)
best success rate: 0.4371
Terminations: Fall=82 | Drop=131 | Overspeed=127
Agent Steps: 0147M | FPS: 44300.7 | Last FPS: 44375.1 | Collect Time: 38.6 min | Train RL Time: 16.8 min | Current Best: 187.53
-----------------------
episode rewards: 190.80 | episode lengths: 205.16
episode rot angle(rad): 7.78
epsode sparse reward: 0.00
success rate (rot>6): 0.3963 (195/492)
best success rate: 0.4454
Terminations: Fall=99 | Drop=100 | Overspeed=119
Agent Steps: 0157M | FPS: 44344.0 | Last FPS: 45517.0 | Collect Time: 41.1 min | Train RL Time: 17.9 min | Current Best: 191.07
-----------------------
episode rewards: 199.47 | episode lengths: 212.81
episode rot angle(rad): 8.25
epsode sparse reward: 0.00
success rate (rot>6): 0.4499 (202/449)
best success rate: 0.4933
Terminations: Fall=62 | Drop=85 | Overspeed=116
Agent Steps: 0167M | FPS: 44392.4 | Last FPS: 45259.2 | Collect Time: 43.6 min | Train RL Time: 19.1 min | Current Best: 199.30
-----------------------
episode rewards: 206.00 | episode lengths: 218.90
episode rot angle(rad): 8.59
epsode sparse reward: 0.00
success rate (rot>6): 0.4712 (213/452)
best success rate: 0.5068
Terminations: Fall=73 | Drop=65 | Overspeed=117
Agent Steps: 0177M | FPS: 44438.1 | Last FPS: 44571.0 | Collect Time: 46.1 min | Train RL Time: 20.2 min | Current Best: 206.14
-----------------------
episode rewards: 210.96 | episode lengths: 224.46
episode rot angle(rad): 8.82
epsode sparse reward: 0.00
success rate (rot>6): 0.5023 (217/432)
best success rate: 0.5540
Terminations: Fall=61 | Drop=59 | Overspeed=120
Agent Steps: 0186M | FPS: 44477.8 | Last FPS: 44696.7 | Collect Time: 48.6 min | Train RL Time: 21.3 min | Current Best: 211.09
-----------------------
episode rewards: 214.68 | episode lengths: 228.46
episode rot angle(rad): 9.07
epsode sparse reward: 0.00
success rate (rot>6): 0.4729 (201/425)
best success rate: 0.5584
Terminations: Fall=53 | Drop=62 | Overspeed=126
Agent Steps: 0196M | FPS: 44509.1 | Last FPS: 44626.6 | Collect Time: 51.1 min | Train RL Time: 22.4 min | Current Best: 215.10
-----------------------
episode rewards: 216.55 | episode lengths: 229.86
episode rot angle(rad): 9.20
epsode sparse reward: 0.00
success rate (rot>6): 0.5243 (205/391)
best success rate: 0.5773
Terminations: Fall=54 | Drop=48 | Overspeed=106
Agent Steps: 0206M | FPS: 44537.9 | Last FPS: 44603.9 | Collect Time: 53.6 min | Train RL Time: 23.6 min | Current Best: 217.20
-----------------------
episode rewards: 219.57 | episode lengths: 232.61
episode rot angle(rad): 9.36
epsode sparse reward: 0.00
success rate (rot>6): 0.4818 (212/440)
best success rate: 0.5777
Terminations: Fall=69 | Drop=53 | Overspeed=124
Agent Steps: 0216M | FPS: 44563.6 | Last FPS: 45990.2 | Collect Time: 56.1 min | Train RL Time: 24.7 min | Current Best: 220.00
-----------------------
episode rewards: 220.79 | episode lengths: 233.82
episode rot angle(rad): 9.47
epsode sparse reward: 0.00
success rate (rot>6): 0.5506 (223/405)
best success rate: 0.5777
Terminations: Fall=55 | Drop=48 | Overspeed=101
Agent Steps: 0226M | FPS: 44588.5 | Last FPS: 45023.5 | Collect Time: 58.6 min | Train RL Time: 25.8 min | Current Best: 220.59
-----------------------
episode rewards: 221.95 | episode lengths: 235.00
episode rot angle(rad): 9.58
epsode sparse reward: 0.00
success rate (rot>6): 0.4955 (219/442)
best success rate: 0.5777
Terminations: Fall=66 | Drop=52 | Overspeed=132
Agent Steps: 0236M | FPS: 44608.2 | Last FPS: 45747.8 | Collect Time: 61.1 min | Train RL Time: 26.9 min | Current Best: 223.52
-----------------------
episode rewards: 219.92 | episode lengths: 233.68
episode rot angle(rad): 9.46
epsode sparse reward: 0.00
success rate (rot>6): 0.4909 (216/440)
best success rate: 0.5777
Terminations: Fall=71 | Drop=59 | Overspeed=107
Agent Steps: 0245M | FPS: 44625.2 | Last FPS: 45417.7 | Collect Time: 63.6 min | Train RL Time: 28.0 min | Current Best: 223.52
max steps achieved
Final best reward: 223.52
Final success rate: 0.5777
Final mean rotation angle (rad): 9.4944

OPTUNA_METRICS: reward=223.5220 success_rate=0.5777 mean_rot_angle=9.4944


训练指标:
  Best Reward:         223.5220
  Success Rate:        0.5777
  Mean Rot Angle(rad): 9.4944
  Composite Score:     1230.73
    = 1.0×223.52 + 100.0×0.5777 + 100.0×9.4944

================================================================================
[Optuna Trial 36] 训练完成
================================================================================

                                                                                           [I 2025-11-28 00:52:19,650] Trial 36 finished with value: 1230.732 and parameters: {'learning_rate': 0.0009775107947894307, 'weight_decay': 3.147465988106824e-05, 'gamma': 0.985, 'tau': 0.9, 'e_clip': 0.2, 'entropy_coef': 0.006283522621339675, 'critic_coef': 2.0, 'kl_threshold': 0.031302917984743155, 'mini_epochs': 10, 'minibatch_size': 32768, 'grad_norm': 1.0, 'angvelClipMin': -0.3438277150023127, 'angvelClipMax': 0.5931246692845614, 'angvelPenaltyThresHigh': 0.6283030657248079, 'angvelPenaltyThresLow': -0.6226803906094831, 'rotate_reward_scale': 2.488006177511166, 'obj_linvel_penalty_scale': -0.0741794709669336, 'torque_penalty_scale': -0.014449807410674498, 'hand_pose_consistency_penalty_scale': -0.059772059516561456, 'rotate_penalty_scale': -0.09548655347481808, 'pencil_z_dist_penalty_scale': -1.998975261586983, 'position_penalty_scale': -0.23075076441129064}. Best is trial 22 with value: 2127.2165.
Best trial: 22. Best value: 2127.22:  90%|█████████ | 36/40 [53:33:57<6:14:04, 5611.06s/it]Best trial: 22. Best value: 2127.22:  90%|█████████ | 36/40 [53:33:57<6:14:04, 5611.06s/it]Best trial: 22. Best value: 2127.22:  92%|█████████▎| 37/40 [53:33:57<4:40:33, 5611.13s/it]
================================================================================
[Optuna Trial 37] 开始训练
================================================================================
试验参数:
  learning_rate                  = 0.0008001660691103567
  weight_decay                   = 1.5714996596668226e-05
  gamma                          = 0.985
  tau                            = 0.9
  e_clip                         = 0.2
  entropy_coef                   = 0.007354943455841083
  critic_coef                    = 2.0
  kl_threshold                   = 0.06361504689867777
  mini_epochs                    = 10
  minibatch_size                 = 32768
  grad_norm                      = 1.0
  angvelClipMin                  = -0.2598151949564161
  angvelClipMax                  = 0.8034678106684227
  angvelPenaltyThresHigh         = 0.547926652816453
  angvelPenaltyThresLow          = -0.5716602732904005
  rotate_reward_scale            = 2.3661240676340656
  obj_linvel_penalty_scale       = -0.05031219857904937
  torque_penalty_scale           = -0.011813496447907365
  hand_pose_consistency_penalty_scale = -0.057644180185462336
  rotate_penalty_scale           = -0.06566432738684908
  pencil_z_dist_penalty_scale    = -1.9582813732243063
  position_penalty_scale         = -0.1933795626410028
输出目录: outputs/teacher_reproduce_trial_03/optuna_trial_0037
================================================================================


特权信息 (Privileged Information) 维度配置:
================================================================================
名称                             索引范围            维度       状态
--------------------------------------------------------------------------------
obj_position                   [ 0: 3]         3        [固定]
obj_scale                      [ 3: 4]         1        [固定]
obj_mass                       [ 4: 5]         1        [固定]
obj_friction                   [ 5: 6]         1        [固定]
obj_com                        [ 6: 9]         3        [固定]
--------------------------------------------------------------------------------
obj_orientation                [ 9:13]         4        ✓
obj_angvel                     [13:16]         3        ✓
fingertip_position             [16:31]         15       ✓
obj_restitution                [31:32]         1        ✓
tactile                        [32:47]         15       ✓
--------------------------------------------------------------------------------
总计: 10 项启用, 实际维度 = 47, 缓冲区大小 = 47
================================================================================

RunningMeanStd:  (126,)
RunningMeanStd:  47
RunningMeanStd:  3
RunningMeanStd:  (1,)
-----------------------
episode rewards: 43.26 | episode lengths: 49.62
episode rot angle(rad): 1.58
epsode sparse reward: 0.00
success rate (rot>6): 0.0000 (0/1990)
best success rate: 0.0000
Terminations: Fall=379 | Drop=1134 | Overspeed=476
Agent Steps: 0009M | FPS: 43538.1 | Last FPS: 43712.1 | Collect Time: 2.7 min | Train RL Time: 1.1 min | Current Best: -10000.00
-----------------------
episode rewards: 64.51 | episode lengths: 64.74
episode rot angle(rad): 2.22
epsode sparse reward: 0.00
success rate (rot>6): 0.0000 (0/1436)
best success rate: 0.0000
Terminations: Fall=252 | Drop=835 | Overspeed=349
Agent Steps: 0019M | FPS: 43643.9 | Last FPS: 43670.4 | Collect Time: 5.3 min | Train RL Time: 2.2 min | Current Best: -10000.00
-----------------------
episode rewards: 74.12 | episode lengths: 73.46
episode rot angle(rad): 2.51
epsode sparse reward: 0.00
success rate (rot>6): 0.0000 (0/1271)
best success rate: 0.0000
Terminations: Fall=212 | Drop=765 | Overspeed=294
Agent Steps: 0029M | FPS: 43578.3 | Last FPS: 43698.1 | Collect Time: 7.9 min | Train RL Time: 3.4 min | Current Best: -10000.00
-----------------------
episode rewards: 82.75 | episode lengths: 84.24
episode rot angle(rad): 2.79
epsode sparse reward: 0.00
success rate (rot>6): 0.0000 (0/1157)
best success rate: 0.0008
Terminations: Fall=210 | Drop=639 | Overspeed=308
Agent Steps: 0039M | FPS: 43550.1 | Last FPS: 43849.0 | Collect Time: 10.6 min | Train RL Time: 4.5 min | Current Best: -10000.00
-----------------------
episode rewards: 104.92 | episode lengths: 108.33
episode rot angle(rad): 3.59
epsode sparse reward: 0.00
success rate (rot>6): 0.0503 (44/874)
best success rate: 0.0585
Terminations: Fall=157 | Drop=394 | Overspeed=284
Agent Steps: 0049M | FPS: 43552.5 | Last FPS: 44448.0 | Collect Time: 13.2 min | Train RL Time: 5.6 min | Current Best: -10000.00
-----------------------
episode rewards: 130.26 | episode lengths: 130.07
episode rot angle(rad): 4.49
epsode sparse reward: 0.00
success rate (rot>6): 0.1267 (91/718)
best success rate: 0.1435
Terminations: Fall=140 | Drop=268 | Overspeed=228
Agent Steps: 0059M | FPS: 43572.7 | Last FPS: 43865.4 | Collect Time: 15.8 min | Train RL Time: 6.7 min | Current Best: 130.06
-----------------------
episode rewards: 141.86 | episode lengths: 134.04
episode rot angle(rad): 5.03
epsode sparse reward: 0.00
success rate (rot>6): 0.1295 (94/726)
best success rate: 0.1908
Terminations: Fall=141 | Drop=269 | Overspeed=239
Agent Steps: 0068M | FPS: 43584.3 | Last FPS: 44151.1 | Collect Time: 18.5 min | Train RL Time: 7.9 min | Current Best: 142.83
-----------------------
episode rewards: 153.46 | episode lengths: 142.64
episode rot angle(rad): 5.41
epsode sparse reward: 0.00
success rate (rot>6): 0.1570 (108/688)
best success rate: 0.2186
Terminations: Fall=130 | Drop=212 | Overspeed=250
Agent Steps: 0078M | FPS: 43635.0 | Last FPS: 44208.2 | Collect Time: 21.0 min | Train RL Time: 9.0 min | Current Best: 154.62
-----------------------
episode rewards: 162.66 | episode lengths: 148.70
episode rot angle(rad): 5.80
epsode sparse reward: 0.00
success rate (rot>6): 0.1835 (120/654)
best success rate: 0.2444
Terminations: Fall=128 | Drop=206 | Overspeed=221
Agent Steps: 0088M | FPS: 43677.9 | Last FPS: 43041.2 | Collect Time: 23.6 min | Train RL Time: 10.1 min | Current Best: 162.90
-----------------------
episode rewards: 168.08 | episode lengths: 152.43
episode rot angle(rad): 6.01
epsode sparse reward: 0.00
success rate (rot>6): 0.2412 (157/651)
best success rate: 0.2845
Terminations: Fall=115 | Drop=167 | Overspeed=239
Agent Steps: 0098M | FPS: 43706.4 | Last FPS: 44742.9 | Collect Time: 26.2 min | Train RL Time: 11.2 min | Current Best: 172.48
-----------------------
episode rewards: 179.01 | episode lengths: 161.83
episode rot angle(rad): 6.57
epsode sparse reward: 0.00
success rate (rot>6): 0.2616 (164/627)
best success rate: 0.3255
Terminations: Fall=120 | Drop=149 | Overspeed=229
Agent Steps: 0108M | FPS: 43753.7 | Last FPS: 44247.7 | Collect Time: 28.8 min | Train RL Time: 12.3 min | Current Best: 179.68
-----------------------
episode rewards: 194.77 | episode lengths: 172.27
episode rot angle(rad): 7.21
epsode sparse reward: 0.00
success rate (rot>6): 0.3619 (194/536)
best success rate: 0.3692
Terminations: Fall=73 | Drop=109 | Overspeed=192
Agent Steps: 0118M | FPS: 43801.1 | Last FPS: 43996.9 | Collect Time: 31.4 min | Train RL Time: 13.5 min | Current Best: 194.29
-----------------------
episode rewards: 221.12 | episode lengths: 191.06
episode rot angle(rad): 8.07
epsode sparse reward: 0.00
success rate (rot>6): 0.3832 (192/501)
best success rate: 0.4359
Terminations: Fall=74 | Drop=63 | Overspeed=197
Agent Steps: 0127M | FPS: 43835.6 | Last FPS: 43997.9 | Collect Time: 34.0 min | Train RL Time: 14.6 min | Current Best: 221.08
-----------------------
episode rewards: 243.26 | episode lengths: 205.80
episode rot angle(rad): 8.83
epsode sparse reward: 0.00
success rate (rot>6): 0.4678 (211/451)
best success rate: 0.5125
Terminations: Fall=58 | Drop=47 | Overspeed=175
Agent Steps: 0137M | FPS: 43885.5 | Last FPS: 44814.8 | Collect Time: 36.5 min | Train RL Time: 15.7 min | Current Best: 243.14
-----------------------
episode rewards: 253.57 | episode lengths: 212.26
episode rot angle(rad): 9.21
epsode sparse reward: 0.00
success rate (rot>6): 0.5071 (213/420)
best success rate: 0.5203
Terminations: Fall=49 | Drop=48 | Overspeed=141
Agent Steps: 0147M | FPS: 43927.7 | Last FPS: 44621.4 | Collect Time: 39.1 min | Train RL Time: 16.8 min | Current Best: 253.68
-----------------------
episode rewards: 257.52 | episode lengths: 213.26
episode rot angle(rad): 9.41
epsode sparse reward: 0.00
success rate (rot>6): 0.4705 (207/440)
best success rate: 0.5435
Terminations: Fall=57 | Drop=21 | Overspeed=189
Agent Steps: 0157M | FPS: 43960.7 | Last FPS: 44590.1 | Collect Time: 41.6 min | Train RL Time: 17.9 min | Current Best: 257.84
-----------------------
episode rewards: 264.82 | episode lengths: 216.90
episode rot angle(rad): 9.68
epsode sparse reward: 0.00
success rate (rot>6): 0.4758 (226/475)
best success rate: 0.5489
Terminations: Fall=70 | Drop=23 | Overspeed=202
Agent Steps: 0167M | FPS: 43997.0 | Last FPS: 44787.2 | Collect Time: 44.2 min | Train RL Time: 19.1 min | Current Best: 265.93
-----------------------
episode rewards: 270.89 | episode lengths: 220.34
episode rot angle(rad): 9.90
epsode sparse reward: 0.00
success rate (rot>6): 0.4944 (219/443)
best success rate: 0.5663
Terminations: Fall=54 | Drop=35 | Overspeed=170
Agent Steps: 0177M | FPS: 44035.2 | Last FPS: 44516.8 | Collect Time: 46.7 min | Train RL Time: 20.2 min | Current Best: 270.94
-----------------------
episode rewards: 270.13 | episode lengths: 218.50
episode rot angle(rad): 9.90
epsode sparse reward: 0.00
success rate (rot>6): 0.4499 (202/449)
best success rate: 0.5682
Terminations: Fall=66 | Drop=28 | Overspeed=195
Agent Steps: 0186M | FPS: 44059.0 | Last FPS: 43781.7 | Collect Time: 49.3 min | Train RL Time: 21.3 min | Current Best: 271.92
-----------------------
episode rewards: 274.27 | episode lengths: 220.94
episode rot angle(rad): 10.03
epsode sparse reward: 0.00
success rate (rot>6): 0.4867 (183/376)
best success rate: 0.5684
Terminations: Fall=45 | Drop=23 | Overspeed=157
Agent Steps: 0196M | FPS: 44083.9 | Last FPS: 43929.1 | Collect Time: 51.8 min | Train RL Time: 22.4 min | Current Best: 274.52
-----------------------
episode rewards: 281.70 | episode lengths: 226.41
episode rot angle(rad): 10.24
epsode sparse reward: 0.00
success rate (rot>6): 0.5441 (216/397)
best success rate: 0.5837
Terminations: Fall=46 | Drop=19 | Overspeed=148
Agent Steps: 0206M | FPS: 44114.1 | Last FPS: 45319.0 | Collect Time: 54.3 min | Train RL Time: 23.6 min | Current Best: 281.55
-----------------------
episode rewards: 289.11 | episode lengths: 231.72
episode rot angle(rad): 10.49
epsode sparse reward: 0.00
success rate (rot>6): 0.5582 (211/378)
best success rate: 0.5995
Terminations: Fall=43 | Drop=20 | Overspeed=139
Agent Steps: 0216M | FPS: 44140.9 | Last FPS: 44544.8 | Collect Time: 56.9 min | Train RL Time: 24.7 min | Current Best: 289.54
-----------------------
episode rewards: 287.30 | episode lengths: 229.56
episode rot angle(rad): 10.48
epsode sparse reward: 0.00
success rate (rot>6): 0.5403 (255/472)
best success rate: 0.6025
Terminations: Fall=56 | Drop=25 | Overspeed=175
Agent Steps: 0226M | FPS: 44164.1 | Last FPS: 45033.9 | Collect Time: 59.4 min | Train RL Time: 25.8 min | Current Best: 289.90
-----------------------
episode rewards: 287.07 | episode lengths: 228.97
episode rot angle(rad): 10.58
epsode sparse reward: 0.00
success rate (rot>6): 0.5393 (247/458)
best success rate: 0.6025
Terminations: Fall=50 | Drop=21 | Overspeed=179
Agent Steps: 0236M | FPS: 44189.1 | Last FPS: 44470.0 | Collect Time: 61.9 min | Train RL Time: 26.9 min | Current Best: 289.90
-----------------------
episode rewards: 288.39 | episode lengths: 229.79
episode rot angle(rad): 10.57
epsode sparse reward: 0.00
success rate (rot>6): 0.5572 (229/411)
best success rate: 0.6025
Terminations: Fall=55 | Drop=14 | Overspeed=142
Agent Steps: 0245M | FPS: 44210.0 | Last FPS: 45077.1 | Collect Time: 64.5 min | Train RL Time: 28.0 min | Current Best: 289.90
max steps achieved
Final best reward: 289.90
Final success rate: 0.6172
Final mean rotation angle (rad): 10.6057

OPTUNA_METRICS: reward=289.9009 success_rate=0.6172 mean_rot_angle=10.6057


训练指标:
  Best Reward:         289.9009
  Success Rate:        0.6172
  Mean Rot Angle(rad): 10.6057
  Composite Score:     1412.19
    = 1.0×289.90 + 100.0×0.6172 + 100.0×10.6057

================================================================================
[Optuna Trial 37] 训练完成
================================================================================

                                                                                           [I 2025-11-28 02:26:43,508] Trial 37 finished with value: 1412.1909 and parameters: {'learning_rate': 0.0008001660691103567, 'weight_decay': 1.5714996596668226e-05, 'gamma': 0.985, 'tau': 0.9, 'e_clip': 0.2, 'entropy_coef': 0.007354943455841083, 'critic_coef': 2.0, 'kl_threshold': 0.06361504689867777, 'mini_epochs': 10, 'minibatch_size': 32768, 'grad_norm': 1.0, 'angvelClipMin': -0.2598151949564161, 'angvelClipMax': 0.8034678106684227, 'angvelPenaltyThresHigh': 0.547926652816453, 'angvelPenaltyThresLow': -0.5716602732904005, 'rotate_reward_scale': 2.3661240676340656, 'obj_linvel_penalty_scale': -0.05031219857904937, 'torque_penalty_scale': -0.011813496447907365, 'hand_pose_consistency_penalty_scale': -0.057644180185462336, 'rotate_penalty_scale': -0.06566432738684908, 'pencil_z_dist_penalty_scale': -1.9582813732243063, 'position_penalty_scale': -0.1933795626410028}. Best is trial 22 with value: 2127.2165.
Best trial: 22. Best value: 2127.22:  92%|█████████▎| 37/40 [55:08:21<4:40:33, 5611.13s/it]Best trial: 22. Best value: 2127.22:  92%|█████████▎| 37/40 [55:08:21<4:40:33, 5611.13s/it]Best trial: 22. Best value: 2127.22:  95%|█████████▌| 38/40 [55:08:21<3:07:33, 5626.95s/it]
================================================================================
[Optuna Trial 38] 开始训练
================================================================================
试验参数:
  learning_rate                  = 0.0001853426571378831
  weight_decay                   = 2.537782917546044e-05
  gamma                          = 0.985
  tau                            = 0.9
  e_clip                         = 0.2
  entropy_coef                   = 0.003679942974541577
  critic_coef                    = 2.0
  kl_threshold                   = 0.06049997203515882
  mini_epochs                    = 9
  minibatch_size                 = 16384
  grad_norm                      = 1.0
  angvelClipMin                  = -0.38254372372638945
  angvelClipMax                  = 0.8748785984119289
  angvelPenaltyThresHigh         = 0.686701061192417
  angvelPenaltyThresLow          = -0.580463264539277
  rotate_reward_scale            = 2.260326224476883
  obj_linvel_penalty_scale       = -0.05960017565408877
  torque_penalty_scale           = -0.018626488834561628
  hand_pose_consistency_penalty_scale = -0.053536864065307686
  rotate_penalty_scale           = -0.08326893159401211
  pencil_z_dist_penalty_scale    = -1.9271336586123147
  position_penalty_scale         = -0.24624042153443082
输出目录: outputs/teacher_reproduce_trial_03/optuna_trial_0038
================================================================================


特权信息 (Privileged Information) 维度配置:
================================================================================
名称                             索引范围            维度       状态
--------------------------------------------------------------------------------
obj_position                   [ 0: 3]         3        [固定]
obj_scale                      [ 3: 4]         1        [固定]
obj_mass                       [ 4: 5]         1        [固定]
obj_friction                   [ 5: 6]         1        [固定]
obj_com                        [ 6: 9]         3        [固定]
--------------------------------------------------------------------------------
obj_orientation                [ 9:13]         4        ✓
obj_angvel                     [13:16]         3        ✓
fingertip_position             [16:31]         15       ✓
obj_restitution                [31:32]         1        ✓
tactile                        [32:47]         15       ✓
--------------------------------------------------------------------------------
总计: 10 项启用, 实际维度 = 47, 缓冲区大小 = 47
================================================================================

RunningMeanStd:  (126,)
RunningMeanStd:  47
RunningMeanStd:  3
RunningMeanStd:  (1,)
-----------------------
episode rewards: 37.59 | episode lengths: 37.59
episode rot angle(rad): 1.54
epsode sparse reward: 0.00
success rate (rot>6): 0.0000 (0/2387)
best success rate: 0.0000
Terminations: Fall=548 | Drop=1375 | Overspeed=463
Agent Steps: 0009M | FPS: 44485.2 | Last FPS: 44011.0 | Collect Time: 2.6 min | Train RL Time: 1.1 min | Current Best: -10000.00
-----------------------
episode rewards: 71.71 | episode lengths: 64.47
episode rot angle(rad): 2.85
epsode sparse reward: 0.00
success rate (rot>6): 0.0000 (0/1440)
best success rate: 0.0000
Terminations: Fall=242 | Drop=890 | Overspeed=308
Agent Steps: 0019M | FPS: 44633.6 | Last FPS: 44729.3 | Collect Time: 5.2 min | Train RL Time: 2.1 min | Current Best: -10000.00
-----------------------
episode rewards: 90.77 | episode lengths: 76.25
episode rot angle(rad): 3.42
epsode sparse reward: 0.00
success rate (rot>6): 0.0000 (0/1291)
best success rate: 0.0000
Terminations: Fall=186 | Drop=863 | Overspeed=242
Agent Steps: 0029M | FPS: 44796.5 | Last FPS: 45976.3 | Collect Time: 7.8 min | Train RL Time: 3.2 min | Current Best: -10000.00
-----------------------
episode rewards: 98.92 | episode lengths: 79.61
episode rot angle(rad): 3.61
epsode sparse reward: 0.00
success rate (rot>6): 0.0000 (0/1314)
best success rate: 0.0000
Terminations: Fall=146 | Drop=946 | Overspeed=222
Agent Steps: 0039M | FPS: 44951.3 | Last FPS: 46585.2 | Collect Time: 10.3 min | Train RL Time: 4.3 min | Current Best: -10000.00
-----------------------
episode rewards: 106.57 | episode lengths: 86.08
episode rot angle(rad): 3.79
epsode sparse reward: 0.00
success rate (rot>6): 0.0000 (0/1131)
best success rate: 0.0000
Terminations: Fall=177 | Drop=757 | Overspeed=197
Agent Steps: 0049M | FPS: 45051.4 | Last FPS: 45117.2 | Collect Time: 12.9 min | Train RL Time: 5.3 min | Current Best: -10000.00
-----------------------
episode rewards: 112.28 | episode lengths: 88.90
episode rot angle(rad): 3.92
epsode sparse reward: 0.00
success rate (rot>6): 0.0000 (0/1114)
best success rate: 0.0000
Terminations: Fall=201 | Drop=759 | Overspeed=154
Agent Steps: 0059M | FPS: 45087.3 | Last FPS: 45686.7 | Collect Time: 15.4 min | Train RL Time: 6.4 min | Current Best: 112.56
-----------------------
episode rewards: 115.67 | episode lengths: 90.64
episode rot angle(rad): 3.99
epsode sparse reward: 0.00
success rate (rot>6): 0.0000 (0/1108)
best success rate: 0.0000
Terminations: Fall=161 | Drop=772 | Overspeed=175
Agent Steps: 0068M | FPS: 45078.9 | Last FPS: 44820.4 | Collect Time: 18.0 min | Train RL Time: 7.5 min | Current Best: 115.95
-----------------------
episode rewards: 121.80 | episode lengths: 95.36
episode rot angle(rad): 4.26
epsode sparse reward: 0.00
success rate (rot>6): 0.0000 (0/1066)
best success rate: 0.0000
Terminations: Fall=162 | Drop=729 | Overspeed=175
Agent Steps: 0078M | FPS: 45057.8 | Last FPS: 44398.8 | Collect Time: 20.5 min | Train RL Time: 8.5 min | Current Best: 122.28
-----------------------
episode rewards: 124.93 | episode lengths: 97.27
episode rot angle(rad): 4.34
epsode sparse reward: 0.00
success rate (rot>6): 0.0000 (0/1079)
best success rate: 0.0010
Terminations: Fall=182 | Drop=731 | Overspeed=166
Agent Steps: 0088M | FPS: 45048.9 | Last FPS: 44812.7 | Collect Time: 23.1 min | Train RL Time: 9.6 min | Current Best: 125.37
-----------------------
episode rewards: 129.10 | episode lengths: 100.78
episode rot angle(rad): 4.43
epsode sparse reward: 0.00
success rate (rot>6): 0.0000 (0/978)
best success rate: 0.0033
Terminations: Fall=171 | Drop=676 | Overspeed=131
Agent Steps: 0098M | FPS: 45044.2 | Last FPS: 44874.4 | Collect Time: 25.7 min | Train RL Time: 10.7 min | Current Best: 129.06
-----------------------
episode rewards: 132.87 | episode lengths: 103.32
episode rot angle(rad): 4.58
epsode sparse reward: 0.00
success rate (rot>6): 0.0080 (7/872)
best success rate: 0.0129
Terminations: Fall=142 | Drop=606 | Overspeed=124
Agent Steps: 0108M | FPS: 45022.4 | Last FPS: 44931.4 | Collect Time: 28.3 min | Train RL Time: 11.7 min | Current Best: 133.22
-----------------------
episode rewards: 134.54 | episode lengths: 106.28
episode rot angle(rad): 4.58
epsode sparse reward: 0.00
success rate (rot>6): 0.0191 (17/888)
best success rate: 0.0191
Terminations: Fall=131 | Drop=636 | Overspeed=117
Agent Steps: 0118M | FPS: 44995.8 | Last FPS: 45360.1 | Collect Time: 30.9 min | Train RL Time: 12.8 min | Current Best: 134.45
-----------------------
episode rewards: 137.54 | episode lengths: 109.08
episode rot angle(rad): 4.72
epsode sparse reward: 0.00
success rate (rot>6): 0.0205 (18/876)
best success rate: 0.0283
Terminations: Fall=133 | Drop=639 | Overspeed=103
Agent Steps: 0127M | FPS: 44967.0 | Last FPS: 44253.7 | Collect Time: 33.5 min | Train RL Time: 13.9 min | Current Best: 138.39
-----------------------
episode rewards: 144.71 | episode lengths: 113.11
episode rot angle(rad): 4.88
epsode sparse reward: 0.00
success rate (rot>6): 0.0599 (47/785)
best success rate: 0.0632
Terminations: Fall=149 | Drop=488 | Overspeed=124
Agent Steps: 0137M | FPS: 44950.0 | Last FPS: 45999.5 | Collect Time: 36.0 min | Train RL Time: 14.9 min | Current Best: 144.55
-----------------------
episode rewards: 164.98 | episode lengths: 129.62
episode rot angle(rad): 5.61
epsode sparse reward: 0.00
success rate (rot>6): 0.1337 (96/718)
best success rate: 0.1503
Terminations: Fall=119 | Drop=452 | Overspeed=105
Agent Steps: 0147M | FPS: 44964.2 | Last FPS: 44782.8 | Collect Time: 38.6 min | Train RL Time: 16.0 min | Current Best: 164.65
-----------------------
episode rewards: 184.98 | episode lengths: 147.52
episode rot angle(rad): 6.43
epsode sparse reward: 0.00
success rate (rot>6): 0.2165 (147/679)
best success rate: 0.2264
Terminations: Fall=129 | Drop=356 | Overspeed=124
Agent Steps: 0157M | FPS: 45004.9 | Last FPS: 45340.3 | Collect Time: 41.1 min | Train RL Time: 17.1 min | Current Best: 185.06
-----------------------
episode rewards: 200.48 | episode lengths: 159.65
episode rot angle(rad): 6.99
epsode sparse reward: 0.00
success rate (rot>6): 0.2410 (140/581)
best success rate: 0.3129
Terminations: Fall=87 | Drop=321 | Overspeed=97
Agent Steps: 0167M | FPS: 45047.5 | Last FPS: 45428.3 | Collect Time: 43.6 min | Train RL Time: 18.1 min | Current Best: 200.59
-----------------------
episode rewards: 212.73 | episode lengths: 170.24
episode rot angle(rad): 7.50
epsode sparse reward: 0.00
success rate (rot>6): 0.2680 (145/541)
best success rate: 0.3269
Terminations: Fall=85 | Drop=267 | Overspeed=108
Agent Steps: 0177M | FPS: 45098.7 | Last FPS: 46712.5 | Collect Time: 46.1 min | Train RL Time: 19.2 min | Current Best: 212.89
-----------------------
episode rewards: 221.12 | episode lengths: 175.12
episode rot angle(rad): 7.92
epsode sparse reward: 0.00
success rate (rot>6): 0.2934 (169/576)
best success rate: 0.3565
Terminations: Fall=100 | Drop=283 | Overspeed=95
Agent Steps: 0186M | FPS: 45148.9 | Last FPS: 46329.2 | Collect Time: 48.6 min | Train RL Time: 20.2 min | Current Best: 221.47
-----------------------
episode rewards: 236.25 | episode lengths: 182.44
episode rot angle(rad): 8.64
epsode sparse reward: 0.00
success rate (rot>6): 0.3527 (176/499)
best success rate: 0.4041
Terminations: Fall=94 | Drop=177 | Overspeed=99
Agent Steps: 0196M | FPS: 45196.8 | Last FPS: 46372.4 | Collect Time: 51.1 min | Train RL Time: 21.3 min | Current Best: 236.04
-----------------------
episode rewards: 263.47 | episode lengths: 201.99
episode rot angle(rad): 9.95
epsode sparse reward: 0.00
success rate (rot>6): 0.4739 (245/517)
best success rate: 0.4969
Terminations: Fall=93 | Drop=151 | Overspeed=111
Agent Steps: 0206M | FPS: 45243.4 | Last FPS: 44951.5 | Collect Time: 53.5 min | Train RL Time: 22.4 min | Current Best: 263.03
-----------------------
episode rewards: 293.20 | episode lengths: 221.26
episode rot angle(rad): 11.47
epsode sparse reward: 0.00
success rate (rot>6): 0.5631 (223/396)
best success rate: 0.5957
Terminations: Fall=80 | Drop=75 | Overspeed=82
Agent Steps: 0216M | FPS: 45294.9 | Last FPS: 47177.2 | Collect Time: 56.0 min | Train RL Time: 23.4 min | Current Best: 292.69
-----------------------
episode rewards: 316.40 | episode lengths: 235.60
episode rot angle(rad): 12.65
epsode sparse reward: 0.00
success rate (rot>6): 0.5636 (248/440)
best success rate: 0.6161
Terminations: Fall=99 | Drop=50 | Overspeed=97
Agent Steps: 0226M | FPS: 45349.3 | Last FPS: 47318.3 | Collect Time: 58.4 min | Train RL Time: 24.5 min | Current Best: 316.34
-----------------------
episode rewards: 330.57 | episode lengths: 244.32
episode rot angle(rad): 13.23
epsode sparse reward: 0.00
success rate (rot>6): 0.6107 (262/429)
best success rate: 0.6827
Terminations: Fall=79 | Drop=47 | Overspeed=94
Agent Steps: 0236M | FPS: 45406.6 | Last FPS: 46321.7 | Collect Time: 60.9 min | Train RL Time: 25.6 min | Current Best: 330.38
-----------------------
episode rewards: 337.93 | episode lengths: 248.98
episode rot angle(rad): 13.51
epsode sparse reward: 0.00
success rate (rot>6): 0.6053 (230/380)
best success rate: 0.6827
Terminations: Fall=73 | Drop=34 | Overspeed=90
Agent Steps: 0245M | FPS: 45462.9 | Last FPS: 47412.2 | Collect Time: 63.3 min | Train RL Time: 26.6 min | Current Best: 337.85
max steps achieved
Final best reward: 338.67
Final success rate: 0.6827
Final mean rotation angle (rad): 13.4789

OPTUNA_METRICS: reward=338.6749 success_rate=0.6827 mean_rot_angle=13.4789


训练指标:
  Best Reward:         338.6749
  Success Rate:        0.6827
  Mean Rot Angle(rad): 13.4789
  Composite Score:     1754.83
    = 1.0×338.67 + 100.0×0.6827 + 100.0×13.4789

================================================================================
[Optuna Trial 38] 训练完成
================================================================================

                                                                                           [I 2025-11-28 03:58:29,313] Trial 38 finished with value: 1754.8348999999998 and parameters: {'learning_rate': 0.0001853426571378831, 'weight_decay': 2.537782917546044e-05, 'gamma': 0.985, 'tau': 0.9, 'e_clip': 0.2, 'entropy_coef': 0.003679942974541577, 'critic_coef': 2.0, 'kl_threshold': 0.06049997203515882, 'mini_epochs': 9, 'minibatch_size': 16384, 'grad_norm': 1.0, 'angvelClipMin': -0.38254372372638945, 'angvelClipMax': 0.8748785984119289, 'angvelPenaltyThresHigh': 0.686701061192417, 'angvelPenaltyThresLow': -0.580463264539277, 'rotate_reward_scale': 2.260326224476883, 'obj_linvel_penalty_scale': -0.05960017565408877, 'torque_penalty_scale': -0.018626488834561628, 'hand_pose_consistency_penalty_scale': -0.053536864065307686, 'rotate_penalty_scale': -0.08326893159401211, 'pencil_z_dist_penalty_scale': -1.9271336586123147, 'position_penalty_scale': -0.24624042153443082}. Best is trial 22 with value: 2127.2165.
Best trial: 22. Best value: 2127.22:  95%|█████████▌| 38/40 [56:40:07<3:07:33, 5626.95s/it]Best trial: 22. Best value: 2127.22:  95%|█████████▌| 38/40 [56:40:07<3:07:33, 5626.95s/it]Best trial: 22. Best value: 2127.22:  98%|█████████▊| 39/40 [56:40:07<1:33:10, 5590.61s/it]
================================================================================
[Optuna Trial 39] 开始训练
================================================================================
试验参数:
  learning_rate                  = 0.0005879595561617039
  weight_decay                   = 4.864859530988351e-05
  gamma                          = 0.985
  tau                            = 0.9
  e_clip                         = 0.2
  entropy_coef                   = 0.00591501809383018
  critic_coef                    = 2.0
  kl_threshold                   = 0.07660991122166659
  mini_epochs                    = 10
  minibatch_size                 = 32768
  grad_norm                      = 1.0
  angvelClipMin                  = -0.31513662318812424
  angvelClipMax                  = 0.8250268830661907
  angvelPenaltyThresHigh         = 0.7435704084655582
  angvelPenaltyThresLow          = -0.6026616615564678
  rotate_reward_scale            = 2.416800769273782
  obj_linvel_penalty_scale       = -0.085462637275985
  torque_penalty_scale           = -0.015971354964951702
  hand_pose_consistency_penalty_scale = -0.044028454703305166
  rotate_penalty_scale           = -0.07120956901084363
  pencil_z_dist_penalty_scale    = -1.8588985874942763
  position_penalty_scale         = -0.21418219847428582
输出目录: outputs/teacher_reproduce_trial_03/optuna_trial_0039
================================================================================


特权信息 (Privileged Information) 维度配置:
================================================================================
名称                             索引范围            维度       状态
--------------------------------------------------------------------------------
obj_position                   [ 0: 3]         3        [固定]
obj_scale                      [ 3: 4]         1        [固定]
obj_mass                       [ 4: 5]         1        [固定]
obj_friction                   [ 5: 6]         1        [固定]
obj_com                        [ 6: 9]         3        [固定]
--------------------------------------------------------------------------------
obj_orientation                [ 9:13]         4        ✓
obj_angvel                     [13:16]         3        ✓
fingertip_position             [16:31]         15       ✓
obj_restitution                [31:32]         1        ✓
tactile                        [32:47]         15       ✓
--------------------------------------------------------------------------------
总计: 10 项启用, 实际维度 = 47, 缓冲区大小 = 47
================================================================================

RunningMeanStd:  (126,)
RunningMeanStd:  47
RunningMeanStd:  3
RunningMeanStd:  (1,)
-----------------------
episode rewards: 49.53 | episode lengths: 47.50
episode rot angle(rad): 1.83
epsode sparse reward: 0.00
success rate (rot>6): 0.0000 (0/1767)
best success rate: 0.0000
Terminations: Fall=392 | Drop=1049 | Overspeed=326
Agent Steps: 0009M | FPS: 44185.9 | Last FPS: 43524.3 | Collect Time: 2.6 min | Train RL Time: 1.1 min | Current Best: -10000.00
-----------------------
episode rewards: 87.51 | episode lengths: 74.56
episode rot angle(rad): 3.13
epsode sparse reward: 0.00
success rate (rot>6): 0.0000 (0/1284)
best success rate: 0.0000
Terminations: Fall=252 | Drop=829 | Overspeed=203
Agent Steps: 0019M | FPS: 44319.0 | Last FPS: 45530.5 | Collect Time: 5.2 min | Train RL Time: 2.2 min | Current Best: -10000.00
-----------------------
episode rewards: 109.87 | episode lengths: 89.34
episode rot angle(rad): 3.73
epsode sparse reward: 0.00
success rate (rot>6): 0.0000 (0/1108)
best success rate: 0.0000
Terminations: Fall=155 | Drop=802 | Overspeed=151
Agent Steps: 0029M | FPS: 44435.9 | Last FPS: 44729.1 | Collect Time: 7.7 min | Train RL Time: 3.4 min | Current Best: -10000.00
-----------------------
episode rewards: 133.89 | episode lengths: 109.12
episode rot angle(rad): 4.40
epsode sparse reward: 0.00
success rate (rot>6): 0.0332 (27/814)
best success rate: 0.0370
Terminations: Fall=172 | Drop=497 | Overspeed=132
Agent Steps: 0039M | FPS: 44494.7 | Last FPS: 44732.9 | Collect Time: 10.3 min | Train RL Time: 4.5 min | Current Best: -10000.00
-----------------------
episode rewards: 182.22 | episode lengths: 157.39
episode rot angle(rad): 6.27
epsode sparse reward: 0.00
success rate (rot>6): 0.3047 (174/571)
best success rate: 0.3058
Terminations: Fall=120 | Drop=200 | Overspeed=144
Agent Steps: 0049M | FPS: 44466.2 | Last FPS: 44482.4 | Collect Time: 12.8 min | Train RL Time: 5.6 min | Current Best: -10000.00
-----------------------
episode rewards: 265.49 | episode lengths: 211.77
episode rot angle(rad): 9.78
epsode sparse reward: 0.00
success rate (rot>6): 0.5330 (210/394)
best success rate: 0.5651
Terminations: Fall=81 | Drop=58 | Overspeed=82
Agent Steps: 0059M | FPS: 44528.7 | Last FPS: 44711.9 | Collect Time: 15.3 min | Train RL Time: 6.7 min | Current Best: 264.68
-----------------------
episode rewards: 310.35 | episode lengths: 238.71
episode rot angle(rad): 11.57
epsode sparse reward: 0.00
success rate (rot>6): 0.5827 (236/405)
best success rate: 0.6364
Terminations: Fall=74 | Drop=34 | Overspeed=92
Agent Steps: 0068M | FPS: 44583.3 | Last FPS: 45100.1 | Collect Time: 17.9 min | Train RL Time: 7.9 min | Current Best: 310.19
-----------------------
episode rewards: 338.79 | episode lengths: 250.91
episode rot angle(rad): 12.76
epsode sparse reward: 0.00
success rate (rot>6): 0.6216 (253/407)
best success rate: 0.6748
Terminations: Fall=72 | Drop=37 | Overspeed=88
Agent Steps: 0078M | FPS: 44675.7 | Last FPS: 45945.0 | Collect Time: 20.3 min | Train RL Time: 9.0 min | Current Best: 338.55
-----------------------
episode rewards: 358.73 | episode lengths: 259.53
episode rot angle(rad): 13.59
epsode sparse reward: 0.00
success rate (rot>6): 0.6490 (257/396)
best success rate: 0.7467
Terminations: Fall=71 | Drop=35 | Overspeed=73
Agent Steps: 0088M | FPS: 44763.8 | Last FPS: 45803.8 | Collect Time: 22.8 min | Train RL Time: 10.1 min | Current Best: 358.40
-----------------------
episode rewards: 364.24 | episode lengths: 259.46
episode rot angle(rad): 13.88
epsode sparse reward: 0.00
success rate (rot>6): 0.6773 (254/375)
best success rate: 0.7467
Terminations: Fall=54 | Drop=43 | Overspeed=67
Agent Steps: 0098M | FPS: 44831.2 | Last FPS: 45418.6 | Collect Time: 25.3 min | Train RL Time: 11.2 min | Current Best: 365.41
-----------------------
episode rewards: 368.41 | episode lengths: 259.34
episode rot angle(rad): 14.11
epsode sparse reward: 0.00
success rate (rot>6): 0.6443 (250/388)
best success rate: 0.7467
Terminations: Fall=73 | Drop=32 | Overspeed=74
Agent Steps: 0108M | FPS: 44882.0 | Last FPS: 44926.8 | Collect Time: 27.8 min | Train RL Time: 12.3 min | Current Best: 368.78
-----------------------
episode rewards: 369.41 | episode lengths: 258.29
episode rot angle(rad): 14.10
epsode sparse reward: 0.00
success rate (rot>6): 0.6508 (259/398)
best success rate: 0.7467
Terminations: Fall=74 | Drop=26 | Overspeed=68
Agent Steps: 0118M | FPS: 44924.4 | Last FPS: 45310.4 | Collect Time: 30.3 min | Train RL Time: 13.5 min | Current Best: 370.36
-----------------------
episode rewards: 377.17 | episode lengths: 262.23
episode rot angle(rad): 14.35
epsode sparse reward: 0.00
success rate (rot>6): 0.6332 (233/368)
best success rate: 0.7467
Terminations: Fall=58 | Drop=23 | Overspeed=82
Agent Steps: 0127M | FPS: 44940.9 | Last FPS: 45295.8 | Collect Time: 32.8 min | Train RL Time: 14.6 min | Current Best: 377.29
-----------------------
episode rewards: 380.66 | episode lengths: 262.38
episode rot angle(rad): 14.51
epsode sparse reward: 0.00
success rate (rot>6): 0.6386 (235/368)
best success rate: 0.7467
Terminations: Fall=71 | Drop=21 | Overspeed=68
Agent Steps: 0137M | FPS: 44969.9 | Last FPS: 45235.7 | Collect Time: 35.2 min | Train RL Time: 15.7 min | Current Best: 383.15
-----------------------
episode rewards: 381.04 | episode lengths: 260.24
episode rot angle(rad): 14.57
epsode sparse reward: 0.00
success rate (rot>6): 0.6121 (213/348)
best success rate: 0.7467
Terminations: Fall=61 | Drop=20 | Overspeed=86
Agent Steps: 0147M | FPS: 45010.9 | Last FPS: 45262.5 | Collect Time: 37.7 min | Train RL Time: 16.8 min | Current Best: 383.61
-----------------------
episode rewards: 384.77 | episode lengths: 260.93
episode rot angle(rad): 14.92
epsode sparse reward: 0.00
success rate (rot>6): 0.6311 (219/347)
best success rate: 0.7467
Terminations: Fall=70 | Drop=28 | Overspeed=66
Agent Steps: 0157M | FPS: 45049.3 | Last FPS: 45445.0 | Collect Time: 40.2 min | Train RL Time: 17.9 min | Current Best: 384.95
-----------------------
episode rewards: 392.77 | episode lengths: 264.56
episode rot angle(rad): 15.23
epsode sparse reward: 0.00
success rate (rot>6): 0.7070 (263/372)
best success rate: 0.7467
Terminations: Fall=54 | Drop=21 | Overspeed=78
Agent Steps: 0167M | FPS: 45081.7 | Last FPS: 44850.7 | Collect Time: 42.6 min | Train RL Time: 19.1 min | Current Best: 392.41
-----------------------
episode rewards: 394.23 | episode lengths: 265.02
episode rot angle(rad): 15.32
epsode sparse reward: 0.00
success rate (rot>6): 0.6568 (243/370)
best success rate: 0.7467
Terminations: Fall=58 | Drop=25 | Overspeed=72
Agent Steps: 0177M | FPS: 45109.9 | Last FPS: 46159.4 | Collect Time: 45.1 min | Train RL Time: 20.2 min | Current Best: 396.46
-----------------------
episode rewards: 395.47 | episode lengths: 264.11
episode rot angle(rad): 15.45
epsode sparse reward: 0.00
success rate (rot>6): 0.6919 (256/370)
best success rate: 0.7467
Terminations: Fall=51 | Drop=17 | Overspeed=73
Agent Steps: 0186M | FPS: 45137.7 | Last FPS: 45154.9 | Collect Time: 47.6 min | Train RL Time: 21.3 min | Current Best: 396.46
-----------------------
episode rewards: 400.97 | episode lengths: 265.91
episode rot angle(rad): 15.73
epsode sparse reward: 0.00
success rate (rot>6): 0.6622 (249/376)
best success rate: 0.7467
Terminations: Fall=56 | Drop=26 | Overspeed=84
Agent Steps: 0196M | FPS: 45164.2 | Last FPS: 46187.4 | Collect Time: 50.0 min | Train RL Time: 22.4 min | Current Best: 401.10
-----------------------
episode rewards: 399.43 | episode lengths: 264.64
episode rot angle(rad): 15.73
epsode sparse reward: 0.00
success rate (rot>6): 0.6776 (269/397)
best success rate: 0.7467
Terminations: Fall=48 | Drop=23 | Overspeed=94
Agent Steps: 0206M | FPS: 45181.2 | Last FPS: 45938.1 | Collect Time: 52.5 min | Train RL Time: 23.6 min | Current Best: 402.77
-----------------------
episode rewards: 405.56 | episode lengths: 267.47
episode rot angle(rad): 16.08
epsode sparse reward: 0.00
success rate (rot>6): 0.7355 (267/363)
best success rate: 0.7467
Terminations: Fall=41 | Drop=18 | Overspeed=59
Agent Steps: 0216M | FPS: 45204.1 | Last FPS: 45203.7 | Collect Time: 55.0 min | Train RL Time: 24.7 min | Current Best: 404.74
-----------------------
episode rewards: 410.65 | episode lengths: 269.71
episode rot angle(rad): 16.27
epsode sparse reward: 0.00
success rate (rot>6): 0.6888 (228/331)
best success rate: 0.7467
Terminations: Fall=40 | Drop=18 | Overspeed=71
Agent Steps: 0226M | FPS: 45224.3 | Last FPS: 46270.8 | Collect Time: 57.4 min | Train RL Time: 25.8 min | Current Best: 411.45
-----------------------
episode rewards: 409.78 | episode lengths: 268.80
episode rot angle(rad): 16.12
epsode sparse reward: 0.00
success rate (rot>6): 0.7019 (259/369)
best success rate: 0.7467
Terminations: Fall=52 | Drop=23 | Overspeed=72
Agent Steps: 0236M | FPS: 45243.6 | Last FPS: 45873.7 | Collect Time: 59.9 min | Train RL Time: 26.9 min | Current Best: 411.45
-----------------------
episode rewards: 414.94 | episode lengths: 271.65
episode rot angle(rad): 16.32
epsode sparse reward: 0.00
success rate (rot>6): 0.6877 (262/381)
best success rate: 0.7467
Terminations: Fall=56 | Drop=16 | Overspeed=77
Agent Steps: 0245M | FPS: 45265.8 | Last FPS: 45206.6 | Collect Time: 62.3 min | Train RL Time: 28.0 min | Current Best: 414.72
max steps achieved
Final best reward: 415.99
Final success rate: 0.7467
Final mean rotation angle (rad): 16.4027

OPTUNA_METRICS: reward=415.9918 success_rate=0.7467 mean_rot_angle=16.4027


训练指标:
  Best Reward:         415.9918
  Success Rate:        0.7467
  Mean Rot Angle(rad): 16.4027
  Composite Score:     2130.93
    = 1.0×415.99 + 100.0×0.7467 + 100.0×16.4027

================================================================================
[Optuna Trial 39] 训练完成
================================================================================

                                                                                           [I 2025-11-28 05:30:41,136] Trial 39 finished with value: 2130.9318 and parameters: {'learning_rate': 0.0005879595561617039, 'weight_decay': 4.864859530988351e-05, 'gamma': 0.985, 'tau': 0.9, 'e_clip': 0.2, 'entropy_coef': 0.00591501809383018, 'critic_coef': 2.0, 'kl_threshold': 0.07660991122166659, 'mini_epochs': 10, 'minibatch_size': 32768, 'grad_norm': 1.0, 'angvelClipMin': -0.31513662318812424, 'angvelClipMax': 0.8250268830661907, 'angvelPenaltyThresHigh': 0.7435704084655582, 'angvelPenaltyThresLow': -0.6026616615564678, 'rotate_reward_scale': 2.416800769273782, 'obj_linvel_penalty_scale': -0.085462637275985, 'torque_penalty_scale': -0.015971354964951702, 'hand_pose_consistency_penalty_scale': -0.044028454703305166, 'rotate_penalty_scale': -0.07120956901084363, 'pencil_z_dist_penalty_scale': -1.8588985874942763, 'position_penalty_scale': -0.21418219847428582}. Best is trial 39 with value: 2130.9318.
Best trial: 22. Best value: 2127.22:  98%|█████████▊| 39/40 [58:12:19<1:33:10, 5590.61s/it]Best trial: 39. Best value: 2130.93:  98%|█████████▊| 39/40 [58:12:19<1:33:10, 5590.61s/it]Best trial: 39. Best value: 2130.93: 100%|██████████| 40/40 [58:12:19<00:00, 5572.97s/it]  Best trial: 39. Best value: 2130.93: 100%|██████████| 40/40 [58:12:19<00:00, 5238.48s/it]

================================================================================
优化完成！
================================================================================
完成的试验数:     40
成功完成的试验:   40
最佳综合评分:     2130.93
最佳试验编号:     39

最佳超参数:
--------------------------------------------------------------------------------
  learning_rate                  = 0.0005879595561617039
  weight_decay                   = 4.864859530988351e-05
  gamma                          = 0.985
  tau                            = 0.9
  e_clip                         = 0.2
  entropy_coef                   = 0.00591501809383018
  critic_coef                    = 2.0
  kl_threshold                   = 0.07660991122166659
  mini_epochs                    = 10
  minibatch_size                 = 32768
  grad_norm                      = 1.0
  angvelClipMin                  = -0.31513662318812424
  angvelClipMax                  = 0.8250268830661907
  angvelPenaltyThresHigh         = 0.7435704084655582
  angvelPenaltyThresLow          = -0.6026616615564678
  rotate_reward_scale            = 2.416800769273782
  obj_linvel_penalty_scale       = -0.085462637275985
  torque_penalty_scale           = -0.015971354964951702
  hand_pose_consistency_penalty_scale = -0.044028454703305166
  rotate_penalty_scale           = -0.07120956901084363
  pencil_z_dist_penalty_scale    = -1.8588985874942763
  position_penalty_scale         = -0.21418219847428582
================================================================================

最佳参数已保存到: optuna/best_params_teacher_reproduce_trial_03.txt
参数重要性图已保存到: optuna/param_importances_teacher_reproduce_trial_03.html
优化历史图已保存到: optuna/optimization_history_teacher_reproduce_trial_03.html
